-- mysqldump-php https://github.com/ifsnop/mysqldump-php
--
-- Host: localhost	Database: 22158_91902
-- ------------------------------------------------------
-- Server version 	8.0.45-0ubuntu0.22.04.1
-- Date: Mon, 27 Apr 2026 21:10:04 +0000

/*!40101 SET @OLD_CHARACTER_SET_CLIENT=@@CHARACTER_SET_CLIENT */;
/*!40101 SET @OLD_CHARACTER_SET_RESULTS=@@CHARACTER_SET_RESULTS */;
/*!40101 SET @OLD_COLLATION_CONNECTION=@@COLLATION_CONNECTION */;
/*!40101 SET NAMES utf8 */;
/*!40103 SET @OLD_TIME_ZONE=@@TIME_ZONE */;
/*!40103 SET TIME_ZONE='+00:00' */;
/*!40101 SET @OLD_AUTOCOMMIT=@@AUTOCOMMIT */;
/*!40014 SET @OLD_UNIQUE_CHECKS=@@UNIQUE_CHECKS, UNIQUE_CHECKS=0 */;
/*!40014 SET @OLD_FOREIGN_KEY_CHECKS=@@FOREIGN_KEY_CHECKS, FOREIGN_KEY_CHECKS=0 */;
/*!40101 SET @OLD_SQL_MODE=@@SQL_MODE, SQL_MODE='NO_AUTO_VALUE_ON_ZERO' */;
/*!40111 SET @OLD_SQL_NOTES=@@SQL_NOTES, SQL_NOTES=0 */;

--
-- Table structure for table `admins`
--

/*!40101 SET @saved_cs_client     = @@character_set_client */;
/*!40101 SET character_set_client = utf8 */;
CREATE TABLE `admins` (
  `id` int unsigned NOT NULL AUTO_INCREMENT,
  `user_id` int unsigned DEFAULT NULL,
  PRIMARY KEY (`id`),
  KEY `user_id` (`user_id`),
  CONSTRAINT `admins_ibfk_1` FOREIGN KEY (`user_id`) REFERENCES `users` (`id`)
) ENGINE=InnoDB AUTO_INCREMENT=2 DEFAULT CHARSET=utf8mb4 COLLATE=utf8mb4_unicode_ci;
/*!40101 SET character_set_client = @saved_cs_client */;

--
-- Dumping data for table `admins`
--

LOCK TABLES `admins` WRITE;
/*!40000 ALTER TABLE `admins` DISABLE KEYS */;
SET autocommit=0;
INSERT INTO `admins` VALUES (1,1);
/*!40000 ALTER TABLE `admins` ENABLE KEYS */;
UNLOCK TABLES;
COMMIT;

-- Dumped table `admins` with 1 row(s)
--

--
-- Table structure for table `posts`
--

/*!40101 SET @saved_cs_client     = @@character_set_client */;
/*!40101 SET character_set_client = utf8 */;
CREATE TABLE `posts` (
  `id` int unsigned NOT NULL AUTO_INCREMENT,
  `user_id` int unsigned DEFAULT NULL,
  `description` varchar(256) COLLATE utf8mb4_unicode_ci DEFAULT NULL,
  `time_issued` timestamp NULL DEFAULT CURRENT_TIMESTAMP,
  `parent_id` int unsigned DEFAULT NULL,
  PRIMARY KEY (`id`),
  KEY `user_id` (`user_id`),
  KEY `parent_id` (`parent_id`),
  CONSTRAINT `posts_ibfk_1` FOREIGN KEY (`user_id`) REFERENCES `users` (`id`) ON DELETE CASCADE,
  CONSTRAINT `posts_ibfk_2` FOREIGN KEY (`parent_id`) REFERENCES `posts` (`id`) ON DELETE CASCADE
) ENGINE=InnoDB AUTO_INCREMENT=421 DEFAULT CHARSET=utf8mb4 COLLATE=utf8mb4_unicode_ci;
/*!40101 SET character_set_client = @saved_cs_client */;

--
-- Dumping data for table `posts`
--

LOCK TABLES `posts` WRITE;
/*!40000 ALTER TABLE `posts` DISABLE KEYS */;
SET autocommit=0;
INSERT INTO `posts` VALUES (1,15,'this is post #1','2026-04-26 08:14:35',NULL),(2,9,'this is post #2','2026-04-26 08:14:35',NULL),(3,2,'this is post #3','2026-04-26 08:14:35',NULL),(4,1,'this is post #4','2026-04-26 08:14:35',NULL),(5,5,'this is post #5','2026-04-26 08:14:35',NULL),(6,16,'this is post #6','2026-04-26 08:14:35',NULL),(7,19,'this is post #7','2026-04-26 08:14:35',NULL),(8,3,'this is post #8','2026-04-26 08:14:35',NULL),(9,20,'this is post #9','2026-04-26 08:14:35',NULL),(10,14,'this is post #10','2026-04-26 08:14:35',NULL),(11,14,'this is post #11','2026-04-26 08:14:35',NULL),(12,20,'this is post #12','2026-04-26 08:14:35',NULL),(13,4,'this is post #13','2026-04-26 08:14:35',NULL),(14,9,'this is post #14','2026-04-26 08:14:35',NULL),(15,2,'this is post #15','2026-04-26 08:14:35',NULL),(16,8,'this is post #16','2026-04-26 08:14:35',NULL),(17,17,'this is post #17','2026-04-26 08:14:35',NULL),(18,9,'this is post #18','2026-04-26 08:14:35',NULL),(19,1,'this is post #19','2026-04-26 08:14:35',NULL),(20,12,'this is post #20','2026-04-26 08:14:35',NULL),(21,5,'this is SUBpost #1-1','2026-04-26 08:14:35',6),(22,13,'this is SUBpost #1-2','2026-04-26 08:14:35',20),(23,17,'this is SUBpost #1-3','2026-04-26 08:14:35',3),(24,15,'this is SUBpost #1-4','2026-04-26 08:14:35',2),(25,18,'this is SUBpost #1-5','2026-04-26 08:14:35',11),(26,5,'this is SUBpost #1-6','2026-04-26 08:14:35',17),(27,6,'this is SUBpost #1-7','2026-04-26 08:14:35',15),(28,20,'this is SUBpost #1-8','2026-04-26 08:14:35',18),(29,19,'this is SUBpost #1-9','2026-04-26 08:14:35',22),(30,2,'this is SUBpost #1-10','2026-04-26 08:14:35',8),(31,15,'this is SUBpost #1-11','2026-04-26 08:14:35',8),(32,16,'this is SUBpost #1-12','2026-04-26 08:14:35',25),(33,12,'this is SUBpost #1-13','2026-04-26 08:14:35',2),(34,7,'this is SUBpost #1-14','2026-04-26 08:14:35',2),(35,14,'this is SUBpost #1-15','2026-04-26 08:14:35',6),(36,10,'this is SUBpost #1-16','2026-04-26 08:14:35',19),(37,7,'this is SUBpost #1-17','2026-04-26 08:14:35',6),(38,20,'this is SUBpost #1-18','2026-04-26 08:14:35',16),(39,4,'this is SUBpost #1-19','2026-04-26 08:14:35',18),(40,18,'this is SUBpost #1-20','2026-04-26 08:14:35',16),(41,5,'this is SUBpost #2-1','2026-04-26 08:14:35',28),(42,3,'this is SUBpost #2-2','2026-04-26 08:14:35',39),(43,20,'this is SUBpost #2-3','2026-04-26 08:14:35',20),(44,4,'this is SUBpost #2-4','2026-04-26 08:14:35',26),(45,19,'this is SUBpost #2-5','2026-04-26 08:14:35',14),(46,11,'this is SUBpost #2-6','2026-04-26 08:14:35',40),(47,17,'this is SUBpost #2-7','2026-04-26 08:14:35',10),(48,12,'this is SUBpost #2-8','2026-04-26 08:14:35',22),(49,8,'this is SUBpost #2-9','2026-04-26 08:14:35',43),(50,3,'this is SUBpost #2-10','2026-04-26 08:14:35',45),(51,9,'this is SUBpost #2-11','2026-04-26 08:14:35',7),(52,3,'this is SUBpost #2-12','2026-04-26 08:14:35',46),(53,3,'this is SUBpost #2-13','2026-04-26 08:14:35',31),(54,9,'this is SUBpost #2-14','2026-04-26 08:14:35',8),(55,12,'this is SUBpost #2-15','2026-04-26 08:14:35',32),(56,15,'this is SUBpost #2-16','2026-04-26 08:14:35',40),(57,17,'this is SUBpost #2-17','2026-04-26 08:14:35',46),(58,1,'this is SUBpost #2-18','2026-04-26 08:14:35',48),(59,20,'this is SUBpost #2-19','2026-04-26 08:14:35',11),(60,12,'this is SUBpost #2-20','2026-04-26 08:14:35',1),(61,18,'this is SUBpost #3-1','2026-04-26 08:14:35',46),(62,8,'this is SUBpost #3-2','2026-04-26 08:14:35',34),(63,17,'this is SUBpost #3-3','2026-04-26 08:14:35',21),(64,6,'this is SUBpost #3-4','2026-04-26 08:14:35',43),(65,12,'this is SUBpost #3-5','2026-04-26 08:14:35',27),(66,1,'this is SUBpost #3-6','2026-04-26 08:14:35',65),(67,6,'this is SUBpost #3-7','2026-04-26 08:14:35',5),(68,1,'this is SUBpost #3-8','2026-04-26 08:14:35',12),(69,17,'this is SUBpost #3-9','2026-04-26 08:14:35',46),(70,13,'this is SUBpost #3-10','2026-04-26 08:14:35',11),(71,13,'this is SUBpost #3-11','2026-04-26 08:14:35',56),(72,7,'this is SUBpost #3-12','2026-04-26 08:14:35',2),(73,2,'this is SUBpost #3-13','2026-04-26 08:14:35',41),(74,4,'this is SUBpost #3-14','2026-04-26 08:14:35',46),(75,1,'this is SUBpost #3-15','2026-04-26 08:14:35',16),(76,1,'this is SUBpost #3-16','2026-04-26 08:14:35',62),(77,19,'this is SUBpost #3-17','2026-04-26 08:14:35',56),(78,9,'this is SUBpost #3-18','2026-04-26 08:14:35',25),(79,5,'this is SUBpost #3-19','2026-04-26 08:14:35',49),(80,19,'this is SUBpost #3-20','2026-04-26 08:14:35',72),(81,15,'this is SUBpost #4-1','2026-04-26 08:14:35',69),(82,9,'this is SUBpost #4-2','2026-04-26 08:14:35',47),(83,9,'this is SUBpost #4-3','2026-04-26 08:14:36',37),(84,1,'this is SUBpost #4-4','2026-04-26 08:14:36',70),(85,3,'this is SUBpost #4-5','2026-04-26 08:14:36',30),(86,11,'this is SUBpost #4-6','2026-04-26 08:14:36',16),(87,8,'this is SUBpost #4-7','2026-04-26 08:14:36',82),(88,2,'this is SUBpost #4-8','2026-04-26 08:14:36',10),(89,10,'this is SUBpost #4-9','2026-04-26 08:14:36',43),(90,19,'this is SUBpost #4-10','2026-04-26 08:14:36',11),(91,6,'this is SUBpost #4-11','2026-04-26 08:14:36',26),(92,14,'this is SUBpost #4-12','2026-04-26 08:14:36',34),(93,13,'this is SUBpost #4-13','2026-04-26 08:14:36',79),(94,3,'this is SUBpost #4-14','2026-04-26 08:14:36',62),(95,15,'this is SUBpost #4-15','2026-04-26 08:14:36',53),(96,9,'this is SUBpost #4-16','2026-04-26 08:14:36',24),(97,5,'this is SUBpost #4-17','2026-04-26 08:14:36',46),(98,3,'this is SUBpost #4-18','2026-04-26 08:14:36',53),(99,3,'this is SUBpost #4-19','2026-04-26 08:14:36',39),(100,7,'this is SUBpost #4-20','2026-04-26 08:14:36',93),(101,10,'this is SUBpost #5-1','2026-04-26 08:14:36',89),(102,2,'this is SUBpost #5-2','2026-04-26 08:14:36',9),(103,16,'this is SUBpost #5-3','2026-04-26 08:14:36',95),(104,11,'this is SUBpost #5-4','2026-04-26 08:14:36',93),(105,16,'this is SUBpost #5-5','2026-04-26 08:14:36',45),(106,1,'this is SUBpost #5-6','2026-04-26 08:14:36',63),(107,13,'this is SUBpost #5-7','2026-04-26 08:14:36',26),(108,14,'this is SUBpost #5-8','2026-04-26 08:14:36',53),(109,17,'this is SUBpost #5-9','2026-04-26 08:14:36',89),(110,12,'this is SUBpost #5-10','2026-04-26 08:14:36',83),(111,9,'this is SUBpost #5-11','2026-04-26 08:14:36',57),(112,9,'this is SUBpost #5-12','2026-04-26 08:14:36',106),(113,4,'this is SUBpost #5-13','2026-04-26 08:14:36',3),(114,8,'this is SUBpost #5-14','2026-04-26 08:14:36',82),(115,11,'this is SUBpost #5-15','2026-04-26 08:14:36',17),(116,8,'this is SUBpost #5-16','2026-04-26 08:14:36',71),(117,1,'this is SUBpost #5-17','2026-04-26 08:14:36',43),(118,18,'this is SUBpost #5-18','2026-04-26 08:14:36',63),(119,9,'this is SUBpost #5-19','2026-04-26 08:14:36',100),(120,2,'this is SUBpost #5-20','2026-04-26 08:14:36',37),(121,2,'this is SUBpost #6-1','2026-04-26 08:14:36',86),(122,1,'this is SUBpost #6-2','2026-04-26 08:14:36',50),(123,20,'this is SUBpost #6-3','2026-04-26 08:14:36',4),(124,14,'this is SUBpost #6-4','2026-04-26 08:14:36',57),(125,6,'this is SUBpost #6-5','2026-04-26 08:14:36',30),(126,3,'this is SUBpost #6-6','2026-04-26 08:14:36',30),(127,17,'this is SUBpost #6-7','2026-04-26 08:14:36',59),(128,16,'this is SUBpost #6-8','2026-04-26 08:14:36',61),(129,8,'this is SUBpost #6-9','2026-04-26 08:14:36',84),(130,5,'this is SUBpost #6-10','2026-04-26 08:14:36',53),(131,11,'this is SUBpost #6-11','2026-04-26 08:14:36',111),(132,13,'this is SUBpost #6-12','2026-04-26 08:14:36',99),(133,17,'this is SUBpost #6-13','2026-04-26 08:14:36',25),(134,20,'this is SUBpost #6-14','2026-04-26 08:14:36',133),(135,13,'this is SUBpost #6-15','2026-04-26 08:14:36',85),(136,2,'this is SUBpost #6-16','2026-04-26 08:14:36',96),(137,20,'this is SUBpost #6-17','2026-04-26 08:14:36',73),(138,11,'this is SUBpost #6-18','2026-04-26 08:14:36',11),(139,11,'this is SUBpost #6-19','2026-04-26 08:14:36',18),(140,6,'this is SUBpost #6-20','2026-04-26 08:14:36',83),(141,5,'this is SUBpost #7-1','2026-04-26 08:14:36',87),(142,20,'this is SUBpost #7-2','2026-04-26 08:14:36',7),(143,20,'this is SUBpost #7-3','2026-04-26 08:14:36',142),(144,1,'this is SUBpost #7-4','2026-04-26 08:14:36',126),(145,8,'this is SUBpost #7-5','2026-04-26 08:14:36',77),(146,2,'this is SUBpost #7-6','2026-04-26 08:14:36',81),(147,8,'this is SUBpost #7-7','2026-04-26 08:14:36',78),(148,17,'this is SUBpost #7-8','2026-04-26 08:14:36',67),(149,7,'this is SUBpost #7-9','2026-04-26 08:14:36',46),(150,5,'this is SUBpost #7-10','2026-04-26 08:14:36',7),(151,20,'this is SUBpost #7-11','2026-04-26 08:14:36',31),(152,8,'this is SUBpost #7-12','2026-04-26 08:14:36',129),(153,4,'this is SUBpost #7-13','2026-04-26 08:14:36',97),(154,5,'this is SUBpost #7-14','2026-04-26 08:14:36',46),(155,11,'this is SUBpost #7-15','2026-04-26 08:14:36',43),(156,13,'this is SUBpost #7-16','2026-04-26 08:14:36',10),(157,11,'this is SUBpost #7-17','2026-04-26 08:14:36',122),(158,19,'this is SUBpost #7-18','2026-04-26 08:14:36',136),(159,6,'this is SUBpost #7-19','2026-04-26 08:14:36',59),(160,8,'this is SUBpost #7-20','2026-04-26 08:14:36',36),(161,12,'this is SUBpost #8-1','2026-04-26 08:14:36',2),(162,8,'this is SUBpost #8-2','2026-04-26 08:14:36',114),(163,6,'this is SUBpost #8-3','2026-04-26 08:14:36',149),(164,10,'this is SUBpost #8-4','2026-04-26 08:14:36',92),(165,14,'this is SUBpost #8-5','2026-04-26 08:14:36',79),(166,16,'this is SUBpost #8-6','2026-04-26 08:14:36',93),(167,18,'this is SUBpost #8-7','2026-04-26 08:14:36',19),(168,16,'this is SUBpost #8-8','2026-04-26 08:14:36',2),(169,8,'this is SUBpost #8-9','2026-04-26 08:14:36',128),(170,11,'this is SUBpost #8-10','2026-04-26 08:14:36',73),(171,9,'this is SUBpost #8-11','2026-04-26 08:14:36',67),(172,5,'this is SUBpost #8-12','2026-04-26 08:14:36',94),(173,16,'this is SUBpost #8-13','2026-04-26 08:14:36',118),(174,4,'this is SUBpost #8-14','2026-04-26 08:14:36',17),(175,16,'this is SUBpost #8-15','2026-04-26 08:14:36',133),(176,4,'this is SUBpost #8-16','2026-04-26 08:14:36',65),(177,16,'this is SUBpost #8-17','2026-04-26 08:14:36',81),(178,11,'this is SUBpost #8-18','2026-04-26 08:14:36',93),(179,17,'this is SUBpost #8-19','2026-04-26 08:14:36',43),(180,1,'this is SUBpost #8-20','2026-04-26 08:14:36',74),(181,12,'this is SUBpost #9-1','2026-04-26 08:14:36',148),(182,1,'this is SUBpost #9-2','2026-04-26 08:14:36',21),(183,7,'this is SUBpost #9-3','2026-04-26 08:14:36',138),(184,4,'this is SUBpost #9-4','2026-04-26 08:14:36',166),(185,12,'this is SUBpost #9-5','2026-04-26 08:14:36',102),(186,5,'this is SUBpost #9-6','2026-04-26 08:14:36',145),(187,11,'this is SUBpost #9-7','2026-04-26 08:14:36',107),(188,4,'this is SUBpost #9-8','2026-04-26 08:14:36',38),(189,10,'this is SUBpost #9-9','2026-04-26 08:14:36',43),(190,1,'this is SUBpost #9-10','2026-04-26 08:14:36',87),(191,13,'this is SUBpost #9-11','2026-04-26 08:14:36',74),(192,16,'this is SUBpost #9-12','2026-04-26 08:14:36',78),(193,8,'this is SUBpost #9-13','2026-04-26 08:14:36',141),(194,10,'this is SUBpost #9-14','2026-04-26 08:14:36',91),(195,8,'this is SUBpost #9-15','2026-04-26 08:14:36',130),(196,15,'this is SUBpost #9-16','2026-04-26 08:14:36',12),(197,16,'this is SUBpost #9-17','2026-04-26 08:14:36',68),(198,12,'this is SUBpost #9-18','2026-04-26 08:14:36',95),(199,5,'this is SUBpost #9-19','2026-04-26 08:14:36',149),(200,16,'this is SUBpost #9-20','2026-04-26 08:14:36',91),(201,14,'this is SUBpost #10-1','2026-04-26 08:14:36',169),(202,2,'this is SUBpost #10-2','2026-04-26 08:14:36',8),(203,19,'this is SUBpost #10-3','2026-04-26 08:14:36',18),(204,7,'this is SUBpost #10-4','2026-04-26 08:14:36',201),(205,17,'this is SUBpost #10-5','2026-04-26 08:14:36',95),(206,1,'this is SUBpost #10-6','2026-04-26 08:14:36',135),(207,20,'this is SUBpost #10-7','2026-04-26 08:14:36',197),(208,19,'this is SUBpost #10-8','2026-04-26 08:14:36',146),(209,4,'this is SUBpost #10-9','2026-04-26 08:14:36',44),(210,13,'this is SUBpost #10-10','2026-04-26 08:14:36',179),(211,20,'this is SUBpost #10-11','2026-04-26 08:14:36',96),(212,14,'this is SUBpost #10-12','2026-04-26 08:14:36',97),(213,6,'this is SUBpost #10-13','2026-04-26 08:14:36',98),(214,6,'this is SUBpost #10-14','2026-04-26 08:14:36',207),(215,10,'this is SUBpost #10-15','2026-04-26 08:14:36',7),(216,4,'this is SUBpost #10-16','2026-04-26 08:14:36',139),(217,18,'this is SUBpost #10-17','2026-04-26 08:14:36',86),(218,16,'this is SUBpost #10-18','2026-04-26 08:14:36',194),(219,9,'this is SUBpost #10-19','2026-04-26 08:14:36',205),(220,1,'this is SUBpost #10-20','2026-04-26 08:14:36',154),(221,2,'this is SUBpost #11-1','2026-04-26 08:14:36',31),(222,15,'this is SUBpost #11-2','2026-04-26 08:14:36',113),(223,15,'this is SUBpost #11-3','2026-04-26 08:14:36',99),(224,20,'this is SUBpost #11-4','2026-04-26 08:14:36',215),(225,5,'this is SUBpost #11-5','2026-04-26 08:14:36',46),(226,4,'this is SUBpost #11-6','2026-04-26 08:14:36',18),(227,1,'this is SUBpost #11-7','2026-04-26 08:14:36',138),(228,5,'this is SUBpost #11-8','2026-04-26 08:14:36',174),(229,11,'this is SUBpost #11-9','2026-04-26 08:14:36',187),(230,13,'this is SUBpost #11-10','2026-04-26 08:14:36',48),(231,20,'this is SUBpost #11-11','2026-04-26 08:14:36',198),(232,2,'this is SUBpost #11-12','2026-04-26 08:14:36',1),(233,1,'this is SUBpost #11-13','2026-04-26 08:14:36',165),(234,9,'this is SUBpost #11-14','2026-04-26 08:14:36',64),(235,8,'this is SUBpost #11-15','2026-04-26 08:14:36',74),(236,14,'this is SUBpost #11-16','2026-04-26 08:14:36',135),(237,19,'this is SUBpost #11-17','2026-04-26 08:14:36',75),(238,3,'this is SUBpost #11-18','2026-04-26 08:14:36',217),(239,12,'this is SUBpost #11-19','2026-04-26 08:14:36',176),(240,12,'this is SUBpost #11-20','2026-04-26 08:14:36',137),(241,3,'this is SUBpost #12-1','2026-04-26 08:14:36',41),(242,8,'this is SUBpost #12-2','2026-04-26 08:14:36',58),(243,9,'this is SUBpost #12-3','2026-04-26 08:14:36',90),(244,11,'this is SUBpost #12-4','2026-04-26 08:14:36',129),(245,16,'this is SUBpost #12-5','2026-04-26 08:14:36',25),(246,8,'this is SUBpost #12-6','2026-04-26 08:14:36',88),(247,9,'this is SUBpost #12-7','2026-04-26 08:14:36',26),(248,18,'this is SUBpost #12-8','2026-04-26 08:14:36',171),(249,13,'this is SUBpost #12-9','2026-04-26 08:14:36',211),(250,12,'this is SUBpost #12-10','2026-04-26 08:14:36',177),(251,4,'this is SUBpost #12-11','2026-04-26 08:14:36',66),(252,16,'this is SUBpost #12-12','2026-04-26 08:14:36',155),(253,3,'this is SUBpost #12-13','2026-04-26 08:14:36',167),(254,6,'this is SUBpost #12-14','2026-04-26 08:14:36',108),(255,20,'this is SUBpost #12-15','2026-04-26 08:14:36',54),(256,2,'this is SUBpost #12-16','2026-04-26 08:14:36',141),(257,1,'this is SUBpost #12-17','2026-04-26 08:14:36',116),(258,17,'this is SUBpost #12-18','2026-04-26 08:14:36',65),(259,7,'this is SUBpost #12-19','2026-04-26 08:14:36',18),(260,3,'this is SUBpost #12-20','2026-04-26 08:14:36',250),(261,17,'this is SUBpost #13-1','2026-04-26 08:14:36',129),(262,18,'this is SUBpost #13-2','2026-04-26 08:14:36',138),(263,13,'this is SUBpost #13-3','2026-04-26 08:14:36',194),(264,15,'this is SUBpost #13-4','2026-04-26 08:14:36',22),(265,16,'this is SUBpost #13-5','2026-04-26 08:14:36',218),(266,10,'this is SUBpost #13-6','2026-04-26 08:14:36',216),(267,13,'this is SUBpost #13-7','2026-04-26 08:14:36',126),(268,9,'this is SUBpost #13-8','2026-04-26 08:14:36',232),(269,1,'this is SUBpost #13-9','2026-04-26 08:14:36',158),(270,11,'this is SUBpost #13-10','2026-04-26 08:14:36',115),(271,18,'this is SUBpost #13-11','2026-04-26 08:14:36',227),(272,10,'this is SUBpost #13-12','2026-04-26 08:14:36',228),(273,13,'this is SUBpost #13-13','2026-04-26 08:14:36',207),(274,15,'this is SUBpost #13-14','2026-04-26 08:14:36',215),(275,2,'this is SUBpost #13-15','2026-04-26 08:14:36',47),(276,4,'this is SUBpost #13-16','2026-04-26 08:14:36',114),(277,2,'this is SUBpost #13-17','2026-04-26 08:14:36',104),(278,17,'this is SUBpost #13-18','2026-04-26 08:14:36',163),(279,15,'this is SUBpost #13-19','2026-04-26 08:14:36',217),(280,15,'this is SUBpost #13-20','2026-04-26 08:14:36',67),(281,2,'this is SUBpost #14-1','2026-04-26 08:14:36',141),(282,11,'this is SUBpost #14-2','2026-04-26 08:14:36',265),(283,15,'this is SUBpost #14-3','2026-04-26 08:14:36',208),(284,8,'this is SUBpost #14-4','2026-04-26 08:14:36',78),(285,11,'this is SUBpost #14-5','2026-04-26 08:14:36',198),(286,19,'this is SUBpost #14-6','2026-04-26 08:14:36',235),(287,18,'this is SUBpost #14-7','2026-04-26 08:14:36',220),(288,8,'this is SUBpost #14-8','2026-04-26 08:14:36',47),(289,18,'this is SUBpost #14-9','2026-04-26 08:14:36',243),(290,6,'this is SUBpost #14-10','2026-04-26 08:14:36',76),(291,8,'this is SUBpost #14-11','2026-04-26 08:14:36',179),(292,2,'this is SUBpost #14-12','2026-04-26 08:14:36',113),(293,3,'this is SUBpost #14-13','2026-04-26 08:14:36',39),(294,8,'this is SUBpost #14-14','2026-04-26 08:14:36',260),(295,19,'this is SUBpost #14-15','2026-04-26 08:14:36',251),(296,19,'this is SUBpost #14-16','2026-04-26 08:14:36',280),(297,1,'this is SUBpost #14-17','2026-04-26 08:14:36',280),(298,17,'this is SUBpost #14-18','2026-04-26 08:14:36',233),(299,6,'this is SUBpost #14-19','2026-04-26 08:14:36',36),(300,7,'this is SUBpost #14-20','2026-04-26 08:14:36',248),(301,19,'this is SUBpost #15-1','2026-04-26 08:14:36',300),(302,2,'this is SUBpost #15-2','2026-04-26 08:14:36',166),(303,3,'this is SUBpost #15-3','2026-04-26 08:14:36',165),(304,19,'this is SUBpost #15-4','2026-04-26 08:14:36',204),(305,7,'this is SUBpost #15-5','2026-04-26 08:14:36',84),(306,15,'this is SUBpost #15-6','2026-04-26 08:14:36',182),(307,3,'this is SUBpost #15-7','2026-04-26 08:14:36',299),(308,19,'this is SUBpost #15-8','2026-04-26 08:14:36',225),(309,1,'this is SUBpost #15-9','2026-04-26 08:14:36',35),(310,2,'this is SUBpost #15-10','2026-04-26 08:14:36',68),(311,16,'this is SUBpost #15-11','2026-04-26 08:14:36',309),(312,2,'this is SUBpost #15-12','2026-04-26 08:14:36',139),(313,19,'this is SUBpost #15-13','2026-04-26 08:14:36',67),(314,4,'this is SUBpost #15-14','2026-04-26 08:14:36',193),(315,16,'this is SUBpost #15-15','2026-04-26 08:14:36',136),(316,6,'this is SUBpost #15-16','2026-04-26 08:14:36',98),(317,6,'this is SUBpost #15-17','2026-04-26 08:14:36',254),(318,4,'this is SUBpost #15-18','2026-04-26 08:14:36',21),(319,7,'this is SUBpost #15-19','2026-04-26 08:14:36',132),(320,20,'this is SUBpost #15-20','2026-04-26 08:14:36',67),(321,19,'this is SUBpost #16-1','2026-04-26 08:14:36',253),(322,9,'this is SUBpost #16-2','2026-04-26 08:14:36',302),(323,15,'this is SUBpost #16-3','2026-04-26 08:14:36',132),(324,2,'this is SUBpost #16-4','2026-04-26 08:14:36',227),(325,4,'this is SUBpost #16-5','2026-04-26 08:14:36',187),(326,15,'this is SUBpost #16-6','2026-04-26 08:14:36',296),(327,17,'this is SUBpost #16-7','2026-04-26 08:14:36',278),(328,15,'this is SUBpost #16-8','2026-04-26 08:14:36',258),(329,14,'this is SUBpost #16-9','2026-04-26 08:14:36',194),(330,15,'this is SUBpost #16-10','2026-04-26 08:14:36',193),(331,15,'this is SUBpost #16-11','2026-04-26 08:14:36',85),(332,20,'this is SUBpost #16-12','2026-04-26 08:14:36',329),(333,7,'this is SUBpost #16-13','2026-04-26 08:14:36',231),(334,13,'this is SUBpost #16-14','2026-04-26 08:14:36',152),(335,14,'this is SUBpost #16-15','2026-04-26 08:14:36',286),(336,2,'this is SUBpost #16-16','2026-04-26 08:14:36',140),(337,18,'this is SUBpost #16-17','2026-04-26 08:14:36',267),(338,14,'this is SUBpost #16-18','2026-04-26 08:14:36',55),(339,13,'this is SUBpost #16-19','2026-04-26 08:14:36',116),(340,1,'this is SUBpost #16-20','2026-04-26 08:14:36',197),(341,5,'this is SUBpost #17-1','2026-04-26 08:14:36',285),(342,9,'this is SUBpost #17-2','2026-04-26 08:14:36',336),(343,20,'this is SUBpost #17-3','2026-04-26 08:14:36',128),(344,15,'this is SUBpost #17-4','2026-04-26 08:14:36',302),(345,11,'this is SUBpost #17-5','2026-04-26 08:14:36',27),(346,20,'this is SUBpost #17-6','2026-04-26 08:14:36',220),(347,8,'this is SUBpost #17-7','2026-04-26 08:14:36',69),(348,2,'this is SUBpost #17-8','2026-04-26 08:14:36',72),(349,11,'this is SUBpost #17-9','2026-04-26 08:14:36',327),(350,18,'this is SUBpost #17-10','2026-04-26 08:14:36',192),(351,13,'this is SUBpost #17-11','2026-04-26 08:14:36',183),(352,4,'this is SUBpost #17-12','2026-04-26 08:14:36',50),(353,2,'this is SUBpost #17-13','2026-04-26 08:14:36',269),(354,9,'this is SUBpost #17-14','2026-04-26 08:14:36',102),(355,5,'this is SUBpost #17-15','2026-04-26 08:14:36',288),(356,5,'this is SUBpost #17-16','2026-04-26 08:14:36',289),(357,11,'this is SUBpost #17-17','2026-04-26 08:14:36',303),(358,12,'this is SUBpost #17-18','2026-04-26 08:14:36',66),(359,18,'this is SUBpost #17-19','2026-04-26 08:14:36',44),(360,3,'this is SUBpost #17-20','2026-04-26 08:14:36',285),(361,15,'this is SUBpost #18-1','2026-04-26 08:14:36',150),(362,12,'this is SUBpost #18-2','2026-04-26 08:14:36',131),(363,5,'this is SUBpost #18-3','2026-04-26 08:14:36',184),(364,10,'this is SUBpost #18-4','2026-04-26 08:14:36',9),(365,3,'this is SUBpost #18-5','2026-04-26 08:14:36',288),(366,1,'this is SUBpost #18-6','2026-04-26 08:14:36',348),(367,8,'this is SUBpost #18-7','2026-04-26 08:14:36',251),(368,13,'this is SUBpost #18-8','2026-04-26 08:14:36',197),(369,6,'this is SUBpost #18-9','2026-04-26 08:14:36',144),(370,3,'this is SUBpost #18-10','2026-04-26 08:14:36',154),(371,7,'this is SUBpost #18-11','2026-04-26 08:14:36',66),(372,12,'this is SUBpost #18-12','2026-04-26 08:14:36',242),(373,6,'this is SUBpost #18-13','2026-04-26 08:14:36',176),(374,11,'this is SUBpost #18-14','2026-04-26 08:14:36',73),(375,14,'this is SUBpost #18-15','2026-04-26 08:14:36',249),(376,4,'this is SUBpost #18-16','2026-04-26 08:14:36',227),(377,12,'this is SUBpost #18-17','2026-04-26 08:14:36',55),(378,9,'this is SUBpost #18-18','2026-04-26 08:14:36',196),(379,10,'this is SUBpost #18-19','2026-04-26 08:14:36',137),(380,3,'this is SUBpost #18-20','2026-04-26 08:14:36',167),(381,19,'this is SUBpost #19-1','2026-04-26 08:14:36',117),(382,11,'this is SUBpost #19-2','2026-04-26 08:14:36',280),(383,4,'this is SUBpost #19-3','2026-04-26 08:14:36',153),(384,3,'this is SUBpost #19-4','2026-04-26 08:14:36',94),(385,3,'this is SUBpost #19-5','2026-04-26 08:14:36',282),(386,18,'this is SUBpost #19-6','2026-04-26 08:14:36',11),(387,8,'this is SUBpost #19-7','2026-04-26 08:14:36',266),(388,17,'this is SUBpost #19-8','2026-04-26 08:14:36',156),(389,8,'this is SUBpost #19-9','2026-04-26 08:14:36',187),(390,19,'this is SUBpost #19-10','2026-04-26 08:14:36',232),(391,14,'this is SUBpost #19-11','2026-04-26 08:14:36',29),(392,5,'this is SUBpost #19-12','2026-04-26 08:14:36',97),(393,16,'this is SUBpost #19-13','2026-04-26 08:14:36',322),(394,19,'this is SUBpost #19-14','2026-04-26 08:14:36',52),(395,19,'this is SUBpost #19-15','2026-04-26 08:14:36',42),(396,4,'this is SUBpost #19-16','2026-04-26 08:14:36',99),(397,5,'this is SUBpost #19-17','2026-04-26 08:14:36',336),(398,20,'this is SUBpost #19-18','2026-04-26 08:14:36',216),(399,2,'this is SUBpost #19-19','2026-04-26 08:14:36',299),(400,9,'this is SUBpost #19-20','2026-04-26 08:14:36',238),(401,19,'this is SUBpost #20-1','2026-04-26 08:14:36',304),(402,18,'this is SUBpost #20-2','2026-04-26 08:14:36',274),(403,12,'this is SUBpost #20-3','2026-04-26 08:14:36',375),(404,14,'this is SUBpost #20-4','2026-04-26 08:14:36',141),(405,12,'this is SUBpost #20-5','2026-04-26 08:14:36',354),(406,5,'this is SUBpost #20-6','2026-04-26 08:14:36',127),(407,6,'this is SUBpost #20-7','2026-04-26 08:14:36',195),(408,14,'this is SUBpost #20-8','2026-04-26 08:14:36',49),(409,18,'this is SUBpost #20-9','2026-04-26 08:14:36',85),(410,12,'this is SUBpost #20-10','2026-04-26 08:14:36',189),(411,15,'this is SUBpost #20-11','2026-04-26 08:14:36',88),(412,19,'this is SUBpost #20-12','2026-04-26 08:14:36',353),(413,19,'this is SUBpost #20-13','2026-04-26 08:14:36',404),(414,17,'this is SUBpost #20-14','2026-04-26 08:14:36',394),(415,12,'this is SUBpost #20-15','2026-04-26 08:14:36',286),(416,14,'this is SUBpost #20-16','2026-04-26 08:14:36',5),(417,10,'this is SUBpost #20-17','2026-04-26 08:14:36',332),(418,4,'this is SUBpost #20-18','2026-04-26 08:14:36',261),(419,18,'this is SUBpost #20-19','2026-04-26 08:14:36',111),(420,1,'this is SUBpost #20-20','2026-04-26 08:14:36',130);
/*!40000 ALTER TABLE `posts` ENABLE KEYS */;
UNLOCK TABLES;
COMMIT;

-- Dumped table `posts` with 420 row(s)
--

--
-- Table structure for table `users`
--

/*!40101 SET @saved_cs_client     = @@character_set_client */;
/*!40101 SET character_set_client = utf8 */;
CREATE TABLE `users` (
  `id` int unsigned NOT NULL AUTO_INCREMENT,
  `note` varchar(128) COLLATE utf8mb4_unicode_ci DEFAULT NULL,
  `username` varchar(32) COLLATE utf8mb4_unicode_ci NOT NULL,
  `password` varchar(64) COLLATE utf8mb4_unicode_ci NOT NULL,
  `display` varchar(64) COLLATE utf8mb4_unicode_ci DEFAULT NULL,
  PRIMARY KEY (`id`),
  UNIQUE KEY `username` (`username`)
) ENGINE=InnoDB AUTO_INCREMENT=21 DEFAULT CHARSET=utf8mb4 COLLATE=utf8mb4_unicode_ci;
/*!40101 SET character_set_client = @saved_cs_client */;

--
-- Dumping data for table `users`
--

LOCK TABLES `users` WRITE;
/*!40000 ALTER TABLE `users` DISABLE KEYS */;
SET autocommit=0;
INSERT INTO `users` VALUES (1,NULL,'coolguy1','0b14d501a594442a01c6859541bcb3e8164d183d32937b851835442f69d5c94e','Matua Haimay'),(2,NULL,'coolguy2','6cf615d5bcaac778352a8f1f3360d23f02f34ec182e259897fd6ce485d7870d4',NULL),(3,NULL,'coolguy3','5906ac361a137e2d286465cd6588ebb5ac3f5ae955001100bc41577c3d751764',NULL),(4,NULL,'coolguy4','b97873a40f73abedd8d685a7cd5e5f85e4a9cfb83eac26886640a0813850122b',NULL),(5,NULL,'coolguy5','8b2c86ea9cf2ea4eb517fd1e06b74f399e7fec0fef92e3b482a6cf2e2b092023',NULL),(6,NULL,'coolguy6','598a1a400c1dfdf36974e69d7e1bc98593f2e15015eed8e9b7e47a83b31693d5',NULL),(7,NULL,'coolguy7','5860836e8f13fc9837539a597d4086bfc0299e54ad92148d54538b5c3feefb7c',NULL),(8,NULL,'coolguy8','57f3ebab63f156fd8f776ba645a55d96360a15eeffc8b0e4afe4c05fa88219aa',NULL),(9,NULL,'coolguy9','9323dd6786ebcbf3ac87357cc78ba1abfda6cf5e55cd01097b90d4a286cac90e',NULL),(10,NULL,'coolguy10','aa4a9ea03fcac15b5fc63c949ac34e7b0fd17906716ac3b8e58c599cdc5a52f0',NULL),(11,NULL,'coolguy11','53d453b0c08b6b38ae91515dc88d25fbecdd1d6001f022419629df844f8ba433',NULL),(12,NULL,'coolguy12','b3d17ebbe4f2b75d27b6309cfaae1487b667301a73951e7d523a039cd2dfe110',NULL),(13,NULL,'coolguy13','48caafb68583936afd0d78a7bfd7046d2492fad94f3c485915f74bb60128620d',NULL),(14,NULL,'coolguy14','c6863e1db9b396ed31a36988639513a1c73a065fab83681f4b77adb648fac3d6',NULL),(15,NULL,'coolguy15','c63c2d34ebe84032ad47b87af194fedd17dacf8222b2ea7f4ebfee3dd6db2dfb',NULL),(16,NULL,'coolguy16','17a3379984b560dc311bb921b7a46b28aa5cb495667382f887a44a7fdbca7a7a',NULL),(17,NULL,'coolguy17','69bfb918de05145fba9dcee9688dfb23f6115845885e48fa39945eebb99d8527',NULL),(18,NULL,'coolguy18','d2042d75a67922194c045da2600e1c92ff6d87e8fb6e0208606665f2d1dfa892',NULL),(19,NULL,'coolguy19','5790ac3d0b8ae8afc72c2c6fb97654f2b73651c328de0a3b74854ade562dd17a',NULL),(20,NULL,'coolguy20','7535d8f2d8c35d958995610f971287288ab5e8c82a3c4fdc2b6fb5d757a5b9f8',NULL);
/*!40000 ALTER TABLE `users` ENABLE KEYS */;
UNLOCK TABLES;
COMMIT;

-- Dumped table `users` with 20 row(s)
--

--
-- Table structure for table `votes`
--

/*!40101 SET @saved_cs_client     = @@character_set_client */;
/*!40101 SET character_set_client = utf8 */;
CREATE TABLE `votes` (
  `id` int unsigned NOT NULL AUTO_INCREMENT,
  `is_upvote` tinyint(1) DEFAULT '1',
  `user_id` int unsigned DEFAULT NULL,
  `post_id` int unsigned DEFAULT NULL,
  PRIMARY KEY (`id`),
  KEY `user_id` (`user_id`),
  KEY `post_id` (`post_id`),
  CONSTRAINT `votes_ibfk_1` FOREIGN KEY (`user_id`) REFERENCES `users` (`id`) ON DELETE CASCADE,
  CONSTRAINT `votes_ibfk_2` FOREIGN KEY (`post_id`) REFERENCES `posts` (`id`) ON DELETE CASCADE
) ENGINE=InnoDB AUTO_INCREMENT=8001 DEFAULT CHARSET=utf8mb4 COLLATE=utf8mb4_unicode_ci;
/*!40101 SET character_set_client = @saved_cs_client */;

--
-- Dumping data for table `votes`
--

LOCK TABLES `votes` WRITE;
/*!40000 ALTER TABLE `votes` DISABLE KEYS */;
SET autocommit=0;
INSERT INTO `votes` VALUES (1,0,9,268),(2,0,12,234),(3,1,1,19),(4,1,7,94),(5,0,9,179),(6,0,13,173),(7,1,11,9),(8,0,12,359),(9,1,19,290),(10,0,20,76),(11,0,7,126),(12,0,7,327),(13,0,10,151),(14,0,3,322),(15,1,10,184),(16,0,1,292),(17,1,17,382),(18,0,3,55),(19,1,4,138),(20,1,5,125),(21,1,18,241),(22,1,10,310),(23,0,5,23),(24,1,15,283),(25,0,10,357),(26,0,6,173),(27,1,11,334),(28,1,17,242),(29,1,5,63),(30,0,6,389),(31,1,12,398),(32,0,12,71),(33,1,8,267),(34,1,14,99),(35,0,5,387),(36,1,13,207),(37,1,3,93),(38,1,20,90),(39,0,12,399),(40,0,17,390),(41,1,4,248),(42,1,2,126),(43,1,18,12),(44,1,3,396),(45,1,1,107),(46,1,4,307),(47,1,16,372),(48,0,7,328),(49,1,12,322),(50,1,20,81),(51,0,15,90),(52,0,2,350),(53,0,1,131),(54,1,3,74),(55,0,3,417),(56,1,18,18),(57,0,16,379),(58,1,17,402),(59,1,6,101),(60,1,20,298),(61,1,18,273),(62,0,11,271),(63,0,2,137),(64,0,12,102),(65,0,11,193),(66,1,4,357),(67,1,19,354),(68,1,12,69),(69,1,9,124),(70,0,7,205),(71,0,2,359),(72,1,10,321),(73,1,16,367),(74,1,1,416),(75,1,13,367),(76,1,19,343),(77,0,20,300),(78,0,10,102),(79,1,1,131),(80,0,14,391),(81,1,19,264),(82,1,7,111),(83,1,9,403),(84,0,11,134),(85,1,2,81),(86,1,7,372),(87,1,13,395),(88,1,8,252),(89,1,10,78),(90,0,2,378),(91,1,10,254),(92,1,18,21),(93,0,17,30),(94,1,12,357),(95,1,20,7),(96,0,10,57),(97,1,5,207),(98,0,3,378),(99,0,8,104),(100,1,3,115),(101,0,1,186),(102,0,6,144),(103,1,4,171),(104,0,12,88),(105,0,17,217),(106,1,12,144),(107,0,10,166),(108,0,2,131),(109,0,8,410),(110,0,15,283),(111,0,11,181),(112,1,5,247),(113,1,11,45),(114,0,14,229),(115,1,1,97),(116,0,14,344),(117,0,1,4),(118,0,11,49),(119,0,4,210),(120,0,16,95),(121,1,11,408),(122,0,8,37),(123,1,8,105),(124,1,2,357),(125,1,2,50),(126,0,20,202),(127,0,16,149),(128,1,8,343),(129,0,11,360),(130,0,9,257),(131,1,17,79),(132,1,4,96),(133,1,20,339),(134,1,17,71),(135,1,15,125),(136,0,15,385),(137,0,17,213),(138,0,1,283),(139,1,10,403),(140,0,7,403),(141,0,8,375),(142,0,12,7),(143,0,12,163),(144,1,20,38),(145,0,2,212),(146,0,7,264),(147,0,15,321),(148,0,8,35),(149,1,16,15),(150,0,1,314),(151,1,4,165),(152,1,2,316),(153,1,1,31),(154,1,2,279),(155,1,12,396),(156,0,10,261),(157,1,20,205),(158,0,14,18),(159,0,7,36),(160,0,14,205),(161,1,18,308),(162,1,18,141),(163,1,2,416),(164,0,1,66),(165,0,18,348),(166,0,14,296),(167,0,4,417),(168,1,11,26),(169,1,14,121),(170,0,20,240),(171,1,3,409),(172,1,2,220),(173,0,7,134),(174,0,12,202),(175,0,5,366),(176,0,9,171),(177,0,8,229),(178,1,7,176),(179,0,18,258),(180,1,16,228),(181,1,12,162),(182,1,6,173),(183,0,18,303),(184,1,11,311),(185,1,20,345),(186,0,16,87),(187,0,4,329),(188,0,9,403),(189,0,10,242),(190,1,18,212),(191,0,4,402),(192,1,13,388),(193,1,13,363),(194,0,7,192),(195,1,13,266),(196,1,16,126),(197,0,3,131),(198,0,15,222),(199,1,13,352),(200,1,18,84),(201,0,4,113),(202,1,15,344),(203,0,14,122),(204,0,3,77),(205,1,9,17),(206,1,12,60),(207,1,2,368),(208,1,2,196),(209,1,9,371),(210,1,2,109),(211,0,6,151),(212,1,14,253),(213,1,9,244),(214,1,6,61),(215,0,16,290),(216,1,7,84),(217,1,2,43),(218,1,12,130),(219,1,20,119),(220,0,16,110),(221,1,3,113),(222,1,12,220),(223,1,2,240),(224,0,15,132),(225,1,2,222),(226,1,18,153),(227,0,20,361),(228,0,3,135),(229,0,8,132),(230,0,7,57),(231,1,17,358),(232,1,7,358),(233,0,12,62),(234,1,8,79),(235,0,7,158),(236,0,13,205),(237,0,19,272),(238,1,13,406),(239,0,14,91),(240,0,6,85),(241,1,9,114),(242,0,19,224),(243,1,18,331),(244,0,16,415),(245,0,16,200),(246,0,1,399),(247,1,13,58),(248,1,14,49),(249,0,18,184),(250,0,1,288),(251,0,18,284),(252,0,14,315),(253,1,17,174),(254,1,16,335),(255,1,16,228),(256,0,7,111),(257,0,11,271),(258,0,18,214),(259,0,7,233),(260,1,12,101),(261,0,3,386),(262,1,19,178),(263,1,9,398),(264,1,20,5),(265,0,8,65),(266,0,11,295),(267,1,20,172),(268,1,5,302),(269,1,1,120),(270,1,11,88),(271,1,14,354),(272,0,5,3),(273,1,13,112),(274,1,16,372),(275,0,1,413),(276,0,19,270),(277,1,17,263),(278,0,5,232),(279,0,17,186),(280,0,9,322),(281,0,8,137),(282,1,16,114),(283,0,4,154),(284,1,14,67),(285,0,9,40),(286,0,16,189),(287,1,9,1),(288,0,5,192),(289,0,11,309),(290,1,14,347),(291,0,13,167),(292,1,3,81),(293,1,17,195),(294,1,10,96),(295,0,4,184),(296,0,18,390),(297,0,12,338),(298,0,4,109),(299,0,12,305),(300,1,11,203),(301,0,4,49),(302,0,16,157),(303,0,15,296),(304,0,8,399),(305,0,2,124),(306,1,13,182),(307,0,15,270),(308,0,10,191),(309,0,16,281),(310,0,6,380),(311,1,15,262),(312,0,20,371),(313,0,11,185),(314,0,13,263),(315,1,14,263),(316,0,19,132),(317,0,20,212),(318,0,5,354),(319,1,9,203),(320,0,10,124),(321,1,13,272),(322,0,17,348),(323,0,10,305),(324,0,3,59),(325,0,15,355),(326,1,9,108),(327,1,4,135),(328,1,1,1),(329,0,15,367),(330,1,15,378),(331,0,4,174),(332,0,11,182),(333,1,13,61),(334,1,8,18),(335,1,19,34),(336,1,9,229),(337,1,16,401),(338,0,15,392),(339,0,16,138),(340,1,4,308),(341,0,4,292),(342,0,17,372),(343,1,5,90),(344,0,16,399),(345,0,3,178),(346,0,17,314),(347,1,14,278),(348,1,14,363),(349,1,7,92),(350,1,6,165),(351,0,14,106),(352,1,13,334),(353,1,19,111),(354,1,7,378),(355,1,18,15),(356,1,3,187),(357,1,1,56),(358,1,9,352),(359,1,7,32),(360,1,10,128),(361,1,2,259),(362,1,11,126),(363,0,5,310),(364,1,18,211),(365,1,4,142),(366,0,11,313),(367,0,10,400),(368,1,3,251),(369,1,7,242),(370,0,13,67),(371,1,4,51),(372,0,1,137),(373,0,3,81),(374,1,10,262),(375,1,4,356),(376,0,3,365),(377,0,19,38),(378,1,11,312),(379,1,16,110),(380,0,15,32),(381,1,11,362),(382,1,17,117),(383,1,11,314),(384,0,8,278),(385,0,16,201),(386,0,19,312),(387,0,4,13),(388,0,20,63),(389,1,18,295),(390,1,16,151),(391,0,20,345),(392,0,9,217),(393,1,17,126),(394,1,17,399),(395,0,17,50),(396,1,2,374),(397,0,20,281),(398,0,16,329),(399,1,3,186),(400,0,8,342),(401,1,18,336),(402,0,11,296),(403,1,1,138),(404,1,18,109),(405,1,13,260),(406,0,14,416),(407,0,4,16),(408,1,15,122),(409,1,9,330),(410,1,3,324),(411,0,7,118),(412,0,2,243),(413,1,6,217),(414,0,14,25),(415,0,16,81),(416,0,11,128),(417,0,17,40),(418,0,15,131),(419,1,16,18),(420,1,19,415),(421,1,12,4),(422,1,17,294),(423,0,2,133),(424,0,11,364),(425,1,13,313),(426,1,9,405),(427,0,8,19),(428,1,10,403),(429,0,7,130),(430,0,6,226),(431,0,11,8),(432,0,11,75),(433,1,20,272),(434,1,19,6),(435,1,13,402),(436,0,14,71),(437,0,3,206),(438,0,17,246),(439,0,14,171),(440,0,12,346),(441,1,15,233),(442,1,14,261),(443,0,4,149),(444,1,3,262),(445,0,3,46),(446,1,5,217),(447,1,14,328),(448,0,19,337),(449,0,20,165),(450,1,11,24),(451,1,6,394),(452,0,7,121),(453,1,11,347),(454,1,2,112),(455,1,4,321),(456,1,10,32),(457,0,9,206),(458,1,2,368),(459,1,12,123),(460,1,3,15),(461,0,19,30),(462,1,19,416),(463,0,8,69),(464,0,9,409),(465,0,7,242),(466,0,18,234),(467,1,18,279),(468,0,4,274),(469,1,12,107),(470,0,5,315),(471,0,18,190),(472,1,15,70),(473,0,9,197),(474,1,19,352),(475,0,20,293),(476,1,18,254),(477,1,15,102),(478,0,1,277),(479,1,20,78),(480,1,9,326),(481,1,19,171),(482,1,15,35),(483,1,2,294),(484,1,1,217),(485,1,18,344),(486,0,5,188),(487,1,7,189),(488,1,2,278),(489,0,1,345),(490,0,13,201),(491,1,8,168),(492,1,12,358),(493,1,7,71),(494,1,10,227),(495,1,16,169),(496,1,12,386),(497,1,3,348),(498,1,4,419),(499,0,7,388),(500,0,3,420),(501,0,17,166),(502,1,11,192),(503,1,11,188),(504,0,6,110),(505,1,4,178),(506,0,6,275),(507,1,16,393),(508,1,3,129),(509,0,10,176),(510,1,16,330),(511,1,16,122),(512,1,7,177),(513,0,19,285),(514,1,3,35),(515,0,9,75),(516,1,16,49),(517,0,17,394),(518,1,8,401),(519,1,19,283),(520,0,16,204),(521,1,16,255),(522,0,20,45),(523,1,4,115),(524,1,8,233),(525,0,1,401),(526,1,17,147),(527,0,16,279),(528,0,14,16),(529,0,5,412),(530,0,8,408),(531,0,9,115),(532,0,12,349),(533,1,14,107),(534,1,2,82),(535,1,13,147),(536,0,11,259),(537,1,4,244),(538,1,12,178),(539,1,13,367),(540,1,10,139),(541,1,18,159),(542,0,20,19),(543,1,4,317),(544,1,6,160),(545,0,13,288),(546,0,18,344),(547,1,4,329),(548,0,14,145),(549,1,19,290),(550,1,2,406),(551,1,18,205),(552,0,8,194),(553,1,10,62),(554,0,10,186),(555,0,8,138),(556,1,2,382),(557,1,11,386),(558,0,6,374),(559,1,19,155),(560,0,12,231),(561,0,7,255),(562,1,6,408),(563,1,15,379),(564,0,9,78),(565,0,19,202),(566,1,13,305),(567,0,20,189),(568,0,10,151),(569,1,10,273),(570,1,1,134),(571,0,6,226),(572,1,7,160),(573,0,4,417),(574,1,19,136),(575,0,15,402),(576,1,20,142),(577,1,1,67),(578,1,2,155),(579,1,19,399),(580,1,20,152),(581,0,17,406),(582,1,19,22),(583,0,11,293),(584,0,10,390),(585,0,9,47),(586,0,2,125),(587,0,9,180),(588,0,1,273),(589,1,9,33),(590,1,9,219),(591,1,1,246),(592,0,2,329),(593,1,15,176),(594,1,9,368),(595,1,12,122),(596,0,2,33),(597,1,7,355),(598,0,19,279),(599,0,13,64),(600,0,5,315),(601,0,20,121),(602,1,9,272),(603,0,17,73),(604,0,8,333),(605,0,17,123),(606,1,2,349),(607,1,18,34),(608,1,1,160),(609,0,1,420),(610,0,4,308),(611,0,14,329),(612,0,6,241),(613,1,11,146),(614,1,15,331),(615,1,10,358),(616,1,8,24),(617,0,18,200),(618,0,16,386),(619,0,17,310),(620,1,10,169),(621,0,12,212),(622,0,14,161),(623,1,14,330),(624,1,4,35),(625,1,17,361),(626,0,16,351),(627,0,20,400),(628,1,18,347),(629,1,7,371),(630,1,10,130),(631,1,8,76),(632,1,15,105),(633,1,11,261),(634,1,6,234),(635,0,15,114),(636,1,5,258),(637,1,12,362),(638,0,12,230),(639,0,18,162),(640,0,17,92),(641,0,20,222),(642,0,16,392),(643,0,12,355),(644,0,15,26),(645,1,19,416),(646,1,5,186),(647,1,3,303),(648,0,3,409),(649,1,9,111),(650,1,3,401),(651,0,20,260),(652,1,13,82),(653,0,8,55),(654,1,3,152),(655,0,20,87),(656,1,16,264),(657,0,20,250),(658,1,6,371),(659,0,10,58),(660,0,16,280),(661,0,9,214),(662,1,20,237),(663,1,17,149),(664,0,13,311),(665,1,8,207),(666,1,10,111),(667,1,19,69),(668,1,4,301),(669,1,15,252),(670,1,8,336),(671,1,14,83),(672,1,1,163),(673,1,9,131),(674,1,12,159),(675,1,1,230),(676,1,1,21),(677,0,9,151),(678,0,2,136),(679,1,19,342),(680,0,8,240),(681,1,11,240),(682,0,2,113),(683,0,16,370),(684,0,20,25),(685,1,16,274),(686,0,9,343),(687,0,16,187),(688,0,17,310),(689,0,17,222),(690,0,12,240),(691,1,18,76),(692,1,11,211),(693,1,3,209),(694,0,19,188),(695,0,8,170),(696,1,13,69),(697,1,12,393),(698,1,20,340),(699,1,1,321),(700,1,16,87),(701,0,15,153),(702,1,4,291),(703,0,10,26),(704,0,15,138),(705,1,15,126),(706,1,10,283),(707,1,15,190),(708,1,3,250),(709,0,4,76),(710,1,16,144),(711,1,19,234),(712,1,14,375),(713,0,3,183),(714,0,14,271),(715,0,1,24),(716,1,5,1),(717,0,12,228),(718,0,15,88),(719,1,14,30),(720,1,20,288),(721,1,11,289),(722,1,8,15),(723,0,17,370),(724,0,5,258),(725,0,20,362),(726,1,6,298),(727,0,14,31),(728,1,1,91),(729,1,9,399),(730,0,14,13),(731,0,12,34),(732,0,13,124),(733,1,17,36),(734,1,10,72),(735,1,6,176),(736,1,20,20),(737,0,8,61),(738,1,20,6),(739,0,3,41),(740,1,19,153),(741,0,4,135),(742,1,6,45),(743,0,20,408),(744,1,5,131),(745,0,11,195),(746,0,3,418),(747,0,10,186),(748,0,11,232),(749,0,7,113),(750,1,13,146),(751,0,20,352),(752,1,20,126),(753,0,5,233),(754,1,14,407),(755,1,5,393),(756,1,11,379),(757,1,2,10),(758,0,5,101),(759,0,15,314),(760,1,18,329),(761,1,11,119),(762,0,13,237),(763,1,14,272),(764,0,17,320),(765,0,16,215),(766,0,10,357),(767,1,4,30),(768,1,17,168),(769,0,11,173),(770,1,19,297),(771,0,10,388),(772,0,5,25),(773,0,13,216),(774,1,4,245),(775,1,18,209),(776,0,1,358),(777,0,20,117),(778,0,5,236),(779,1,14,409),(780,1,6,382),(781,1,15,48),(782,0,8,138),(783,1,11,232),(784,0,1,67),(785,1,16,396),(786,1,17,156),(787,1,14,99),(788,0,3,372),(789,0,20,213),(790,1,6,191),(791,1,4,359),(792,0,7,176),(793,0,8,82),(794,1,7,163),(795,1,3,407),(796,1,5,260),(797,0,19,248),(798,0,2,201),(799,1,10,69),(800,1,2,280),(801,1,15,284),(802,1,10,257),(803,0,14,327),(804,0,2,413),(805,0,19,418),(806,0,13,223),(807,1,19,25),(808,1,6,127),(809,1,4,5),(810,0,6,40),(811,1,1,369),(812,1,19,181),(813,1,12,236),(814,1,10,39),(815,1,12,54),(816,0,13,155),(817,0,9,187),(818,0,11,74),(819,1,19,76),(820,0,7,303),(821,0,4,285),(822,0,3,162),(823,0,11,113),(824,0,8,230),(825,1,14,258),(826,0,19,14),(827,1,7,300),(828,1,1,63),(829,0,2,341),(830,1,1,348),(831,1,4,26),(832,0,6,332),(833,0,14,182),(834,0,19,191),(835,0,9,91),(836,1,5,233),(837,1,20,27),(838,0,7,49),(839,0,1,65),(840,1,4,186),(841,1,6,151),(842,1,10,297),(843,0,13,214),(844,0,4,106),(845,0,2,233),(846,1,2,323),(847,1,14,72),(848,1,5,75),(849,1,12,239),(850,1,4,75),(851,1,9,266),(852,1,12,51),(853,0,9,66),(854,0,20,393),(855,1,18,51),(856,1,15,33),(857,0,20,259),(858,1,3,26),(859,1,2,211),(860,0,19,261),(861,1,10,393),(862,1,19,201),(863,0,2,259),(864,1,16,219),(865,1,17,233),(866,1,9,82),(867,0,12,119),(868,0,11,207),(869,0,15,289),(870,0,4,58),(871,1,8,342),(872,0,18,245),(873,0,11,342),(874,1,16,402),(875,1,18,335),(876,0,18,250),(877,0,8,101),(878,1,12,159),(879,0,17,414),(880,0,2,1),(881,1,5,69),(882,1,16,177),(883,0,14,286),(884,1,9,143),(885,0,17,71),(886,1,19,281),(887,0,17,262),(888,1,14,381),(889,0,16,11),(890,1,19,262),(891,1,12,384),(892,0,10,331),(893,1,10,387),(894,0,12,210),(895,0,1,294),(896,0,2,261),(897,0,12,232),(898,1,17,306),(899,0,20,230),(900,0,9,163),(901,1,7,302),(902,1,12,372),(903,0,8,332),(904,1,9,283),(905,0,17,63),(906,1,16,283),(907,1,13,236),(908,1,2,238),(909,0,15,369),(910,1,2,386),(911,1,11,226),(912,1,17,262),(913,1,15,214),(914,1,19,12),(915,1,10,94),(916,1,19,397),(917,0,19,402),(918,1,7,174),(919,1,8,338),(920,0,1,33),(921,1,1,305),(922,1,4,373),(923,1,18,97),(924,0,6,4),(925,1,2,104),(926,0,5,406),(927,0,18,139),(928,1,2,417),(929,0,15,261),(930,1,16,357),(931,1,7,277),(932,1,16,210),(933,1,17,128),(934,1,7,131),(935,0,9,366),(936,1,10,112),(937,0,11,332),(938,1,4,274),(939,1,11,181),(940,0,13,43),(941,1,3,131),(942,0,10,240),(943,1,3,10),(944,0,19,10),(945,0,9,257),(946,1,1,59),(947,0,10,83),(948,1,18,303),(949,1,10,353),(950,0,2,131),(951,0,9,347),(952,0,11,217),(953,0,19,232),(954,1,19,336),(955,0,13,414),(956,1,15,224),(957,0,8,146),(958,1,3,124),(959,0,16,347),(960,0,14,394),(961,0,19,390),(962,1,12,64),(963,1,4,420),(964,0,15,177),(965,0,3,418),(966,0,7,32),(967,0,10,237),(968,0,11,104),(969,0,15,79),(970,0,17,317),(971,0,11,63),(972,0,6,234),(973,0,13,324),(974,1,18,406),(975,0,13,339),(976,1,6,244),(977,0,13,284),(978,0,2,180),(979,1,18,16),(980,1,6,80),(981,0,4,101),(982,1,9,321),(983,1,8,160),(984,0,4,64),(985,0,10,331),(986,1,19,417),(987,1,8,92),(988,0,14,98),(989,0,8,26),(990,0,18,194),(991,0,16,142),(992,0,12,411),(993,1,3,70),(994,0,17,8),(995,1,16,278),(996,1,17,84),(997,0,2,294),(998,1,4,169),(999,1,9,97),(1000,0,13,173),(1001,0,14,100),(1002,1,19,247),(1003,0,2,400),(1004,1,10,346),(1005,0,12,251),(1006,0,3,295),(1007,1,6,105),(1008,1,2,286),(1009,0,16,58),(1010,1,20,103),(1011,1,9,261),(1012,0,6,217),(1013,1,3,69),(1014,1,2,238),(1015,1,4,92),(1016,1,15,219),(1017,1,19,77),(1018,0,19,160),(1019,1,14,357),(1020,1,7,183),(1021,1,16,387),(1022,1,20,371),(1023,0,20,324),(1024,0,12,174),(1025,0,3,232),(1026,1,19,190),(1027,1,15,220),(1028,1,12,280),(1029,0,1,209),(1030,1,8,384),(1031,0,1,300),(1032,0,1,298),(1033,0,4,49),(1034,0,10,322),(1035,1,16,320),(1036,1,14,249),(1037,1,1,231),(1038,0,18,375),(1039,0,11,189),(1040,1,14,22),(1041,1,10,385),(1042,1,11,57),(1043,1,10,166),(1044,1,16,80),(1045,0,6,118),(1046,1,12,17),(1047,0,13,62),(1048,0,13,188),(1049,0,12,302),(1050,0,19,285),(1051,1,5,328),(1052,1,16,31),(1053,1,18,257),(1054,0,3,109),(1055,0,6,287),(1056,1,12,165),(1057,1,18,343),(1058,0,17,34),(1059,1,20,26),(1060,0,2,80),(1061,0,10,325),(1062,0,11,225),(1063,0,12,25),(1064,1,11,70),(1065,1,16,325),(1066,0,5,410),(1067,0,4,205),(1068,0,3,359),(1069,0,6,113),(1070,0,19,199),(1071,0,7,163),(1072,0,13,224),(1073,0,7,378),(1074,1,9,124),(1075,1,12,379),(1076,0,2,88),(1077,1,8,87),(1078,0,17,129),(1079,1,11,419),(1080,1,6,97),(1081,0,3,225),(1082,0,1,168),(1083,1,3,378),(1084,0,20,135),(1085,0,10,56),(1086,0,9,411),(1087,1,3,301),(1088,0,13,186),(1089,0,14,258),(1090,0,1,307),(1091,1,16,114),(1092,0,18,46),(1093,0,7,283),(1094,1,19,125),(1095,0,6,325),(1096,1,17,82),(1097,1,8,82),(1098,0,18,50),(1099,1,2,342),(1100,0,2,243),(1101,0,18,105),(1102,0,6,310),(1103,1,13,241),(1104,0,7,270),(1105,1,18,104),(1106,1,9,406),(1107,1,15,124),(1108,1,9,27),(1109,0,9,12),(1110,0,2,121),(1111,0,13,400),(1112,1,15,222),(1113,0,16,76),(1114,0,14,402),(1115,0,11,57),(1116,1,4,325),(1117,0,20,235),(1118,1,14,19),(1119,1,1,34),(1120,0,6,145),(1121,1,13,70),(1122,0,11,420),(1123,0,10,276),(1124,1,2,146),(1125,1,20,349),(1126,1,14,76),(1127,0,19,127),(1128,0,20,99),(1129,1,8,387),(1130,0,7,14),(1131,0,15,92),(1132,1,17,127),(1133,0,13,406),(1134,1,8,163),(1135,0,2,353),(1136,1,10,283),(1137,1,9,78),(1138,0,9,388),(1139,1,10,175),(1140,1,16,260),(1141,0,15,243),(1142,0,20,18),(1143,0,3,382),(1144,0,6,198),(1145,0,9,307),(1146,0,19,109),(1147,1,6,22),(1148,0,20,364),(1149,0,20,362),(1150,1,13,156),(1151,1,11,224),(1152,0,3,289),(1153,0,1,200),(1154,1,13,373),(1155,0,6,385),(1156,1,17,198),(1157,1,3,300),(1158,0,19,248),(1159,1,3,30),(1160,1,10,284),(1161,0,9,359),(1162,1,13,219),(1163,0,14,263),(1164,0,2,20),(1165,1,6,293),(1166,1,20,192),(1167,1,5,157),(1168,1,7,169),(1169,0,17,136),(1170,1,17,371),(1171,1,7,338),(1172,1,15,193),(1173,1,15,319),(1174,0,17,122),(1175,1,3,324),(1176,1,8,153),(1177,0,11,77),(1178,0,6,99),(1179,0,13,381),(1180,0,18,285),(1181,1,1,133),(1182,0,4,255),(1183,1,14,358),(1184,1,8,120),(1185,1,6,374),(1186,1,2,164),(1187,0,20,58),(1188,1,4,338),(1189,1,6,25),(1190,0,11,95),(1191,0,6,402),(1192,0,18,382),(1193,0,18,324),(1194,1,7,347),(1195,0,4,120),(1196,0,14,144),(1197,0,17,214),(1198,0,19,298),(1199,0,8,72),(1200,0,13,22),(1201,0,13,318),(1202,1,1,287),(1203,1,15,172),(1204,0,20,338),(1205,0,16,110),(1206,0,9,247),(1207,1,10,94),(1208,1,1,270),(1209,1,8,158),(1210,0,18,74),(1211,1,5,350),(1212,1,19,259),(1213,0,12,357),(1214,0,3,407),(1215,0,7,152),(1216,0,1,103),(1217,0,2,10),(1218,1,10,48),(1219,0,18,374),(1220,0,16,209),(1221,1,18,385),(1222,1,13,35),(1223,0,1,183),(1224,1,3,118),(1225,0,1,216),(1226,0,12,68),(1227,1,10,114),(1228,0,8,374),(1229,1,2,326),(1230,0,12,165),(1231,1,19,42),(1232,1,1,79),(1233,0,14,64),(1234,0,15,8),(1235,0,10,39),(1236,1,9,314),(1237,0,16,343),(1238,1,15,364),(1239,0,13,107),(1240,0,2,311),(1241,0,13,416),(1242,0,11,268),(1243,0,14,7),(1244,1,7,10),(1245,0,17,102),(1246,1,14,206),(1247,0,6,198),(1248,1,12,16),(1249,1,6,123),(1250,0,7,45),(1251,0,9,311),(1252,0,14,398),(1253,0,19,261),(1254,1,9,162),(1255,1,20,359),(1256,1,9,151),(1257,1,10,387),(1258,1,5,352),(1259,0,9,343),(1260,1,20,383),(1261,1,5,95),(1262,0,19,124),(1263,1,18,16),(1264,1,16,20),(1265,0,12,363),(1266,1,15,100),(1267,0,7,218),(1268,1,15,174),(1269,0,17,283),(1270,0,10,59),(1271,1,1,57),(1272,1,17,333),(1273,1,20,182),(1274,0,14,285),(1275,1,1,386),(1276,1,20,147),(1277,0,9,45),(1278,1,15,247),(1279,0,20,86),(1280,0,2,264),(1281,0,19,156),(1282,1,2,344),(1283,1,8,144),(1284,1,6,218),(1285,0,5,211),(1286,1,3,229),(1287,0,7,110),(1288,0,6,150),(1289,0,10,259),(1290,1,2,52),(1291,0,14,192),(1292,0,19,261),(1293,1,20,114),(1294,1,20,216),(1295,0,3,104),(1296,0,12,419),(1297,1,20,47),(1298,1,15,337),(1299,1,13,197),(1300,0,19,399),(1301,1,12,71),(1302,0,5,94),(1303,1,15,9),(1304,0,2,254),(1305,1,13,286),(1306,1,1,321),(1307,1,13,402),(1308,1,7,219),(1309,0,14,276),(1310,0,9,232),(1311,1,14,305),(1312,0,8,335),(1313,0,12,94),(1314,0,4,400),(1315,0,20,412),(1316,1,20,334),(1317,1,9,116),(1318,0,12,69),(1319,0,11,115),(1320,0,6,38),(1321,0,9,248),(1322,1,6,341),(1323,1,14,87),(1324,1,6,97),(1325,1,5,50),(1326,1,15,97),(1327,1,6,15),(1328,0,3,150),(1329,1,18,222),(1330,1,14,167),(1331,1,12,231),(1332,1,13,83),(1333,1,5,419),(1334,0,16,113),(1335,1,12,75),(1336,0,10,323),(1337,1,11,137),(1338,1,19,303),(1339,0,11,72),(1340,1,5,414),(1341,1,18,317),(1342,1,8,326),(1343,1,6,264),(1344,1,17,131),(1345,0,15,246),(1346,0,7,13),(1347,1,6,150),(1348,0,19,346),(1349,0,10,298),(1350,0,14,203),(1351,1,5,299),(1352,0,15,22),(1353,0,8,251),(1354,1,10,49),(1355,0,13,191),(1356,0,14,395),(1357,1,18,235),(1358,1,9,364),(1359,1,5,262),(1360,1,16,155),(1361,1,12,296),(1362,0,16,69),(1363,0,17,140),(1364,0,17,279),(1365,1,13,374),(1366,1,7,157),(1367,0,9,141),(1368,0,10,90),(1369,1,11,108),(1370,0,8,7),(1371,0,14,238),(1372,1,8,236),(1373,0,2,313),(1374,0,16,420),(1375,0,12,76),(1376,1,9,242),(1377,1,7,125),(1378,1,16,335),(1379,0,6,31),(1380,0,14,22),(1381,1,15,379),(1382,0,4,328),(1383,1,19,103),(1384,1,11,416),(1385,0,17,396),(1386,0,5,137),(1387,1,4,73),(1388,1,10,130),(1389,1,8,192),(1390,0,11,148),(1391,1,8,60),(1392,1,16,170),(1393,0,5,146),(1394,1,2,37),(1395,1,18,130),(1396,0,3,280),(1397,1,9,38),(1398,0,1,114),(1399,1,5,393),(1400,1,10,293),(1401,1,1,364),(1402,0,10,120),(1403,0,5,263),(1404,0,19,335),(1405,1,1,345),(1406,0,20,176),(1407,0,13,242),(1408,1,14,175),(1409,1,12,376),(1410,0,6,387),(1411,1,18,224),(1412,1,14,28),(1413,0,7,252),(1414,0,5,285),(1415,1,9,369),(1416,1,17,243),(1417,1,6,314),(1418,0,18,419),(1419,0,8,122),(1420,1,7,38),(1421,0,2,210),(1422,0,13,182),(1423,1,7,75),(1424,1,19,329),(1425,1,17,47),(1426,1,12,281),(1427,0,2,85),(1428,1,4,18),(1429,1,11,47),(1430,0,13,31),(1431,1,3,387),(1432,0,17,54),(1433,1,17,141),(1434,0,15,396),(1435,0,13,182),(1436,0,18,184),(1437,1,11,356),(1438,1,8,401),(1439,0,1,404),(1440,0,13,64),(1441,0,11,53),(1442,0,18,1),(1443,1,12,102),(1444,0,20,118),(1445,0,20,226),(1446,0,3,206),(1447,1,9,195),(1448,1,11,85),(1449,1,2,376),(1450,0,5,220),(1451,0,4,277),(1452,0,3,125),(1453,1,17,157),(1454,1,1,128),(1455,1,19,413),(1456,0,4,412),(1457,1,2,258),(1458,0,4,123),(1459,0,5,386),(1460,0,19,29),(1461,1,15,282),(1462,0,8,393),(1463,0,12,354),(1464,1,14,67),(1465,0,14,335),(1466,0,1,156),(1467,0,15,296),(1468,1,15,400),(1469,0,16,420),(1470,0,8,193),(1471,1,3,297),(1472,1,12,244),(1473,0,7,411),(1474,0,10,11),(1475,0,11,34),(1476,1,11,88),(1477,1,15,325),(1478,0,18,264),(1479,0,7,104),(1480,0,17,187),(1481,1,11,288),(1482,0,1,297),(1483,0,11,56),(1484,1,15,228),(1485,1,11,416),(1486,0,2,132),(1487,0,17,400),(1488,0,9,348),(1489,0,2,352),(1490,0,7,61),(1491,0,13,336),(1492,1,9,403),(1493,1,9,370),(1494,0,11,241),(1495,0,19,369),(1496,0,7,156),(1497,0,13,226),(1498,0,9,325),(1499,1,20,310),(1500,0,17,225),(1501,0,11,127),(1502,0,19,80),(1503,0,19,345),(1504,0,1,239),(1505,0,7,314),(1506,0,18,403),(1507,1,5,242),(1508,0,1,192),(1509,1,18,49),(1510,0,13,359),(1511,0,10,390),(1512,1,1,74),(1513,0,11,237),(1514,1,1,420),(1515,1,15,308),(1516,1,16,276),(1517,1,12,197),(1518,0,10,401),(1519,0,17,369),(1520,1,3,345),(1521,1,18,392),(1522,0,11,14),(1523,1,5,399),(1524,1,18,32),(1525,0,6,93),(1526,0,5,306),(1527,1,3,223),(1528,1,8,106),(1529,0,20,88),(1530,1,9,385),(1531,1,12,195),(1532,0,12,258),(1533,1,5,135),(1534,0,6,402),(1535,1,16,394),(1536,1,8,390),(1537,0,20,133),(1538,1,1,139),(1539,1,5,208),(1540,1,13,282),(1541,0,20,2),(1542,0,4,118),(1543,1,18,62),(1544,0,12,206),(1545,1,7,366),(1546,0,16,344),(1547,1,2,418),(1548,0,3,353),(1549,1,1,24),(1550,0,3,39),(1551,1,14,39),(1552,0,18,409),(1553,1,9,224),(1554,1,12,231),(1555,0,2,35),(1556,1,15,197),(1557,1,5,190),(1558,0,8,253),(1559,0,4,409),(1560,1,14,281),(1561,1,18,80),(1562,0,5,354),(1563,0,11,1),(1564,0,20,220),(1565,0,11,354),(1566,1,13,298),(1567,0,16,214),(1568,0,6,326),(1569,1,11,111),(1570,1,13,99),(1571,0,2,141),(1572,0,15,53),(1573,0,9,183),(1574,0,13,192),(1575,1,15,29),(1576,1,17,258),(1577,1,3,370),(1578,1,2,203),(1579,1,10,187),(1580,0,6,178),(1581,0,8,79),(1582,1,19,144),(1583,0,10,178),(1584,0,18,256),(1585,0,14,90),(1586,1,5,235),(1587,1,4,222),(1588,1,16,86),(1589,1,19,140),(1590,0,18,189),(1591,1,12,192),(1592,0,10,343),(1593,0,19,339),(1594,1,7,304),(1595,1,4,93),(1596,0,15,292),(1597,0,5,364),(1598,1,3,347),(1599,1,20,258),(1600,1,3,145),(1601,0,18,190),(1602,0,6,259),(1603,0,7,145),(1604,0,6,157),(1605,1,3,344),(1606,1,3,246),(1607,1,15,257),(1608,0,9,343),(1609,1,1,226),(1610,1,3,171),(1611,0,7,198),(1612,0,16,417),(1613,0,18,72),(1614,1,18,239),(1615,0,17,234),(1616,0,17,175),(1617,0,1,67),(1618,1,1,348),(1619,0,14,115),(1620,1,7,352),(1621,0,1,230),(1622,0,11,93),(1623,1,6,241),(1624,0,9,257),(1625,1,11,66),(1626,0,18,358),(1627,0,11,244),(1628,1,10,127),(1629,0,3,64),(1630,1,11,126),(1631,0,9,136),(1632,0,14,21),(1633,1,11,129),(1634,1,19,363),(1635,0,17,224),(1636,0,5,11),(1637,0,4,420),(1638,0,9,392),(1639,0,18,239),(1640,0,18,117),(1641,0,10,207),(1642,1,20,143),(1643,0,6,11),(1644,1,14,177),(1645,0,5,330),(1646,1,12,292),(1647,0,15,111),(1648,0,11,215),(1649,1,1,350),(1650,0,2,219),(1651,0,3,206),(1652,1,17,76),(1653,0,19,81),(1654,1,4,220),(1655,0,19,143),(1656,0,18,189),(1657,0,17,106),(1658,1,17,215),(1659,1,12,193),(1660,1,11,291),(1661,0,3,240),(1662,0,17,194),(1663,0,11,397),(1664,0,13,195),(1665,0,16,370),(1666,0,10,387),(1667,1,18,340),(1668,0,11,124),(1669,0,9,309),(1670,1,2,348),(1671,0,1,138),(1672,1,9,256),(1673,0,3,80),(1674,0,11,93),(1675,1,10,71),(1676,1,16,167),(1677,1,13,59),(1678,0,12,293),(1679,1,15,145),(1680,1,11,358),(1681,0,19,324),(1682,0,18,69),(1683,1,12,371),(1684,1,16,177),(1685,1,4,251),(1686,1,18,332),(1687,0,12,103),(1688,1,20,328),(1689,0,4,241),(1690,1,4,222),(1691,1,8,396),(1692,1,4,311),(1693,0,12,196),(1694,0,19,272),(1695,1,17,117),(1696,0,8,59),(1697,0,8,203),(1698,0,17,47),(1699,0,18,30),(1700,1,12,382),(1701,1,2,353),(1702,0,7,4),(1703,0,14,140),(1704,1,9,378),(1705,1,6,310),(1706,0,6,310),(1707,1,6,346),(1708,0,16,172),(1709,0,9,165),(1710,0,12,102),(1711,1,13,334),(1712,0,4,416),(1713,1,4,199),(1714,0,1,91),(1715,0,16,356),(1716,0,17,94),(1717,0,16,399),(1718,0,12,44),(1719,0,14,35),(1720,1,6,147),(1721,0,11,167),(1722,0,4,164),(1723,0,12,137),(1724,1,8,268),(1725,1,18,43),(1726,1,8,299),(1727,0,20,133),(1728,0,17,194),(1729,1,3,345),(1730,1,4,103),(1731,1,9,256),(1732,0,13,22),(1733,0,9,233),(1734,1,2,324),(1735,1,3,241),(1736,0,13,101),(1737,1,14,351),(1738,0,14,163),(1739,1,19,37),(1740,0,9,102),(1741,0,14,57),(1742,1,3,57),(1743,1,19,76),(1744,0,3,195),(1745,0,13,213),(1746,1,20,384),(1747,0,18,320),(1748,1,12,266),(1749,0,10,298),(1750,0,3,33),(1751,1,14,293),(1752,0,4,154),(1753,1,3,367),(1754,1,12,282),(1755,1,9,399),(1756,1,13,229),(1757,1,18,256),(1758,1,19,44),(1759,0,12,356),(1760,1,19,228),(1761,0,14,86),(1762,0,20,183),(1763,1,1,260),(1764,1,18,196),(1765,0,20,37),(1766,0,16,278),(1767,1,6,361),(1768,0,20,325),(1769,1,17,131),(1770,0,16,88),(1771,1,18,194),(1772,1,7,84),(1773,1,13,90),(1774,1,2,9),(1775,1,2,360),(1776,0,17,43),(1777,1,5,388),(1778,0,5,288),(1779,1,9,359),(1780,1,19,378),(1781,1,13,348),(1782,1,3,180),(1783,0,15,257),(1784,0,18,111),(1785,0,8,379),(1786,0,17,294),(1787,1,16,117),(1788,1,16,228),(1789,0,1,382),(1790,0,8,297),(1791,0,16,365),(1792,1,4,369),(1793,1,2,97),(1794,0,1,62),(1795,0,17,292),(1796,0,18,99),(1797,0,12,334),(1798,0,19,362),(1799,1,19,358),(1800,0,7,294),(1801,0,3,105),(1802,1,8,368),(1803,1,20,156),(1804,0,4,161),(1805,1,3,377),(1806,0,15,402),(1807,0,10,79),(1808,1,7,112),(1809,1,5,420),(1810,0,10,332),(1811,0,1,334),(1812,0,20,313),(1813,0,19,340),(1814,1,4,390),(1815,0,1,65),(1816,1,14,141),(1817,0,6,389),(1818,0,8,386),(1819,1,12,131),(1820,0,13,218),(1821,0,19,6),(1822,0,7,300),(1823,0,13,222),(1824,0,17,125),(1825,1,11,314),(1826,0,8,72),(1827,0,3,182),(1828,0,12,147),(1829,1,2,133),(1830,0,3,388),(1831,0,1,314),(1832,0,15,277),(1833,0,4,20),(1834,1,13,388),(1835,0,14,224),(1836,1,2,179),(1837,1,14,247),(1838,1,12,240),(1839,1,10,312),(1840,1,7,200),(1841,1,20,323),(1842,0,8,213),(1843,1,7,319),(1844,0,3,362),(1845,0,17,53),(1846,1,13,300),(1847,1,15,52),(1848,0,20,211),(1849,1,2,51),(1850,1,14,313),(1851,0,20,311),(1852,1,20,199),(1853,0,17,238),(1854,0,20,154),(1855,0,3,129),(1856,1,17,185),(1857,1,13,118),(1858,1,1,35),(1859,0,19,183),(1860,0,16,24),(1861,0,12,320),(1862,0,16,355),(1863,0,8,60),(1864,1,10,286),(1865,0,16,289),(1866,0,14,92),(1867,1,12,106),(1868,0,6,312),(1869,0,20,13),(1870,0,4,302),(1871,0,13,326),(1872,1,11,214),(1873,0,4,219),(1874,1,12,114),(1875,1,15,220),(1876,0,16,213),(1877,1,19,341),(1878,1,6,328),(1879,0,17,258),(1880,1,15,25),(1881,0,9,124),(1882,0,9,300),(1883,0,4,104),(1884,0,7,315),(1885,0,20,21),(1886,0,8,329),(1887,0,12,176),(1888,0,18,396),(1889,1,5,36),(1890,1,12,95),(1891,0,16,167),(1892,0,5,418),(1893,0,6,143),(1894,0,4,259),(1895,0,4,397),(1896,1,14,243),(1897,0,14,170),(1898,0,10,364),(1899,1,3,138),(1900,0,20,263),(1901,1,4,185),(1902,1,4,14),(1903,1,13,236),(1904,0,20,27),(1905,0,11,251),(1906,1,6,245),(1907,0,2,317),(1908,0,18,194),(1909,0,18,145),(1910,1,5,306),(1911,0,19,292),(1912,0,17,136),(1913,1,19,94),(1914,0,14,7),(1915,1,5,110),(1916,1,6,130),(1917,0,11,132),(1918,0,6,162),(1919,0,5,176),(1920,0,20,286),(1921,1,18,17),(1922,0,12,101),(1923,0,20,373),(1924,1,9,172),(1925,0,9,303),(1926,0,2,383),(1927,0,13,39),(1928,0,2,100),(1929,1,12,330),(1930,0,20,251),(1931,0,7,299),(1932,0,13,247),(1933,0,15,413),(1934,0,16,30),(1935,1,12,338),(1936,1,4,42),(1937,0,20,16),(1938,0,18,339),(1939,1,7,257),(1940,1,1,377),(1941,1,11,203),(1942,1,1,130),(1943,1,12,240),(1944,0,17,128),(1945,0,7,330),(1946,0,20,316),(1947,0,5,386),(1948,0,20,132),(1949,1,9,130),(1950,0,18,402),(1951,0,13,75),(1952,0,7,325),(1953,0,13,32),(1954,0,15,23),(1955,1,10,258),(1956,1,3,374),(1957,0,18,71),(1958,0,12,40),(1959,1,9,342),(1960,0,15,81),(1961,1,1,295),(1962,0,1,403),(1963,0,14,109),(1964,0,1,254),(1965,1,8,251),(1966,0,10,129),(1967,1,20,185),(1968,0,11,159),(1969,0,12,118),(1970,1,11,59),(1971,1,4,60),(1972,1,9,65),(1973,0,11,325),(1974,1,15,136),(1975,1,11,371),(1976,1,18,357),(1977,0,4,249),(1978,0,18,419),(1979,0,18,295),(1980,0,2,4),(1981,0,3,133),(1982,0,10,296),(1983,1,2,360),(1984,1,16,247),(1985,0,7,18),(1986,1,6,352),(1987,1,7,389),(1988,0,6,361),(1989,0,5,378),(1990,1,19,315),(1991,1,9,71),(1992,1,9,272),(1993,1,3,194),(1994,1,19,133),(1995,0,9,350),(1996,0,9,55),(1997,1,10,297),(1998,1,3,12),(1999,0,19,278),(2000,1,1,108),(2001,1,2,391),(2002,0,3,84),(2003,0,8,278),(2004,1,11,102),(2005,1,20,64),(2006,1,11,407),(2007,0,14,317),(2008,0,1,49),(2009,1,16,133),(2010,0,11,133),(2011,0,1,18),(2012,1,7,250),(2013,0,9,301),(2014,1,4,26),(2015,1,4,114),(2016,1,12,359),(2017,1,20,147),(2018,1,1,268),(2019,1,10,390),(2020,0,6,413),(2021,1,12,32),(2022,0,2,370),(2023,1,6,251),(2024,0,13,42),(2025,1,10,109),(2026,0,15,230),(2027,1,14,26),(2028,0,5,402),(2029,0,12,194),(2030,1,13,168),(2031,1,5,200),(2032,1,2,138),(2033,0,2,45),(2034,1,18,81),(2035,0,16,105),(2036,0,13,66),(2037,0,14,138),(2038,1,8,16),(2039,0,20,365),(2040,1,11,418),(2041,0,13,165),(2042,0,15,301),(2043,1,7,224),(2044,1,5,407),(2045,1,11,70),(2046,0,17,163),(2047,1,6,114),(2048,0,15,192),(2049,1,12,34),(2050,0,16,265),(2051,1,18,211),(2052,1,19,1),(2053,1,13,159),(2054,0,1,396),(2055,0,8,408),(2056,1,14,196),(2057,0,10,127),(2058,0,16,224),(2059,0,4,248),(2060,1,3,155),(2061,0,3,48),(2062,1,14,333),(2063,1,1,400),(2064,1,16,123),(2065,0,16,170),(2066,0,18,170),(2067,0,16,285),(2068,1,18,337),(2069,0,10,342),(2070,1,12,50),(2071,0,5,262),(2072,0,12,279),(2073,0,7,309),(2074,0,18,14),(2075,1,7,138),(2076,0,1,94),(2077,0,2,82),(2078,1,20,100),(2079,1,18,420),(2080,1,16,85),(2081,0,6,167),(2082,0,7,297),(2083,0,2,8),(2084,0,14,288),(2085,1,8,89),(2086,0,12,309),(2087,1,1,252),(2088,0,6,165),(2089,1,18,133),(2090,0,19,118),(2091,0,20,300),(2092,1,19,247),(2093,0,2,6),(2094,1,11,127),(2095,0,9,90),(2096,0,9,184),(2097,1,7,226),(2098,0,18,4),(2099,1,6,394),(2100,1,1,332),(2101,1,13,241),(2102,0,5,159),(2103,0,6,407),(2104,1,20,194),(2105,0,12,35),(2106,0,13,253),(2107,0,13,30),(2108,0,16,342),(2109,0,18,379),(2110,0,3,98),(2111,1,15,280),(2112,0,11,160),(2113,1,7,118),(2114,1,12,300),(2115,1,6,112),(2116,1,7,224),(2117,0,6,395),(2118,0,9,374),(2119,1,4,101),(2120,0,13,334),(2121,1,13,167),(2122,1,9,376),(2123,1,19,281),(2124,0,6,348),(2125,0,13,63),(2126,0,7,259),(2127,0,18,388),(2128,0,4,170),(2129,0,8,277),(2130,1,5,297),(2131,1,4,348),(2132,1,9,154),(2133,0,16,361),(2134,0,3,330),(2135,1,7,273),(2136,0,17,417),(2137,0,3,290),(2138,0,7,234),(2139,0,1,64),(2140,1,12,172),(2141,1,3,256),(2142,1,14,220),(2143,0,13,23),(2144,1,14,115),(2145,0,11,397),(2146,0,3,86),(2147,0,20,111),(2148,0,12,373),(2149,0,16,164),(2150,1,13,215),(2151,1,10,282),(2152,0,8,160),(2153,0,13,288),(2154,0,11,323),(2155,0,16,235),(2156,1,5,201),(2157,1,12,85),(2158,0,5,292),(2159,1,13,121),(2160,1,11,40),(2161,1,15,231),(2162,1,6,335),(2163,1,11,178),(2164,1,13,276),(2165,1,7,97),(2166,0,8,38),(2167,0,18,97),(2168,0,12,133),(2169,1,16,319),(2170,0,8,306),(2171,1,13,352),(2172,1,13,150),(2173,1,10,6),(2174,1,6,317),(2175,1,13,296),(2176,1,6,131),(2177,0,17,347),(2178,1,12,292),(2179,1,14,89),(2180,0,4,217),(2181,1,8,16),(2182,1,11,306),(2183,1,10,176),(2184,1,13,166),(2185,0,6,186),(2186,0,3,331),(2187,0,9,46),(2188,0,12,405),(2189,1,5,61),(2190,1,14,20),(2191,0,20,325),(2192,0,14,260),(2193,0,2,90),(2194,0,5,258),(2195,0,20,331),(2196,0,17,126),(2197,0,19,23),(2198,1,8,83),(2199,1,20,259),(2200,0,16,60),(2201,1,15,246),(2202,1,12,386),(2203,0,15,153),(2204,1,17,297),(2205,1,8,335),(2206,1,9,93),(2207,1,11,371),(2208,0,17,396),(2209,1,15,267),(2210,1,19,410),(2211,0,17,375),(2212,1,4,97),(2213,0,19,275),(2214,0,9,118),(2215,0,16,20),(2216,1,19,174),(2217,0,17,152),(2218,0,17,78),(2219,1,17,99),(2220,0,14,267),(2221,0,11,6),(2222,1,9,361),(2223,0,14,25),(2224,1,3,393),(2225,0,11,193),(2226,1,10,229),(2227,1,18,66),(2228,0,16,394),(2229,0,10,49),(2230,1,6,108),(2231,1,9,18),(2232,1,6,311),(2233,0,16,307),(2234,0,3,74),(2235,0,20,394),(2236,0,12,96),(2237,0,5,83),(2238,0,20,378),(2239,1,16,281),(2240,0,12,398),(2241,0,14,354),(2242,0,7,192),(2243,1,5,41),(2244,0,10,12),(2245,0,19,86),(2246,0,18,131),(2247,0,20,132),(2248,0,10,9),(2249,1,7,306),(2250,0,14,48),(2251,0,4,304),(2252,0,11,228),(2253,0,20,196),(2254,0,14,106),(2255,1,14,212),(2256,1,19,301),(2257,1,14,371),(2258,0,4,86),(2259,1,4,246),(2260,0,12,222),(2261,1,8,126),(2262,0,3,347),(2263,0,2,33),(2264,1,11,144),(2265,0,12,188),(2266,0,14,37),(2267,1,13,101),(2268,1,2,65),(2269,1,13,315),(2270,1,17,173),(2271,0,2,50),(2272,0,12,51),(2273,1,11,158),(2274,0,5,362),(2275,0,12,85),(2276,0,19,330),(2277,1,3,168),(2278,0,19,113),(2279,0,2,338),(2280,1,1,178),(2281,1,12,309),(2282,0,6,312),(2283,1,14,47),(2284,1,9,186),(2285,0,10,149),(2286,0,9,253),(2287,1,4,260),(2288,1,6,239),(2289,0,1,174),(2290,1,11,83),(2291,0,6,58),(2292,0,11,331),(2293,1,8,42),(2294,1,5,263),(2295,1,15,246),(2296,1,18,264),(2297,1,3,102),(2298,0,5,322),(2299,1,12,155),(2300,0,1,263),(2301,1,14,2),(2302,1,6,180),(2303,1,18,412),(2304,1,17,375),(2305,1,15,118),(2306,0,7,111),(2307,1,4,137),(2308,0,19,347),(2309,0,4,307),(2310,1,16,389),(2311,0,6,81),(2312,0,18,117),(2313,1,20,324),(2314,1,9,211),(2315,0,7,365),(2316,1,13,370),(2317,1,18,313),(2318,0,13,391),(2319,0,16,74),(2320,1,4,256),(2321,0,2,142),(2322,0,11,179),(2323,1,16,32),(2324,1,2,392),(2325,0,13,88),(2326,0,4,327),(2327,0,19,68),(2328,0,15,156),(2329,1,13,199),(2330,1,17,412),(2331,0,14,364),(2332,1,4,217),(2333,1,19,89),(2334,1,17,312),(2335,0,15,59),(2336,0,6,87),(2337,1,7,148),(2338,0,20,249),(2339,1,16,364),(2340,1,3,213),(2341,1,16,204),(2342,0,9,375),(2343,0,2,397),(2344,1,15,314),(2345,1,17,161),(2346,1,17,57),(2347,0,14,229),(2348,0,1,230),(2349,0,7,208),(2350,0,19,239),(2351,1,19,376),(2352,1,7,418),(2353,1,12,54),(2354,0,1,186),(2355,0,8,224),(2356,0,10,161),(2357,0,16,97),(2358,0,12,241),(2359,0,16,16),(2360,0,10,88),(2361,1,19,24),(2362,0,8,337),(2363,1,4,213),(2364,0,18,53),(2365,0,2,173),(2366,1,8,31),(2367,0,18,57),(2368,1,15,182),(2369,1,17,344),(2370,0,14,351),(2371,1,14,5),(2372,0,10,150),(2373,0,7,53),(2374,0,16,165),(2375,1,13,272),(2376,1,14,375),(2377,0,15,394),(2378,0,5,173),(2379,0,2,156),(2380,0,11,396),(2381,0,7,286),(2382,1,2,307),(2383,0,14,63),(2384,1,15,117),(2385,0,15,181),(2386,1,10,349),(2387,0,8,174),(2388,1,15,355),(2389,0,10,91),(2390,1,1,118),(2391,0,14,188),(2392,0,17,7),(2393,0,1,240),(2394,0,13,61),(2395,0,10,220),(2396,0,6,7),(2397,0,10,75),(2398,1,7,274),(2399,1,6,364),(2400,1,10,182),(2401,0,17,146),(2402,0,6,248),(2403,0,18,379),(2404,0,4,390),(2405,0,6,363),(2406,0,9,211),(2407,1,6,240),(2408,0,13,210),(2409,0,16,360),(2410,1,9,101),(2411,1,6,227),(2412,0,11,8),(2413,0,10,27),(2414,1,10,199),(2415,1,11,336),(2416,1,9,41),(2417,1,5,230),(2418,0,20,413),(2419,0,20,394),(2420,1,14,138),(2421,1,10,338),(2422,1,19,166),(2423,0,2,126),(2424,1,4,11),(2425,0,5,251),(2426,0,7,173),(2427,1,9,59),(2428,0,12,261),(2429,1,9,117),(2430,1,9,226),(2431,0,13,231),(2432,0,9,238),(2433,1,18,320),(2434,0,17,295),(2435,0,18,158),(2436,1,10,268),(2437,1,12,130),(2438,0,10,23),(2439,1,7,160),(2440,1,6,120),(2441,1,20,23),(2442,0,3,369),(2443,1,1,134),(2444,1,15,290),(2445,0,14,143),(2446,1,8,312),(2447,0,12,8),(2448,0,5,366),(2449,1,15,281),(2450,0,2,156),(2451,1,11,240),(2452,1,12,105),(2453,0,15,223),(2454,0,1,218),(2455,1,13,28),(2456,1,14,82),(2457,1,20,131),(2458,1,9,91),(2459,1,13,311),(2460,0,2,226),(2461,1,8,221),(2462,0,19,50),(2463,0,18,333),(2464,1,12,394),(2465,0,13,103),(2466,0,16,416),(2467,1,5,277),(2468,1,14,300),(2469,0,12,29),(2470,0,16,104),(2471,0,20,20),(2472,0,16,202),(2473,1,4,410),(2474,0,7,229),(2475,0,19,409),(2476,1,14,343),(2477,1,9,205),(2478,1,15,138),(2479,0,11,390),(2480,0,6,251),(2481,1,11,303),(2482,0,3,83),(2483,0,10,159),(2484,1,10,366),(2485,0,11,366),(2486,0,6,362),(2487,1,16,413),(2488,0,11,385),(2489,0,16,157),(2490,1,11,51),(2491,1,17,6),(2492,0,14,296),(2493,0,12,281),(2494,0,6,79),(2495,0,6,248),(2496,1,5,64),(2497,0,10,369),(2498,0,4,6),(2499,0,17,257),(2500,0,14,3),(2501,0,14,374),(2502,0,10,130),(2503,0,8,185),(2504,0,18,221),(2505,1,3,360),(2506,0,17,126),(2507,0,20,71),(2508,0,11,371),(2509,0,20,226),(2510,1,19,346),(2511,1,2,3),(2512,0,13,23),(2513,1,9,383),(2514,1,4,73),(2515,1,1,278),(2516,1,19,374),(2517,1,20,137),(2518,1,3,420),(2519,0,12,236),(2520,0,14,306),(2521,0,7,299),(2522,0,16,398),(2523,0,19,187),(2524,1,18,103),(2525,1,15,151),(2526,1,6,207),(2527,0,15,47),(2528,0,16,126),(2529,0,6,50),(2530,1,16,367),(2531,1,11,145),(2532,1,20,385),(2533,1,11,307),(2534,1,2,73),(2535,0,11,96),(2536,0,14,80),(2537,1,2,108),(2538,1,15,3),(2539,0,15,410),(2540,1,3,105),(2541,1,13,114),(2542,1,4,332),(2543,0,6,351),(2544,0,6,143),(2545,0,16,343),(2546,1,13,268),(2547,1,12,292),(2548,0,11,287),(2549,0,20,40),(2550,1,3,370),(2551,0,13,360),(2552,0,10,358),(2553,0,2,184),(2554,0,15,371),(2555,0,6,344),(2556,1,7,126),(2557,0,14,137),(2558,1,18,295),(2559,0,15,94),(2560,0,16,234),(2561,0,6,78),(2562,0,15,23),(2563,0,6,335),(2564,1,2,338),(2565,0,16,157),(2566,0,14,193),(2567,1,20,239),(2568,0,6,148),(2569,0,9,354),(2570,1,8,292),(2571,0,13,323),(2572,1,17,295),(2573,0,14,153),(2574,1,1,396),(2575,0,11,243),(2576,1,15,172),(2577,0,18,251),(2578,0,17,99),(2579,1,14,77),(2580,0,13,230),(2581,0,4,130),(2582,1,14,330),(2583,1,16,296),(2584,0,6,75),(2585,1,15,47),(2586,1,4,123),(2587,1,9,335),(2588,1,14,363),(2589,1,14,363),(2590,1,3,390),(2591,1,15,299),(2592,0,7,118),(2593,0,3,330),(2594,1,10,207),(2595,0,20,49),(2596,1,3,347),(2597,1,5,230),(2598,0,6,33),(2599,0,20,334),(2600,0,2,207),(2601,1,15,383),(2602,0,18,185),(2603,1,16,297),(2604,0,2,151),(2605,1,5,315),(2606,0,19,177),(2607,0,16,295),(2608,1,9,38),(2609,1,4,12),(2610,1,9,252),(2611,0,12,144),(2612,1,11,73),(2613,0,16,33),(2614,0,14,350),(2615,1,2,313),(2616,1,1,218),(2617,0,14,193),(2618,1,10,253),(2619,0,17,196),(2620,1,2,166),(2621,1,16,71),(2622,1,15,191),(2623,0,6,57),(2624,0,5,309),(2625,1,19,255),(2626,1,9,12),(2627,0,4,420),(2628,0,16,310),(2629,0,3,269),(2630,1,4,61),(2631,0,9,224),(2632,0,9,317),(2633,0,2,385),(2634,0,16,189),(2635,1,5,232),(2636,0,20,251),(2637,0,3,88),(2638,1,15,196),(2639,1,16,143),(2640,1,1,336),(2641,0,8,325),(2642,0,2,322),(2643,0,14,127),(2644,0,9,368),(2645,0,16,10),(2646,1,9,395),(2647,0,7,396),(2648,1,13,237),(2649,0,2,293),(2650,1,16,132),(2651,0,17,118),(2652,1,15,277),(2653,0,14,313),(2654,1,14,307),(2655,0,8,11),(2656,0,2,327),(2657,0,2,259),(2658,1,15,127),(2659,0,7,175),(2660,1,13,2),(2661,1,11,120),(2662,1,1,227),(2663,1,18,243),(2664,1,13,157),(2665,0,16,108),(2666,1,3,89),(2667,1,6,232),(2668,1,2,95),(2669,1,19,397),(2670,1,1,38),(2671,1,16,243),(2672,1,11,185),(2673,0,1,30),(2674,0,7,271),(2675,0,2,98),(2676,1,4,297),(2677,0,4,165),(2678,0,2,404),(2679,0,3,312),(2680,0,9,339),(2681,0,19,288),(2682,0,5,230),(2683,0,7,167),(2684,0,9,412),(2685,0,15,319),(2686,0,19,138),(2687,1,9,119),(2688,0,8,344),(2689,0,6,420),(2690,1,12,337),(2691,1,20,260),(2692,0,19,166),(2693,0,18,156),(2694,1,6,58),(2695,1,14,45),(2696,0,3,107),(2697,0,10,134),(2698,0,12,294),(2699,0,11,420),(2700,1,8,407),(2701,0,15,47),(2702,1,7,15),(2703,0,17,192),(2704,1,5,164),(2705,1,5,96),(2706,1,18,365),(2707,1,2,256),(2708,0,1,50),(2709,0,7,146),(2710,1,4,349),(2711,1,3,361),(2712,0,14,14),(2713,0,4,41),(2714,0,6,27),(2715,1,13,312),(2716,0,18,193),(2717,0,14,263),(2718,0,3,357),(2719,1,6,11),(2720,1,9,127),(2721,1,8,110),(2722,0,4,190),(2723,0,8,237),(2724,0,7,58),(2725,0,9,12),(2726,0,19,354),(2727,1,4,298),(2728,0,13,345),(2729,0,13,279),(2730,1,8,386),(2731,1,20,292),(2732,1,6,328),(2733,1,15,146),(2734,1,12,32),(2735,0,7,201),(2736,0,20,333),(2737,0,18,367),(2738,0,14,333),(2739,1,16,412),(2740,1,11,33),(2741,0,17,132),(2742,1,11,377),(2743,0,6,313),(2744,0,4,258),(2745,1,1,117),(2746,0,16,165),(2747,1,4,311),(2748,1,14,206),(2749,1,13,212),(2750,0,17,39),(2751,1,3,246),(2752,0,1,149),(2753,1,17,14),(2754,1,7,403),(2755,0,3,155),(2756,0,16,284),(2757,1,16,214),(2758,1,7,386),(2759,0,14,46),(2760,1,13,399),(2761,1,13,224),(2762,1,10,107),(2763,0,2,293),(2764,1,10,325),(2765,0,13,379),(2766,1,12,27),(2767,1,5,124),(2768,0,12,207),(2769,1,7,323),(2770,1,20,254),(2771,1,1,23),(2772,0,4,295),(2773,1,7,262),(2774,1,6,253),(2775,0,16,345),(2776,1,18,380),(2777,1,7,179),(2778,1,9,211),(2779,1,10,277),(2780,0,8,54),(2781,0,12,415),(2782,1,14,36),(2783,0,7,403),(2784,0,3,301),(2785,0,2,223),(2786,0,19,237),(2787,1,5,326),(2788,1,20,272),(2789,1,1,223),(2790,1,17,157),(2791,1,14,99),(2792,1,5,396),(2793,0,13,276),(2794,1,4,210),(2795,1,2,285),(2796,0,12,394),(2797,0,5,249),(2798,1,20,108),(2799,0,20,389),(2800,0,17,142),(2801,0,4,103),(2802,1,15,166),(2803,0,2,92),(2804,1,15,354),(2805,0,16,125),(2806,0,4,232),(2807,0,6,7),(2808,0,13,351),(2809,0,2,183),(2810,0,12,214),(2811,1,6,240),(2812,1,6,84),(2813,1,7,3),(2814,0,18,121),(2815,0,4,387),(2816,1,6,283),(2817,1,17,9),(2818,0,12,112),(2819,1,19,328),(2820,0,5,243),(2821,0,5,3),(2822,0,5,131),(2823,0,4,91),(2824,1,3,22),(2825,0,2,181),(2826,0,8,271),(2827,0,9,358),(2828,1,16,171),(2829,0,20,46),(2830,0,8,170),(2831,1,1,188),(2832,1,6,354),(2833,0,15,113),(2834,0,9,382),(2835,1,12,166),(2836,0,14,283),(2837,0,15,378),(2838,1,8,127),(2839,0,9,220),(2840,1,17,261),(2841,1,20,326),(2842,1,19,147),(2843,0,14,233),(2844,1,15,223),(2845,1,9,318),(2846,0,1,149),(2847,0,16,349),(2848,0,6,109),(2849,1,19,313),(2850,0,7,103),(2851,0,12,258),(2852,1,6,173),(2853,1,5,14),(2854,1,9,32),(2855,0,18,162),(2856,1,1,226),(2857,0,18,122),(2858,1,14,306),(2859,1,13,131),(2860,1,11,413),(2861,0,8,228),(2862,1,10,227),(2863,0,13,87),(2864,1,11,329),(2865,0,16,306),(2866,0,7,54),(2867,0,13,229),(2868,0,9,377),(2869,0,9,187),(2870,0,9,267),(2871,0,18,333),(2872,0,5,66),(2873,0,8,16),(2874,0,14,47),(2875,1,17,293),(2876,1,14,312),(2877,1,3,270),(2878,1,15,246),(2879,1,18,371),(2880,0,12,182),(2881,1,3,349),(2882,1,4,271),(2883,1,12,190),(2884,0,3,299),(2885,0,2,318),(2886,1,4,196),(2887,1,20,354),(2888,0,4,272),(2889,0,5,327),(2890,0,11,405),(2891,1,5,390),(2892,0,13,132),(2893,0,2,114),(2894,0,7,121),(2895,1,10,2),(2896,0,16,334),(2897,0,2,171),(2898,1,4,164),(2899,1,13,149),(2900,1,4,365),(2901,0,13,310),(2902,1,3,149),(2903,1,17,225),(2904,0,8,8),(2905,0,15,113),(2906,1,1,269),(2907,0,6,87),(2908,1,10,396),(2909,1,5,75),(2910,0,20,280),(2911,0,11,337),(2912,0,14,11),(2913,0,12,80),(2914,0,10,180),(2915,0,7,387),(2916,1,1,348),(2917,1,7,118),(2918,1,15,240),(2919,0,13,379),(2920,1,10,123),(2921,0,9,381),(2922,1,12,32),(2923,1,12,301),(2924,0,13,294),(2925,1,19,160),(2926,0,17,365),(2927,1,1,406),(2928,0,17,344),(2929,0,15,66),(2930,1,13,19),(2931,0,7,38),(2932,1,16,301),(2933,1,11,10),(2934,0,18,385),(2935,1,2,130),(2936,1,9,31),(2937,1,10,249),(2938,0,20,324),(2939,0,3,401),(2940,0,15,406),(2941,0,14,219),(2942,0,20,314),(2943,0,6,384),(2944,0,9,73),(2945,0,13,156),(2946,1,13,184),(2947,1,16,294),(2948,0,6,413),(2949,0,10,251),(2950,1,11,386),(2951,0,10,303),(2952,0,10,212),(2953,0,13,152),(2954,1,2,335),(2955,1,2,281),(2956,0,7,48),(2957,1,16,233),(2958,1,8,88),(2959,0,16,105),(2960,0,16,204),(2961,0,11,60),(2962,1,6,22),(2963,1,2,354),(2964,1,8,90),(2965,0,19,388),(2966,0,9,415),(2967,0,18,416),(2968,0,18,329),(2969,0,10,412),(2970,1,19,302),(2971,0,9,109),(2972,1,11,80),(2973,0,13,13),(2974,1,13,26),(2975,1,10,121),(2976,1,4,194),(2977,0,18,267),(2978,0,14,98),(2979,0,9,307),(2980,0,13,348),(2981,1,16,156),(2982,1,9,116),(2983,0,10,164),(2984,0,20,345),(2985,1,10,299),(2986,1,12,63),(2987,1,9,136),(2988,1,8,21),(2989,0,14,246),(2990,0,14,395),(2991,1,18,222),(2992,1,5,48),(2993,0,3,288),(2994,0,2,50),(2995,1,18,195),(2996,0,14,345),(2997,0,14,41),(2998,0,7,365),(2999,0,19,358),(3000,0,15,189),(3001,1,13,396),(3002,1,16,262),(3003,1,8,175),(3004,0,15,143),(3005,1,18,2),(3006,1,4,416),(3007,0,11,331),(3008,0,7,63),(3009,1,18,157),(3010,0,2,149),(3011,1,19,213),(3012,0,19,110),(3013,1,9,56),(3014,1,19,155),(3015,0,2,25),(3016,0,19,245),(3017,0,3,388),(3018,1,19,354),(3019,0,1,149),(3020,1,9,362),(3021,1,17,352),(3022,1,9,8),(3023,1,15,369),(3024,0,7,79),(3025,0,12,227),(3026,0,8,192),(3027,0,3,235),(3028,0,11,103),(3029,0,20,43),(3030,1,3,218),(3031,1,19,68),(3032,0,16,41),(3033,0,13,311),(3034,1,9,198),(3035,0,11,204),(3036,0,19,300),(3037,1,15,22),(3038,0,16,364),(3039,1,4,299),(3040,1,14,274),(3041,1,13,268),(3042,1,4,66),(3043,1,18,358),(3044,0,3,419),(3045,0,18,237),(3046,1,16,285),(3047,0,13,248),(3048,0,6,350),(3049,1,16,271),(3050,0,15,113),(3051,0,17,142),(3052,1,6,142),(3053,0,1,211),(3054,0,17,10),(3055,0,16,11),(3056,1,7,416),(3057,0,3,170),(3058,0,15,325),(3059,0,19,263),(3060,1,2,151),(3061,0,14,103),(3062,0,17,300),(3063,1,15,92),(3064,0,3,310),(3065,0,9,143),(3066,1,9,118),(3067,0,14,226),(3068,0,1,289),(3069,1,15,220),(3070,0,14,130),(3071,0,16,420),(3072,0,6,97),(3073,0,3,19),(3074,0,8,377),(3075,0,1,277),(3076,0,3,52),(3077,1,11,250),(3078,1,9,208),(3079,1,20,140),(3080,1,12,171),(3081,1,20,244),(3082,0,14,69),(3083,0,20,192),(3084,1,17,406),(3085,1,6,339),(3086,0,18,323),(3087,0,20,9),(3088,1,5,107),(3089,1,17,325),(3090,1,16,205),(3091,1,1,409),(3092,1,2,63),(3093,0,15,64),(3094,0,19,261),(3095,0,2,98),(3096,0,1,293),(3097,1,5,290),(3098,1,15,19),(3099,0,17,36),(3100,0,8,348),(3101,1,15,323),(3102,1,7,315),(3103,0,1,233),(3104,0,17,373),(3105,0,18,201),(3106,0,11,164),(3107,0,14,282),(3108,0,11,60),(3109,1,15,189),(3110,0,6,176),(3111,0,7,319),(3112,0,14,155),(3113,0,11,6),(3114,1,14,305),(3115,1,6,275),(3116,0,7,62),(3117,0,7,414),(3118,0,18,130),(3119,1,7,304),(3120,1,19,12),(3121,0,2,51),(3122,1,3,148),(3123,1,5,125),(3124,0,1,97),(3125,1,17,334),(3126,1,4,140),(3127,1,5,347),(3128,0,19,238),(3129,1,20,135),(3130,0,2,137),(3131,1,13,21),(3132,1,19,188),(3133,0,3,111),(3134,0,16,208),(3135,1,15,372),(3136,0,19,264),(3137,0,6,372),(3138,0,4,412),(3139,0,13,178),(3140,0,5,297),(3141,0,5,350),(3142,1,19,200),(3143,1,4,294),(3144,1,16,373),(3145,1,10,235),(3146,0,18,340),(3147,1,5,220),(3148,1,20,125),(3149,1,19,114),(3150,1,5,331),(3151,0,7,306),(3152,1,17,27),(3153,0,1,230),(3154,1,17,183),(3155,0,7,84),(3156,1,18,20),(3157,0,15,352),(3158,1,6,397),(3159,0,17,229),(3160,1,9,40),(3161,0,2,144),(3162,1,8,304),(3163,1,3,232),(3164,1,13,185),(3165,1,9,389),(3166,0,1,121),(3167,1,6,340),(3168,0,7,346),(3169,1,19,413),(3170,1,11,409),(3171,1,8,130),(3172,1,4,413),(3173,1,14,314),(3174,0,15,420),(3175,1,10,295),(3176,0,8,17),(3177,0,20,399),(3178,1,19,354),(3179,0,20,282),(3180,1,4,190),(3181,0,20,203),(3182,0,20,181),(3183,1,3,240),(3184,0,13,204),(3185,0,15,332),(3186,1,13,350),(3187,0,18,102),(3188,0,5,375),(3189,0,14,183),(3190,1,11,27),(3191,1,16,397),(3192,1,4,322),(3193,1,18,215),(3194,1,15,205),(3195,1,15,60),(3196,0,9,17),(3197,0,2,114),(3198,1,9,161),(3199,1,2,386),(3200,1,13,209),(3201,0,9,78),(3202,0,13,142),(3203,1,8,283),(3204,0,11,235),(3205,1,1,415),(3206,0,2,159),(3207,1,5,15),(3208,1,20,317),(3209,0,10,137),(3210,1,2,329),(3211,1,2,139),(3212,0,4,212),(3213,1,5,26),(3214,0,17,162),(3215,1,17,15),(3216,0,10,125),(3217,1,6,205),(3218,0,17,185),(3219,1,5,142),(3220,0,18,67),(3221,1,20,5),(3222,1,4,196),(3223,0,19,212),(3224,1,19,351),(3225,1,9,128),(3226,0,1,327),(3227,1,17,111),(3228,1,3,81),(3229,1,3,96),(3230,0,10,250),(3231,0,6,294),(3232,1,10,341),(3233,0,16,375),(3234,0,15,115),(3235,0,16,74),(3236,0,9,191),(3237,0,10,164),(3238,1,16,58),(3239,1,11,321),(3240,1,5,291),(3241,0,6,326),(3242,0,12,412),(3243,0,14,310),(3244,0,2,259),(3245,1,6,85),(3246,0,2,257),(3247,1,16,151),(3248,0,3,294),(3249,1,20,403),(3250,0,2,14),(3251,1,7,26),(3252,1,10,349),(3253,1,18,157),(3254,0,20,296),(3255,0,1,69),(3256,0,8,94),(3257,0,19,143),(3258,1,2,218),(3259,0,11,163),(3260,1,3,203),(3261,1,4,85),(3262,1,15,99),(3263,1,20,231),(3264,1,3,8),(3265,0,1,336),(3266,1,1,140),(3267,0,16,56),(3268,1,13,382),(3269,0,15,391),(3270,1,11,381),(3271,1,16,101),(3272,0,2,406),(3273,0,20,71),(3274,1,13,212),(3275,0,6,119),(3276,0,9,42),(3277,0,1,207),(3278,1,4,49),(3279,0,5,286),(3280,1,12,249),(3281,1,3,334),(3282,1,18,58),(3283,1,19,133),(3284,1,12,272),(3285,0,10,185),(3286,1,5,86),(3287,1,14,250),(3288,1,6,174),(3289,1,12,335),(3290,0,10,206),(3291,1,7,298),(3292,0,17,167),(3293,1,7,137),(3294,0,16,78),(3295,0,7,290),(3296,0,10,133),(3297,0,13,355),(3298,0,5,166),(3299,1,4,207),(3300,1,10,368),(3301,0,4,295),(3302,1,12,282),(3303,0,18,191),(3304,0,9,122),(3305,0,5,284),(3306,0,2,11),(3307,1,18,25),(3308,0,19,272),(3309,0,7,317),(3310,1,5,172),(3311,1,10,94),(3312,0,18,139),(3313,0,14,289),(3314,1,16,416),(3315,1,16,300),(3316,1,10,234),(3317,1,17,80),(3318,0,5,309),(3319,1,7,245),(3320,1,7,30),(3321,1,1,49),(3322,1,3,92),(3323,0,14,347),(3324,1,4,112),(3325,0,10,233),(3326,0,4,322),(3327,1,6,244),(3328,1,18,404),(3329,1,5,416),(3330,0,17,373),(3331,0,12,194),(3332,1,13,63),(3333,0,20,195),(3334,0,5,162),(3335,1,18,353),(3336,1,4,174),(3337,0,20,307),(3338,1,20,316),(3339,1,1,370),(3340,0,9,184),(3341,1,14,86),(3342,0,16,84),(3343,0,13,28),(3344,1,7,248),(3345,0,11,234),(3346,0,15,185),(3347,0,6,190),(3348,1,14,105),(3349,0,19,240),(3350,1,19,17),(3351,0,4,185),(3352,0,16,78),(3353,1,4,359),(3354,1,13,25),(3355,0,18,208),(3356,1,14,226),(3357,0,19,288),(3358,1,7,63),(3359,0,16,199),(3360,1,6,61),(3361,0,15,73),(3362,1,13,9),(3363,1,2,223),(3364,1,19,266),(3365,1,2,68),(3366,0,10,382),(3367,1,5,122),(3368,1,16,254),(3369,1,12,29),(3370,0,12,137),(3371,1,18,309),(3372,1,13,230),(3373,0,4,53),(3374,1,11,4),(3375,1,12,202),(3376,1,15,227),(3377,1,20,272),(3378,0,2,265),(3379,1,1,265),(3380,1,10,28),(3381,1,13,397),(3382,0,18,355),(3383,1,9,286),(3384,1,15,62),(3385,0,4,79),(3386,1,20,259),(3387,1,7,416),(3388,0,6,158),(3389,1,5,83),(3390,0,11,217),(3391,1,15,42),(3392,0,2,37),(3393,0,1,300),(3394,0,20,322),(3395,1,16,412),(3396,0,16,217),(3397,1,13,232),(3398,0,2,190),(3399,0,16,159),(3400,0,1,103),(3401,0,4,272),(3402,1,19,272),(3403,1,3,266),(3404,0,4,326),(3405,0,10,234),(3406,0,1,309),(3407,0,5,19),(3408,0,16,119),(3409,1,15,247),(3410,1,1,348),(3411,0,2,305),(3412,0,14,86),(3413,1,14,150),(3414,0,19,328),(3415,0,2,72),(3416,0,11,120),(3417,1,18,308),(3418,1,19,303),(3419,1,15,378),(3420,1,6,243),(3421,1,15,335),(3422,0,12,396),(3423,0,15,371),(3424,0,3,38),(3425,1,15,313),(3426,1,18,44),(3427,1,5,394),(3428,1,7,80),(3429,0,9,130),(3430,1,12,233),(3431,1,12,148),(3432,0,12,317),(3433,0,4,262),(3434,0,2,152),(3435,1,4,42),(3436,0,2,207),(3437,1,9,164),(3438,0,12,11),(3439,0,20,240),(3440,1,7,405),(3441,1,13,253),(3442,0,9,184),(3443,0,18,191),(3444,0,9,213),(3445,0,10,368),(3446,1,16,339),(3447,0,9,339),(3448,1,2,71),(3449,0,12,106),(3450,0,18,215),(3451,0,11,416),(3452,0,17,266),(3453,1,9,109),(3454,0,7,409),(3455,0,3,360),(3456,1,1,387),(3457,0,17,108),(3458,0,19,330),(3459,0,1,374),(3460,1,15,218),(3461,0,4,261),(3462,1,7,177),(3463,0,1,184),(3464,0,10,343),(3465,0,6,233),(3466,0,9,228),(3467,1,11,186),(3468,0,19,232),(3469,1,9,43),(3470,1,10,238),(3471,1,10,188),(3472,0,12,95),(3473,0,12,183),(3474,0,19,277),(3475,0,5,87),(3476,0,5,328),(3477,1,13,362),(3478,0,3,343),(3479,1,3,306),(3480,0,4,80),(3481,1,4,308),(3482,1,1,363),(3483,1,9,45),(3484,1,9,79),(3485,1,16,148),(3486,1,3,166),(3487,0,2,416),(3488,1,1,190),(3489,0,6,5),(3490,1,8,132),(3491,0,2,260),(3492,0,16,56),(3493,0,3,6),(3494,0,18,76),(3495,1,8,244),(3496,0,12,10),(3497,1,12,176),(3498,1,7,195),(3499,0,11,337),(3500,0,18,186),(3501,1,15,156),(3502,0,7,120),(3503,0,2,129),(3504,0,10,338),(3505,0,15,301),(3506,0,10,358),(3507,0,12,239),(3508,1,18,159),(3509,1,15,231),(3510,1,10,310),(3511,0,14,181),(3512,0,8,46),(3513,1,2,361),(3514,0,16,19),(3515,0,5,375),(3516,0,14,328),(3517,1,1,69),(3518,0,17,120),(3519,1,18,388),(3520,0,14,296),(3521,0,10,402),(3522,0,14,95),(3523,0,11,320),(3524,0,15,349),(3525,1,14,310),(3526,0,1,203),(3527,0,12,9),(3528,1,18,145),(3529,1,15,359),(3530,0,10,244),(3531,0,3,413),(3532,0,17,411),(3533,0,11,211),(3534,0,8,126),(3535,1,13,95),(3536,1,20,93),(3537,1,1,347),(3538,1,15,71),(3539,0,18,107),(3540,1,17,292),(3541,1,6,256),(3542,0,20,413),(3543,1,16,129),(3544,1,5,75),(3545,1,18,358),(3546,1,6,368),(3547,1,13,116),(3548,1,3,54),(3549,1,13,416),(3550,0,12,189),(3551,1,9,302),(3552,0,14,189),(3553,1,19,81),(3554,0,14,226),(3555,0,4,375),(3556,1,6,412),(3557,1,16,175),(3558,0,8,332),(3559,1,19,33),(3560,1,10,251),(3561,1,19,119),(3562,0,17,192),(3563,0,6,135),(3564,1,4,52),(3565,0,19,372),(3566,0,12,164),(3567,1,7,400),(3568,0,2,71),(3569,0,16,399),(3570,1,16,331),(3571,1,20,92),(3572,0,10,310),(3573,1,16,27),(3574,0,3,399),(3575,1,16,75),(3576,0,1,239),(3577,0,8,86),(3578,0,19,243),(3579,0,8,420),(3580,1,7,179),(3581,0,15,27),(3582,1,8,156),(3583,0,7,164),(3584,0,18,259),(3585,1,3,38),(3586,1,9,215),(3587,1,10,190),(3588,0,9,220),(3589,0,20,127),(3590,1,12,363),(3591,1,8,399),(3592,1,9,377),(3593,1,5,105),(3594,0,12,269),(3595,0,11,261),(3596,1,5,382),(3597,1,20,43),(3598,0,19,101),(3599,0,2,323),(3600,0,14,304),(3601,0,14,101),(3602,0,2,405),(3603,1,2,336),(3604,0,7,213),(3605,0,1,83),(3606,1,16,355),(3607,1,20,366),(3608,0,5,310),(3609,1,1,280),(3610,0,17,164),(3611,1,18,81),(3612,1,3,3),(3613,1,5,23),(3614,1,10,180),(3615,0,7,161),(3616,0,9,306),(3617,1,16,296),(3618,1,18,55),(3619,1,11,71),(3620,1,15,378),(3621,0,2,182),(3622,0,14,408),(3623,0,17,272),(3624,0,5,112),(3625,1,8,23),(3626,1,7,143),(3627,0,14,258),(3628,1,16,264),(3629,0,4,223),(3630,1,17,198),(3631,1,7,165),(3632,0,17,103),(3633,0,14,153),(3634,0,8,315),(3635,1,18,398),(3636,1,13,278),(3637,1,3,368),(3638,0,19,158),(3639,1,15,29),(3640,1,3,135),(3641,1,18,102),(3642,0,10,1),(3643,0,8,133),(3644,1,14,317),(3645,0,5,365),(3646,0,5,349),(3647,1,17,187),(3648,0,6,70),(3649,1,5,59),(3650,0,19,191),(3651,0,18,71),(3652,1,5,98),(3653,0,14,339),(3654,0,2,363),(3655,0,10,52),(3656,1,19,60),(3657,0,1,146),(3658,0,16,343),(3659,0,7,273),(3660,1,16,215),(3661,0,5,344),(3662,0,2,180),(3663,0,20,396),(3664,0,19,21),(3665,0,6,20),(3666,1,5,17),(3667,0,15,377),(3668,1,14,150),(3669,1,1,220),(3670,0,5,401),(3671,1,9,307),(3672,0,18,292),(3673,1,19,231),(3674,1,7,15),(3675,0,7,233),(3676,1,14,111),(3677,1,1,331),(3678,1,13,317),(3679,0,11,89),(3680,0,4,303),(3681,1,9,414),(3682,1,20,222),(3683,1,17,375),(3684,0,4,198),(3685,0,18,23),(3686,1,8,161),(3687,1,1,264),(3688,0,13,338),(3689,1,20,365),(3690,1,17,369),(3691,1,10,75),(3692,0,13,12),(3693,1,13,265),(3694,0,12,304),(3695,1,15,406),(3696,1,18,190),(3697,1,4,323),(3698,0,16,314),(3699,0,17,372),(3700,0,1,258),(3701,0,3,395),(3702,1,5,54),(3703,0,14,289),(3704,0,8,254),(3705,0,3,224),(3706,0,15,377),(3707,0,18,134),(3708,1,6,182),(3709,0,17,25),(3710,1,12,103),(3711,1,7,239),(3712,1,9,8),(3713,0,12,398),(3714,0,12,282),(3715,1,16,222),(3716,0,18,338),(3717,0,7,61),(3718,1,17,106),(3719,0,19,229),(3720,1,14,419),(3721,0,3,261),(3722,0,1,97),(3723,0,14,311),(3724,1,5,384),(3725,0,1,331),(3726,0,13,234),(3727,0,11,147),(3728,1,10,404),(3729,0,3,325),(3730,0,10,199),(3731,1,4,256),(3732,1,15,137),(3733,1,17,266),(3734,1,7,318),(3735,1,11,342),(3736,0,20,238),(3737,0,5,225),(3738,0,9,392),(3739,1,12,244),(3740,1,5,351),(3741,0,8,400),(3742,0,18,372),(3743,0,4,146),(3744,0,14,221),(3745,0,14,278),(3746,1,5,289),(3747,1,20,191),(3748,0,16,200),(3749,0,19,320),(3750,1,18,205),(3751,1,11,231),(3752,1,9,160),(3753,0,2,343),(3754,1,19,118),(3755,0,9,68),(3756,1,2,402),(3757,0,7,93),(3758,1,16,345),(3759,1,11,32),(3760,1,20,122),(3761,1,10,291),(3762,0,13,54),(3763,1,9,172),(3764,0,4,394),(3765,1,18,216),(3766,1,17,265),(3767,0,5,346),(3768,0,19,3),(3769,0,11,85),(3770,1,8,49),(3771,1,3,362),(3772,1,17,6),(3773,1,20,98),(3774,1,19,176),(3775,1,11,363),(3776,0,5,153),(3777,0,13,259),(3778,0,11,159),(3779,1,4,138),(3780,1,12,392),(3781,1,7,324),(3782,0,20,55),(3783,0,13,202),(3784,1,17,362),(3785,1,13,167),(3786,1,12,264),(3787,1,12,103),(3788,1,16,398),(3789,1,10,409),(3790,1,13,97),(3791,1,9,127),(3792,0,7,340),(3793,0,18,159),(3794,0,11,298),(3795,1,15,413),(3796,0,9,84),(3797,0,8,264),(3798,1,13,119),(3799,0,8,389),(3800,0,18,381),(3801,1,5,237),(3802,0,14,164),(3803,0,19,34),(3804,1,5,213),(3805,0,5,42),(3806,0,20,151),(3807,0,13,42),(3808,0,12,38),(3809,0,14,291),(3810,1,14,355),(3811,1,16,24),(3812,1,10,338),(3813,1,4,232),(3814,1,1,64),(3815,0,2,136),(3816,1,20,113),(3817,1,19,393),(3818,1,14,85),(3819,1,15,261),(3820,0,10,165),(3821,1,6,72),(3822,1,12,197),(3823,0,1,174),(3824,1,5,397),(3825,1,11,282),(3826,1,13,368),(3827,1,17,417),(3828,0,13,371),(3829,1,13,161),(3830,1,19,144),(3831,1,9,347),(3832,0,18,32),(3833,0,17,323),(3834,0,6,406),(3835,0,2,263),(3836,0,8,219),(3837,0,1,103),(3838,0,20,415),(3839,1,6,20),(3840,0,6,93),(3841,1,3,196),(3842,1,13,11),(3843,0,19,54),(3844,0,7,397),(3845,0,5,376),(3846,0,16,264),(3847,1,19,124),(3848,0,9,393),(3849,0,5,310),(3850,1,8,399),(3851,0,8,196),(3852,0,2,296),(3853,0,19,87),(3854,0,14,155),(3855,0,7,84),(3856,0,5,249),(3857,0,4,18),(3858,1,13,152),(3859,0,7,206),(3860,1,8,75),(3861,1,16,285),(3862,0,7,308),(3863,0,3,162),(3864,1,17,179),(3865,1,7,285),(3866,0,10,416),(3867,1,7,152),(3868,0,18,75),(3869,0,15,262),(3870,1,11,24),(3871,0,13,155),(3872,0,19,176),(3873,0,12,318),(3874,1,5,293),(3875,1,3,290),(3876,1,11,68),(3877,1,1,125),(3878,1,7,92),(3879,0,12,285),(3880,0,17,18),(3881,0,14,75),(3882,1,13,106),(3883,1,15,211),(3884,0,5,125),(3885,0,13,293),(3886,0,11,58),(3887,0,7,69),(3888,1,13,199),(3889,0,10,117),(3890,1,10,295),(3891,1,7,327),(3892,1,13,44),(3893,1,10,46),(3894,1,16,265),(3895,1,8,242),(3896,1,6,121),(3897,1,6,189),(3898,0,11,269),(3899,1,5,406),(3900,0,10,201),(3901,0,18,258),(3902,0,2,361),(3903,0,17,120),(3904,1,17,264),(3905,0,6,179),(3906,1,12,254),(3907,0,9,2),(3908,1,6,144),(3909,0,16,182),(3910,1,1,420),(3911,0,14,61),(3912,1,4,140),(3913,0,1,102),(3914,0,14,86),(3915,0,7,288),(3916,0,19,267),(3917,0,6,40),(3918,1,16,32),(3919,1,5,300),(3920,1,19,304),(3921,0,7,350),(3922,1,2,274),(3923,1,20,313),(3924,1,16,335),(3925,0,10,174),(3926,1,17,15),(3927,1,20,54),(3928,0,7,54),(3929,1,15,195),(3930,1,4,270),(3931,0,2,72),(3932,0,10,309),(3933,0,20,310),(3934,0,6,406),(3935,1,19,229),(3936,0,7,274),(3937,1,13,349),(3938,1,15,386),(3939,1,14,87),(3940,1,17,242),(3941,0,11,312),(3942,0,3,214),(3943,0,18,323),(3944,1,4,74),(3945,1,16,411),(3946,0,2,6),(3947,1,7,66),(3948,1,16,242),(3949,1,6,407),(3950,0,18,26),(3951,1,3,121),(3952,1,2,357),(3953,1,12,102),(3954,1,20,99),(3955,0,7,104),(3956,1,5,222),(3957,1,15,162),(3958,0,19,334),(3959,0,1,291),(3960,1,18,12),(3961,0,4,352),(3962,1,4,270),(3963,1,4,239),(3964,0,20,280),(3965,0,7,337),(3966,1,19,314),(3967,0,4,237),(3968,1,7,288),(3969,0,14,358),(3970,0,4,313),(3971,1,2,140),(3972,0,12,249),(3973,1,19,330),(3974,1,6,80),(3975,1,12,246),(3976,0,13,54),(3977,0,3,4),(3978,1,5,82),(3979,0,6,251),(3980,1,3,80),(3981,1,1,406),(3982,0,10,193),(3983,1,1,46),(3984,1,5,174),(3985,1,16,322),(3986,1,9,158),(3987,0,8,323),(3988,1,7,79),(3989,1,5,333),(3990,1,8,123),(3991,0,5,151),(3992,1,9,145),(3993,0,18,191),(3994,1,18,232),(3995,1,15,404),(3996,0,10,275),(3997,1,17,86),(3998,1,6,235),(3999,0,13,387),(4000,0,8,294),(4001,0,14,188),(4002,1,15,193),(4003,0,18,105),(4004,1,1,107),(4005,0,14,143),(4006,0,6,398),(4007,1,6,362),(4008,0,16,357),(4009,1,12,52),(4010,1,11,386),(4011,0,20,175),(4012,0,5,156),(4013,1,11,3),(4014,1,6,155),(4015,1,8,411),(4016,1,5,413),(4017,0,5,153),(4018,1,6,378),(4019,0,3,298),(4020,0,18,148),(4021,1,5,372),(4022,0,12,280),(4023,1,6,282),(4024,1,13,240),(4025,0,13,13),(4026,1,18,316),(4027,1,2,137),(4028,1,13,178),(4029,1,6,341),(4030,0,16,168),(4031,0,5,113),(4032,0,12,88),(4033,1,10,74),(4034,1,15,308),(4035,0,14,357),(4036,1,18,323),(4037,0,15,219),(4038,1,9,252),(4039,1,4,161),(4040,0,16,220),(4041,0,6,28),(4042,0,17,174),(4043,1,14,367),(4044,1,2,239),(4045,1,18,213),(4046,0,2,116),(4047,0,15,49),(4048,1,10,364),(4049,0,16,30),(4050,1,17,147),(4051,1,17,37),(4052,0,10,135),(4053,0,20,383),(4054,1,4,278),(4055,1,11,307),(4056,0,3,46),(4057,0,19,119),(4058,1,5,143),(4059,1,15,110),(4060,0,19,286),(4061,1,6,304),(4062,1,5,409),(4063,1,10,13),(4064,1,5,124),(4065,0,9,189),(4066,1,16,346),(4067,0,17,406),(4068,0,2,400),(4069,0,17,316),(4070,0,10,54),(4071,0,1,223),(4072,0,14,251),(4073,1,10,74),(4074,0,16,223),(4075,1,10,152),(4076,1,15,405),(4077,0,3,363),(4078,1,11,108),(4079,1,5,308),(4080,1,17,22),(4081,0,6,182),(4082,0,15,375),(4083,0,6,88),(4084,0,11,153),(4085,0,1,383),(4086,1,3,201),(4087,1,2,156),(4088,0,7,87),(4089,1,18,134),(4090,0,19,183),(4091,1,17,352),(4092,0,5,153),(4093,0,20,172),(4094,1,9,2),(4095,0,19,154),(4096,0,2,333),(4097,0,19,125),(4098,0,9,119),(4099,1,20,209),(4100,0,4,308),(4101,0,14,85),(4102,1,20,16),(4103,1,19,72),(4104,1,19,168),(4105,0,8,402),(4106,0,5,9),(4107,0,15,383),(4108,0,19,184),(4109,1,16,89),(4110,0,4,112),(4111,0,1,356),(4112,1,17,26),(4113,1,13,240),(4114,1,5,407),(4115,1,11,102),(4116,1,3,133),(4117,0,5,57),(4118,1,2,22),(4119,0,1,241),(4120,1,9,221),(4121,1,16,342),(4122,0,17,311),(4123,1,17,112),(4124,0,13,11),(4125,1,13,350),(4126,0,11,272),(4127,1,2,267),(4128,1,14,347),(4129,1,6,164),(4130,1,13,3),(4131,0,13,20),(4132,1,4,312),(4133,0,9,134),(4134,0,19,390),(4135,1,3,415),(4136,1,18,256),(4137,0,11,356),(4138,1,13,34),(4139,0,4,137),(4140,1,7,68),(4141,0,17,202),(4142,0,4,64),(4143,0,5,372),(4144,1,3,102),(4145,0,17,271),(4146,0,15,126),(4147,0,6,28),(4148,0,12,80),(4149,0,15,85),(4150,1,8,304),(4151,1,20,402),(4152,0,7,363),(4153,1,4,407),(4154,0,18,63),(4155,0,20,127),(4156,0,12,58),(4157,1,1,21),(4158,1,5,377),(4159,1,9,307),(4160,1,2,313),(4161,1,18,351),(4162,0,18,333),(4163,0,12,273),(4164,1,5,393),(4165,1,19,418),(4166,0,18,345),(4167,0,3,401),(4168,1,8,54),(4169,1,15,161),(4170,0,16,350),(4171,1,16,18),(4172,1,20,53),(4173,0,8,298),(4174,0,13,381),(4175,1,9,259),(4176,1,10,4),(4177,0,14,160),(4178,0,7,197),(4179,0,16,277),(4180,1,6,294),(4181,0,9,310),(4182,0,20,248),(4183,1,12,167),(4184,0,1,125),(4185,1,13,226),(4186,0,13,207),(4187,1,2,365),(4188,1,13,368),(4189,1,17,358),(4190,1,1,10),(4191,1,2,125),(4192,0,1,339),(4193,1,4,271),(4194,0,14,202),(4195,0,7,404),(4196,0,20,240),(4197,0,8,361),(4198,0,13,396),(4199,0,5,347),(4200,1,1,222),(4201,0,4,72),(4202,1,12,248),(4203,0,19,7),(4204,0,14,225),(4205,0,4,178),(4206,0,11,278),(4207,1,9,397),(4208,1,15,353),(4209,1,1,96),(4210,1,4,234),(4211,0,4,1),(4212,1,15,14),(4213,1,15,182),(4214,0,12,241),(4215,1,6,227),(4216,1,2,73),(4217,1,20,110),(4218,0,18,288),(4219,1,14,346),(4220,1,2,142),(4221,0,12,278),(4222,1,5,414),(4223,0,18,113),(4224,0,1,379),(4225,1,11,62),(4226,1,7,56),(4227,1,3,254),(4228,0,10,17),(4229,1,12,291),(4230,0,5,23),(4231,0,6,70),(4232,1,11,43),(4233,1,13,385),(4234,1,17,381),(4235,1,8,375),(4236,0,17,39),(4237,1,18,274),(4238,0,7,291),(4239,1,6,183),(4240,0,5,398),(4241,0,3,270),(4242,1,2,294),(4243,0,1,52),(4244,1,11,409),(4245,0,8,77),(4246,1,3,46),(4247,0,9,316),(4248,0,10,281),(4249,0,7,47),(4250,0,7,110),(4251,1,12,409),(4252,0,10,29),(4253,0,5,17),(4254,1,10,378),(4255,1,4,176),(4256,0,8,141),(4257,0,6,62),(4258,1,15,418),(4259,1,16,337),(4260,0,6,159),(4261,1,2,397),(4262,1,14,15),(4263,1,12,298),(4264,1,18,30),(4265,1,8,308),(4266,0,17,85),(4267,1,14,313),(4268,1,11,131),(4269,0,13,411),(4270,1,20,344),(4271,0,7,12),(4272,0,17,414),(4273,1,6,299),(4274,0,9,124),(4275,1,8,407),(4276,1,9,365),(4277,1,4,281),(4278,1,9,316),(4279,1,10,168),(4280,1,1,325),(4281,1,2,237),(4282,1,10,194),(4283,1,16,40),(4284,1,16,325),(4285,0,14,96),(4286,1,14,56),(4287,1,13,308),(4288,1,3,95),(4289,0,5,3),(4290,0,8,14),(4291,0,2,120),(4292,0,9,40),(4293,1,9,193),(4294,1,17,201),(4295,1,4,146),(4296,1,13,40),(4297,1,3,291),(4298,0,7,187),(4299,1,5,255),(4300,1,12,309),(4301,0,1,92),(4302,1,12,356),(4303,0,14,169),(4304,1,7,362),(4305,1,7,189),(4306,1,2,353),(4307,0,20,109),(4308,1,12,53),(4309,0,15,118),(4310,0,6,20),(4311,1,1,292),(4312,0,13,121),(4313,0,3,395),(4314,1,18,119),(4315,0,13,255),(4316,0,20,247),(4317,1,6,272),(4318,0,20,316),(4319,1,9,349),(4320,1,10,22),(4321,0,7,237),(4322,0,7,116),(4323,1,9,275),(4324,1,5,218),(4325,0,5,81),(4326,1,14,65),(4327,1,12,113),(4328,0,13,134),(4329,0,8,98),(4330,0,2,409),(4331,0,18,146),(4332,1,13,68),(4333,1,10,373),(4334,0,10,347),(4335,1,4,323),(4336,1,4,287),(4337,0,20,351),(4338,1,13,6),(4339,1,9,223),(4340,0,16,14),(4341,0,10,180),(4342,1,5,106),(4343,1,8,42),(4344,1,5,406),(4345,0,8,104),(4346,0,7,416),(4347,0,7,74),(4348,0,6,66),(4349,0,5,25),(4350,0,3,394),(4351,0,11,241),(4352,1,14,314),(4353,1,16,170),(4354,1,7,149),(4355,0,7,359),(4356,0,10,113),(4357,0,9,263),(4358,0,1,363),(4359,0,10,386),(4360,0,4,9),(4361,1,13,89),(4362,1,8,224),(4363,1,6,408),(4364,1,12,411),(4365,0,11,67),(4366,1,5,230),(4367,1,4,185),(4368,1,10,14),(4369,1,7,128),(4370,0,4,388),(4371,0,20,150),(4372,0,3,122),(4373,0,16,86),(4374,1,2,358),(4375,1,13,278),(4376,1,8,266),(4377,1,4,249),(4378,0,13,387),(4379,1,6,375),(4380,0,11,238),(4381,1,20,397),(4382,1,5,272),(4383,1,14,96),(4384,0,12,107),(4385,0,11,8),(4386,1,1,407),(4387,1,10,394),(4388,1,1,165),(4389,0,14,325),(4390,0,5,47),(4391,0,12,305),(4392,1,2,16),(4393,1,3,80),(4394,1,15,327),(4395,0,11,78),(4396,1,11,349),(4397,1,8,230),(4398,0,19,324),(4399,0,1,420),(4400,0,12,364),(4401,1,13,209),(4402,0,14,4),(4403,0,14,45),(4404,1,1,20),(4405,0,16,51),(4406,1,12,200),(4407,0,14,255),(4408,1,4,147),(4409,0,6,344),(4410,1,19,274),(4411,0,5,152),(4412,1,7,388),(4413,0,17,313),(4414,0,9,160),(4415,1,7,178),(4416,0,1,256),(4417,0,11,296),(4418,1,6,333),(4419,1,19,257),(4420,0,18,247),(4421,1,1,34),(4422,1,12,156),(4423,1,5,194),(4424,0,6,27),(4425,1,11,287),(4426,0,20,418),(4427,1,8,129),(4428,1,8,307),(4429,0,11,408),(4430,0,10,92),(4431,0,7,162),(4432,1,5,338),(4433,1,13,160),(4434,0,7,230),(4435,1,15,19),(4436,0,7,395),(4437,0,4,40),(4438,1,6,122),(4439,1,2,365),(4440,1,5,227),(4441,0,20,161),(4442,0,13,148),(4443,1,8,148),(4444,0,17,350),(4445,0,7,182),(4446,0,6,65),(4447,1,18,282),(4448,0,4,187),(4449,1,16,145),(4450,1,9,380),(4451,0,14,334),(4452,0,8,331),(4453,0,16,408),(4454,1,6,227),(4455,0,19,30),(4456,0,14,181),(4457,0,19,379),(4458,0,8,1),(4459,0,6,56),(4460,0,16,193),(4461,1,4,79),(4462,0,14,81),(4463,0,18,44),(4464,0,7,320),(4465,0,20,308),(4466,0,19,348),(4467,0,20,284),(4468,0,14,148),(4469,0,13,134),(4470,0,4,285),(4471,1,3,261),(4472,1,12,297),(4473,1,10,115),(4474,1,10,44),(4475,1,5,20),(4476,1,8,86),(4477,1,13,69),(4478,0,2,59),(4479,0,13,385),(4480,1,3,114),(4481,0,10,125),(4482,0,3,130),(4483,0,12,55),(4484,1,1,300),(4485,0,2,245),(4486,0,13,340),(4487,0,6,27),(4488,0,3,195),(4489,0,18,222),(4490,1,17,198),(4491,1,20,400),(4492,1,11,41),(4493,1,16,341),(4494,1,13,11),(4495,1,6,335),(4496,1,12,283),(4497,0,3,196),(4498,1,12,291),(4499,0,13,350),(4500,1,12,274),(4501,1,17,5),(4502,0,12,148),(4503,0,10,149),(4504,1,9,150),(4505,0,3,357),(4506,1,16,341),(4507,1,15,409),(4508,1,6,199),(4509,0,2,412),(4510,0,5,353),(4511,1,4,337),(4512,0,4,415),(4513,1,3,269),(4514,0,17,166),(4515,0,8,210),(4516,1,7,320),(4517,0,14,13),(4518,1,7,409),(4519,0,7,256),(4520,0,4,163),(4521,1,6,97),(4522,0,3,44),(4523,0,11,100),(4524,0,2,313),(4525,0,18,52),(4526,0,18,77),(4527,0,8,351),(4528,1,8,347),(4529,0,8,415),(4530,0,16,49),(4531,0,10,216),(4532,1,4,140),(4533,1,14,167),(4534,1,12,408),(4535,1,20,417),(4536,0,14,76),(4537,0,18,170),(4538,0,9,267),(4539,1,7,337),(4540,0,2,385),(4541,1,20,199),(4542,0,10,49),(4543,1,15,322),(4544,1,17,333),(4545,1,3,316),(4546,0,19,391),(4547,0,16,212),(4548,1,13,292),(4549,1,3,339),(4550,0,9,20),(4551,0,6,342),(4552,1,16,132),(4553,0,4,365),(4554,1,3,268),(4555,0,18,241),(4556,1,18,138),(4557,1,3,128),(4558,1,14,143),(4559,0,9,369),(4560,0,4,127),(4561,1,8,401),(4562,0,18,123),(4563,1,20,278),(4564,0,18,236),(4565,1,18,227),(4566,1,2,81),(4567,0,18,85),(4568,1,19,149),(4569,1,12,402),(4570,1,4,260),(4571,1,4,339),(4572,1,3,147),(4573,0,18,107),(4574,1,8,419),(4575,0,14,93),(4576,1,12,227),(4577,0,5,103),(4578,0,8,17),(4579,1,14,61),(4580,1,13,363),(4581,0,3,406),(4582,0,14,104),(4583,1,4,189),(4584,1,19,171),(4585,1,5,162),(4586,1,19,253),(4587,1,8,143),(4588,0,19,93),(4589,0,15,201),(4590,0,17,353),(4591,1,13,277),(4592,1,12,358),(4593,0,13,314),(4594,0,12,311),(4595,0,13,177),(4596,0,3,400),(4597,1,6,383),(4598,1,11,385),(4599,1,16,178),(4600,0,17,366),(4601,1,15,133),(4602,1,9,223),(4603,0,17,398),(4604,0,15,188),(4605,1,1,69),(4606,0,13,86),(4607,0,13,352),(4608,1,15,392),(4609,0,1,337),(4610,0,20,418),(4611,0,12,363),(4612,0,20,83),(4613,0,8,51),(4614,1,2,300),(4615,0,15,2),(4616,1,2,265),(4617,0,2,232),(4618,1,15,49),(4619,1,7,404),(4620,1,6,380),(4621,0,3,203),(4622,0,20,145),(4623,0,10,265),(4624,0,5,224),(4625,0,4,139),(4626,0,20,21),(4627,1,4,282),(4628,1,20,331),(4629,1,7,288),(4630,0,11,101),(4631,1,15,273),(4632,1,9,55),(4633,1,15,137),(4634,0,19,420),(4635,0,5,315),(4636,1,15,283),(4637,1,2,295),(4638,0,4,38),(4639,0,20,10),(4640,0,7,184),(4641,1,17,413),(4642,0,4,121),(4643,1,6,25),(4644,0,19,70),(4645,0,2,385),(4646,1,16,41),(4647,1,20,50),(4648,1,18,406),(4649,0,8,291),(4650,0,5,134),(4651,1,15,316),(4652,0,1,78),(4653,1,8,300),(4654,0,14,296),(4655,1,2,124),(4656,0,12,26),(4657,1,9,47),(4658,0,9,413),(4659,0,2,12),(4660,0,11,107),(4661,0,1,314),(4662,0,5,72),(4663,1,18,340),(4664,1,12,79),(4665,0,7,102),(4666,0,3,38),(4667,0,14,233),(4668,0,2,167),(4669,1,1,198),(4670,1,13,17),(4671,0,18,28),(4672,1,3,344),(4673,0,2,170),(4674,0,13,89),(4675,1,13,136),(4676,0,4,169),(4677,0,13,118),(4678,0,10,176),(4679,1,10,269),(4680,0,7,290),(4681,0,13,2),(4682,0,10,370),(4683,1,17,20),(4684,0,11,399),(4685,0,15,274),(4686,1,11,151),(4687,0,3,406),(4688,0,5,310),(4689,1,6,290),(4690,1,1,230),(4691,1,5,232),(4692,1,2,25),(4693,0,1,6),(4694,1,8,394),(4695,1,5,286),(4696,1,13,356),(4697,0,19,377),(4698,0,15,84),(4699,0,7,96),(4700,1,2,159),(4701,0,8,229),(4702,1,17,373),(4703,1,15,292),(4704,1,1,61),(4705,1,6,161),(4706,1,16,312),(4707,0,17,297),(4708,0,2,268),(4709,0,17,405),(4710,0,5,170),(4711,1,9,212),(4712,0,2,325),(4713,1,11,339),(4714,1,16,159),(4715,1,12,58),(4716,0,14,407),(4717,0,16,17),(4718,0,6,134),(4719,1,18,135),(4720,0,16,281),(4721,0,7,281),(4722,0,14,271),(4723,1,20,287),(4724,0,11,368),(4725,0,20,329),(4726,0,16,296),(4727,0,9,345),(4728,0,12,33),(4729,0,12,373),(4730,0,15,152),(4731,1,6,83),(4732,1,1,212),(4733,1,16,339),(4734,1,18,335),(4735,0,18,343),(4736,0,15,11),(4737,0,14,150),(4738,0,6,395),(4739,0,13,410),(4740,1,14,255),(4741,1,15,57),(4742,0,10,314),(4743,0,6,67),(4744,1,10,103),(4745,1,2,345),(4746,1,12,94),(4747,1,5,387),(4748,0,18,420),(4749,0,2,214),(4750,0,17,254),(4751,1,1,121),(4752,1,5,101),(4753,1,1,314),(4754,0,14,228),(4755,1,16,371),(4756,0,15,234),(4757,0,18,345),(4758,0,14,339),(4759,1,4,365),(4760,1,1,27),(4761,1,17,340),(4762,0,15,334),(4763,0,5,196),(4764,1,15,387),(4765,0,13,30),(4766,1,7,50),(4767,0,14,209),(4768,0,18,20),(4769,0,15,259),(4770,1,3,252),(4771,1,8,308),(4772,1,9,408),(4773,0,19,81),(4774,1,17,286),(4775,0,4,394),(4776,0,19,125),(4777,1,7,7),(4778,0,2,338),(4779,1,20,153),(4780,1,1,283),(4781,0,9,91),(4782,0,16,183),(4783,0,12,153),(4784,0,17,413),(4785,1,12,197),(4786,0,1,131),(4787,1,2,321),(4788,0,18,219),(4789,1,14,308),(4790,1,1,357),(4791,0,5,252),(4792,0,4,395),(4793,0,8,34),(4794,0,6,31),(4795,0,9,145),(4796,1,4,276),(4797,1,12,406),(4798,0,7,137),(4799,0,7,142),(4800,1,19,207),(4801,0,11,311),(4802,1,16,197),(4803,0,14,224),(4804,1,18,229),(4805,1,20,82),(4806,0,9,410),(4807,0,5,267),(4808,0,10,309),(4809,0,5,75),(4810,0,10,196),(4811,0,8,246),(4812,1,8,398),(4813,1,20,252),(4814,1,10,371),(4815,0,16,18),(4816,1,20,402),(4817,0,12,386),(4818,0,7,51),(4819,1,11,370),(4820,0,7,127),(4821,1,9,21),(4822,0,1,44),(4823,1,12,410),(4824,1,18,303),(4825,1,12,212),(4826,0,5,121),(4827,1,19,24),(4828,1,19,383),(4829,1,20,353),(4830,0,17,366),(4831,0,9,364),(4832,1,7,310),(4833,1,4,273),(4834,1,18,86),(4835,0,18,317),(4836,1,7,120),(4837,0,9,187),(4838,0,4,394),(4839,0,17,96),(4840,1,20,307),(4841,1,10,185),(4842,1,4,48),(4843,0,4,395),(4844,0,6,307),(4845,0,4,241),(4846,1,8,369),(4847,0,1,370),(4848,1,8,344),(4849,1,4,290),(4850,1,4,373),(4851,0,2,166),(4852,0,18,296),(4853,1,13,112),(4854,1,4,392),(4855,1,20,248),(4856,0,8,277),(4857,0,20,150),(4858,0,19,360),(4859,1,3,249),(4860,1,12,256),(4861,1,15,397),(4862,1,10,112),(4863,0,15,405),(4864,1,12,127),(4865,0,18,233),(4866,1,10,2),(4867,1,2,383),(4868,0,18,244),(4869,1,13,222),(4870,1,1,303),(4871,0,4,146),(4872,0,3,269),(4873,1,20,99),(4874,1,4,8),(4875,1,8,165),(4876,0,17,212),(4877,0,7,416),(4878,1,6,237),(4879,0,1,148),(4880,0,17,335),(4881,0,6,238),(4882,0,4,142),(4883,0,3,411),(4884,0,4,374),(4885,1,15,207),(4886,0,16,28),(4887,0,15,368),(4888,0,1,278),(4889,0,19,282),(4890,0,16,320),(4891,0,12,317),(4892,1,16,286),(4893,1,15,114),(4894,1,7,155),(4895,0,4,361),(4896,0,4,404),(4897,1,18,387),(4898,1,4,333),(4899,1,13,181),(4900,0,13,90),(4901,0,4,418),(4902,0,18,20),(4903,1,16,175),(4904,1,15,105),(4905,0,12,231),(4906,0,18,86),(4907,1,9,361),(4908,1,19,258),(4909,1,2,388),(4910,1,8,323),(4911,0,13,214),(4912,0,1,175),(4913,0,7,71),(4914,0,14,126),(4915,1,4,134),(4916,1,17,214),(4917,0,18,397),(4918,1,11,279),(4919,0,2,337),(4920,1,11,277),(4921,1,7,231),(4922,0,7,109),(4923,1,4,111),(4924,1,14,219),(4925,1,15,32),(4926,1,20,402),(4927,0,3,379),(4928,1,5,52),(4929,0,7,374),(4930,1,8,304),(4931,1,18,280),(4932,0,11,224),(4933,1,19,394),(4934,1,15,137),(4935,0,2,16),(4936,0,16,42),(4937,0,19,7),(4938,0,19,341),(4939,0,9,45),(4940,0,4,41),(4941,0,6,278),(4942,0,15,16),(4943,0,3,255),(4944,0,9,303),(4945,0,10,20),(4946,1,15,52),(4947,1,14,244),(4948,0,4,299),(4949,0,9,81),(4950,1,10,53),(4951,0,16,177),(4952,1,18,273),(4953,1,13,419),(4954,0,6,238),(4955,0,3,4),(4956,1,7,65),(4957,0,15,3),(4958,0,16,84),(4959,1,15,241),(4960,1,6,329),(4961,0,1,9),(4962,0,9,329),(4963,0,5,380),(4964,1,4,416),(4965,0,4,293),(4966,0,12,326),(4967,0,5,33),(4968,0,15,176),(4969,1,12,406),(4970,1,3,42),(4971,0,11,360),(4972,0,4,72),(4973,0,16,355),(4974,1,4,298),(4975,1,8,405),(4976,0,18,31),(4977,1,9,75),(4978,0,4,23),(4979,0,13,140),(4980,1,13,247),(4981,1,15,399),(4982,1,8,136),(4983,0,14,213),(4984,1,8,156),(4985,0,10,338),(4986,1,18,175),(4987,0,13,33),(4988,1,3,183),(4989,0,9,169),(4990,1,7,279),(4991,0,13,122),(4992,1,2,371),(4993,0,4,71),(4994,1,2,416),(4995,0,19,19),(4996,0,7,5),(4997,1,7,347),(4998,0,19,163),(4999,1,19,180),(5000,0,19,147),(5001,1,16,367),(5002,1,13,24),(5003,0,1,172),(5004,0,9,262),(5005,1,19,141),(5006,1,10,226),(5007,1,5,309),(5008,0,19,308),(5009,0,2,297),(5010,1,20,160),(5011,1,1,86),(5012,0,11,222),(5013,1,3,16),(5014,0,2,232),(5015,0,10,283),(5016,1,4,323),(5017,0,18,213),(5018,1,12,357),(5019,0,6,65),(5020,0,8,334),(5021,0,4,259),(5022,1,12,281),(5023,1,18,163),(5024,1,10,299),(5025,1,2,355),(5026,0,9,317),(5027,0,11,252),(5028,1,6,405),(5029,1,12,274),(5030,1,19,60),(5031,1,6,168),(5032,0,6,372),(5033,1,17,340),(5034,1,15,154),(5035,1,8,406),(5036,1,7,271),(5037,0,8,91),(5038,0,6,203),(5039,0,8,310),(5040,0,11,153),(5041,0,8,221),(5042,0,7,250),(5043,1,13,396),(5044,0,18,385),(5045,0,5,191),(5046,0,17,257),(5047,0,1,279),(5048,0,11,366),(5049,1,14,6),(5050,0,9,409),(5051,1,3,392),(5052,1,13,86),(5053,0,9,322),(5054,0,10,386),(5055,1,2,318),(5056,1,1,418),(5057,1,16,377),(5058,1,3,205),(5059,1,1,355),(5060,1,10,233),(5061,1,13,241),(5062,1,14,101),(5063,1,18,140),(5064,1,14,56),(5065,1,15,204),(5066,1,4,351),(5067,0,10,109),(5068,1,8,113),(5069,0,17,231),(5070,0,6,339),(5071,1,7,26),(5072,1,17,281),(5073,0,10,383),(5074,1,14,335),(5075,0,15,195),(5076,0,12,161),(5077,0,14,154),(5078,0,10,134),(5079,0,4,44),(5080,0,8,259),(5081,0,2,56),(5082,0,11,182),(5083,0,14,123),(5084,1,20,33),(5085,1,14,205),(5086,0,18,26),(5087,0,2,385),(5088,1,5,237),(5089,1,5,108),(5090,0,17,5),(5091,1,15,100),(5092,0,19,186),(5093,0,14,394),(5094,1,8,98),(5095,1,9,256),(5096,1,16,238),(5097,1,20,190),(5098,0,15,293),(5099,0,14,216),(5100,1,5,116),(5101,1,19,228),(5102,0,3,125),(5103,0,4,217),(5104,1,7,152),(5105,1,3,178),(5106,1,17,31),(5107,0,8,393),(5108,0,19,268),(5109,1,4,238),(5110,0,17,3),(5111,1,15,19),(5112,0,13,264),(5113,0,5,371),(5114,1,11,264),(5115,0,9,75),(5116,1,17,395),(5117,0,15,212),(5118,1,19,414),(5119,1,2,271),(5120,0,5,292),(5121,1,17,126),(5122,1,18,91),(5123,0,1,411),(5124,1,12,31),(5125,1,3,75),(5126,1,7,387),(5127,1,12,81),(5128,1,19,119),(5129,1,11,260),(5130,1,3,268),(5131,1,11,269),(5132,0,20,295),(5133,0,1,229),(5134,0,4,61),(5135,1,6,25),(5136,0,10,241),(5137,0,6,115),(5138,1,6,350),(5139,1,6,238),(5140,0,5,61),(5141,0,13,158),(5142,0,16,219),(5143,0,12,300),(5144,0,13,85),(5145,0,6,164),(5146,1,15,330),(5147,1,9,234),(5148,1,20,43),(5149,0,5,164),(5150,0,20,391),(5151,1,3,78),(5152,1,20,324),(5153,1,18,111),(5154,1,11,79),(5155,1,12,413),(5156,1,11,348),(5157,1,8,377),(5158,1,18,401),(5159,1,5,399),(5160,0,5,60),(5161,0,8,236),(5162,1,12,243),(5163,1,6,193),(5164,0,10,397),(5165,1,17,186),(5166,0,14,405),(5167,1,4,60),(5168,1,14,70),(5169,0,15,178),(5170,1,10,205),(5171,1,10,352),(5172,0,20,108),(5173,0,2,209),(5174,0,13,314),(5175,0,4,126),(5176,1,8,357),(5177,1,20,54),(5178,0,10,14),(5179,0,7,242),(5180,1,7,46),(5181,0,11,357),(5182,1,6,139),(5183,1,9,73),(5184,1,7,250),(5185,1,12,173),(5186,0,15,408),(5187,0,20,360),(5188,0,4,393),(5189,1,7,228),(5190,1,17,29),(5191,0,9,79),(5192,0,18,57),(5193,1,20,365),(5194,1,10,17),(5195,0,11,416),(5196,1,9,54),(5197,1,2,245),(5198,0,7,364),(5199,1,16,132),(5200,1,14,159),(5201,1,20,42),(5202,1,13,28),(5203,1,15,77),(5204,1,9,75),(5205,1,20,166),(5206,1,20,147),(5207,1,7,381),(5208,0,19,289),(5209,0,16,70),(5210,0,1,69),(5211,0,5,262),(5212,0,13,71),(5213,0,15,286),(5214,0,14,181),(5215,1,13,363),(5216,0,10,152),(5217,1,6,299),(5218,0,18,206),(5219,0,19,111),(5220,0,15,367),(5221,1,9,361),(5222,0,9,68),(5223,1,20,239),(5224,1,20,44),(5225,1,18,204),(5226,1,4,35),(5227,1,11,340),(5228,0,5,129),(5229,0,13,394),(5230,1,3,163),(5231,1,8,212),(5232,1,2,26),(5233,1,4,283),(5234,1,7,122),(5235,1,8,131),(5236,1,11,203),(5237,0,15,341),(5238,0,16,75),(5239,1,14,307),(5240,1,14,296),(5241,0,19,142),(5242,0,2,137),(5243,0,20,110),(5244,1,17,216),(5245,0,15,14),(5246,0,15,239),(5247,1,2,55),(5248,0,18,327),(5249,0,13,101),(5250,0,7,342),(5251,1,11,191),(5252,0,17,184),(5253,0,17,56),(5254,0,16,240),(5255,0,4,264),(5256,0,19,209),(5257,1,5,31),(5258,1,16,69),(5259,0,4,315),(5260,1,17,77),(5261,1,3,317),(5262,0,6,2),(5263,0,1,407),(5264,0,11,233),(5265,1,19,213),(5266,0,5,383),(5267,1,20,35),(5268,1,4,126),(5269,1,15,345),(5270,1,11,101),(5271,0,18,365),(5272,1,4,273),(5273,0,14,336),(5274,1,3,395),(5275,0,3,391),(5276,0,5,175),(5277,0,19,188),(5278,0,1,321),(5279,1,6,251),(5280,1,13,366),(5281,0,15,227),(5282,0,20,412),(5283,1,6,109),(5284,1,10,71),(5285,0,12,122),(5286,0,17,417),(5287,1,15,187),(5288,0,15,189),(5289,1,13,239),(5290,1,18,265),(5291,0,2,300),(5292,0,10,69),(5293,0,17,169),(5294,1,11,120),(5295,1,20,62),(5296,0,12,181),(5297,1,11,300),(5298,0,14,92),(5299,0,2,220),(5300,0,16,15),(5301,0,1,360),(5302,1,16,38),(5303,0,3,6),(5304,1,7,209),(5305,1,18,87),(5306,0,14,343),(5307,1,2,228),(5308,1,20,260),(5309,0,20,402),(5310,0,15,89),(5311,0,13,244),(5312,1,17,371),(5313,0,8,2),(5314,1,17,67),(5315,0,8,335),(5316,1,10,325),(5317,0,14,300),(5318,0,6,314),(5319,1,6,357),(5320,1,9,313),(5321,1,5,314),(5322,1,6,26),(5323,0,19,152),(5324,1,16,391),(5325,1,8,400),(5326,1,7,249),(5327,0,5,253),(5328,0,20,47),(5329,1,7,66),(5330,1,1,182),(5331,1,7,372),(5332,1,19,12),(5333,0,20,324),(5334,0,4,242),(5335,0,1,55),(5336,1,12,379),(5337,1,4,201),(5338,0,12,14),(5339,0,1,383),(5340,0,16,27),(5341,0,19,145),(5342,0,17,205),(5343,1,2,6),(5344,1,17,43),(5345,0,18,370),(5346,1,3,229),(5347,0,1,400),(5348,0,4,351),(5349,1,16,362),(5350,0,16,362),(5351,1,3,183),(5352,0,6,206),(5353,1,14,170),(5354,0,17,337),(5355,0,18,115),(5356,1,13,324),(5357,1,10,403),(5358,0,15,139),(5359,0,10,41),(5360,0,11,416),(5361,0,19,400),(5362,0,4,139),(5363,0,5,253),(5364,1,9,52),(5365,1,19,2),(5366,1,13,372),(5367,0,6,341),(5368,0,5,151),(5369,0,12,193),(5370,1,17,293),(5371,0,19,353),(5372,1,8,282),(5373,1,10,87),(5374,0,20,397),(5375,1,20,279),(5376,1,8,21),(5377,1,20,245),(5378,0,1,372),(5379,0,8,193),(5380,0,10,201),(5381,0,8,113),(5382,1,5,366),(5383,0,12,343),(5384,0,10,67),(5385,0,20,108),(5386,1,6,159),(5387,1,2,324),(5388,0,1,6),(5389,0,11,214),(5390,1,12,375),(5391,0,7,161),(5392,0,10,27),(5393,0,14,38),(5394,1,11,77),(5395,1,17,387),(5396,0,14,280),(5397,0,2,53),(5398,0,4,363),(5399,1,11,182),(5400,0,12,117),(5401,0,10,419),(5402,0,11,278),(5403,0,3,38),(5404,0,10,405),(5405,1,2,411),(5406,1,15,80),(5407,0,9,56),(5408,1,7,233),(5409,1,3,353),(5410,0,15,116),(5411,1,18,122),(5412,1,18,189),(5413,1,4,378),(5414,0,19,111),(5415,0,17,65),(5416,1,2,142),(5417,0,18,108),(5418,1,18,311),(5419,1,14,373),(5420,0,20,168),(5421,1,9,124),(5422,0,13,223),(5423,1,3,382),(5424,1,19,399),(5425,1,9,405),(5426,1,3,163),(5427,0,7,372),(5428,0,18,72),(5429,0,3,75),(5430,1,10,301),(5431,1,15,81),(5432,0,15,142),(5433,1,2,147),(5434,0,16,306),(5435,1,17,234),(5436,1,1,177),(5437,1,16,74),(5438,1,4,409),(5439,0,19,205),(5440,0,18,125),(5441,1,9,317),(5442,0,12,371),(5443,1,5,319),(5444,1,11,137),(5445,1,14,155),(5446,1,14,364),(5447,1,14,111),(5448,1,6,317),(5449,0,3,409),(5450,1,2,162),(5451,1,20,365),(5452,1,2,184),(5453,0,1,176),(5454,0,5,330),(5455,0,12,185),(5456,1,18,38),(5457,0,20,35),(5458,1,7,107),(5459,1,16,300),(5460,0,14,157),(5461,1,20,74),(5462,0,12,236),(5463,1,19,6),(5464,1,3,74),(5465,1,9,176),(5466,0,5,275),(5467,1,14,15),(5468,0,13,61),(5469,0,9,175),(5470,1,17,231),(5471,1,3,354),(5472,1,9,349),(5473,1,6,270),(5474,1,5,201),(5475,0,12,336),(5476,1,16,90),(5477,0,20,277),(5478,1,10,263),(5479,1,6,271),(5480,0,19,347),(5481,1,5,219),(5482,1,11,132),(5483,1,6,375),(5484,1,2,197),(5485,1,3,138),(5486,1,11,89),(5487,1,15,10),(5488,1,5,25),(5489,1,1,256),(5490,0,5,249),(5491,0,11,83),(5492,1,8,92),(5493,1,7,160),(5494,1,1,12),(5495,0,1,253),(5496,0,11,254),(5497,1,4,42),(5498,1,7,105),(5499,1,12,162),(5500,1,14,104),(5501,0,13,81),(5502,1,10,204),(5503,0,10,82),(5504,1,2,337),(5505,0,16,34),(5506,0,7,135),(5507,1,12,272),(5508,0,2,268),(5509,0,16,191),(5510,1,17,390),(5511,1,12,36),(5512,1,14,22),(5513,1,9,279),(5514,0,2,25),(5515,0,20,308),(5516,1,2,275),(5517,0,9,172),(5518,1,6,78),(5519,0,10,98),(5520,0,7,122),(5521,0,9,115),(5522,0,17,356),(5523,1,19,18),(5524,0,12,205),(5525,0,17,386),(5526,1,11,145),(5527,1,18,86),(5528,0,18,26),(5529,1,17,21),(5530,1,9,316),(5531,1,6,121),(5532,1,20,239),(5533,1,1,383),(5534,1,16,72),(5535,0,8,331),(5536,1,1,314),(5537,1,19,202),(5538,0,5,345),(5539,1,11,186),(5540,0,4,130),(5541,1,3,109),(5542,0,1,247),(5543,1,14,211),(5544,1,18,112),(5545,1,16,33),(5546,0,17,84),(5547,0,6,46),(5548,1,1,294),(5549,1,19,293),(5550,1,20,5),(5551,1,14,191),(5552,0,7,348),(5553,0,10,137),(5554,0,11,85),(5555,0,15,247),(5556,0,18,348),(5557,1,5,173),(5558,1,4,232),(5559,1,2,260),(5560,1,11,383),(5561,0,14,290),(5562,0,9,341),(5563,1,17,306),(5564,0,3,415),(5565,1,5,24),(5566,0,16,225),(5567,1,19,222),(5568,1,5,330),(5569,1,17,293),(5570,1,18,289),(5571,0,11,111),(5572,1,5,80),(5573,0,9,370),(5574,1,4,32),(5575,0,13,302),(5576,1,11,137),(5577,1,20,408),(5578,1,15,5),(5579,1,11,376),(5580,0,4,249),(5581,0,17,93),(5582,1,4,230),(5583,1,19,133),(5584,1,13,49),(5585,1,5,107),(5586,0,13,97),(5587,1,3,56),(5588,1,16,217),(5589,1,17,361),(5590,1,6,379),(5591,1,11,317),(5592,1,3,68),(5593,0,8,226),(5594,1,12,137),(5595,0,19,98),(5596,0,11,263),(5597,0,2,156),(5598,1,16,273),(5599,1,2,367),(5600,1,2,149),(5601,0,5,46),(5602,1,2,328),(5603,1,11,149),(5604,1,20,235),(5605,1,3,8),(5606,0,15,30),(5607,1,4,65),(5608,1,3,265),(5609,1,18,389),(5610,1,7,193),(5611,0,18,207),(5612,1,9,226),(5613,0,5,37),(5614,1,14,340),(5615,1,10,352),(5616,1,14,69),(5617,1,16,360),(5618,0,10,251),(5619,1,4,5),(5620,1,4,279),(5621,0,6,334),(5622,1,10,156),(5623,0,11,114),(5624,1,12,388),(5625,0,18,187),(5626,1,11,43),(5627,1,4,407),(5628,0,6,405),(5629,1,9,241),(5630,1,9,41),(5631,1,12,191),(5632,0,15,397),(5633,0,20,136),(5634,0,14,296),(5635,0,5,145),(5636,0,2,420),(5637,1,2,17),(5638,1,7,242),(5639,1,20,117),(5640,0,11,187),(5641,0,18,96),(5642,1,15,35),(5643,0,13,375),(5644,0,4,257),(5645,1,11,128),(5646,1,5,195),(5647,0,11,249),(5648,1,20,161),(5649,0,17,160),(5650,1,17,270),(5651,1,7,388),(5652,1,3,248),(5653,1,9,244),(5654,0,6,164),(5655,0,19,215),(5656,0,16,61),(5657,0,18,394),(5658,1,3,410),(5659,0,8,232),(5660,1,19,416),(5661,1,10,90),(5662,0,1,121),(5663,0,2,153),(5664,1,1,313),(5665,1,6,287),(5666,1,17,57),(5667,0,6,335),(5668,1,4,312),(5669,0,20,406),(5670,1,15,239),(5671,1,14,377),(5672,1,13,300),(5673,0,14,54),(5674,0,14,399),(5675,1,11,337),(5676,1,9,359),(5677,0,13,245),(5678,1,18,326),(5679,1,20,207),(5680,0,5,242),(5681,1,3,352),(5682,0,3,223),(5683,0,4,35),(5684,0,1,75),(5685,0,11,292),(5686,1,9,245),(5687,1,9,187),(5688,1,5,395),(5689,0,11,198),(5690,1,15,329),(5691,0,2,416),(5692,0,8,364),(5693,0,20,378),(5694,1,8,176),(5695,1,12,223),(5696,1,16,48),(5697,1,8,398),(5698,0,15,109),(5699,1,6,18),(5700,1,2,154),(5701,1,10,68),(5702,0,17,379),(5703,0,4,111),(5704,1,2,49),(5705,0,5,89),(5706,0,1,168),(5707,1,1,165),(5708,0,10,293),(5709,1,7,232),(5710,0,11,148),(5711,1,12,304),(5712,1,1,221),(5713,0,16,5),(5714,1,15,136),(5715,1,2,39),(5716,0,9,82),(5717,1,2,101),(5718,1,5,120),(5719,0,7,411),(5720,1,16,84),(5721,1,4,80),(5722,1,14,282),(5723,0,9,324),(5724,0,20,179),(5725,0,11,318),(5726,1,3,121),(5727,0,17,382),(5728,1,5,90),(5729,0,1,240),(5730,0,8,164),(5731,0,17,89),(5732,1,4,282),(5733,0,3,190),(5734,1,5,42),(5735,0,14,350),(5736,1,20,360),(5737,0,14,37),(5738,1,7,108),(5739,0,14,250),(5740,0,4,81),(5741,1,19,17),(5742,1,7,34),(5743,1,11,355),(5744,1,5,311),(5745,0,17,78),(5746,0,7,80),(5747,1,13,68),(5748,1,18,135),(5749,0,8,313),(5750,1,2,186),(5751,0,2,65),(5752,0,19,277),(5753,1,17,406),(5754,0,16,354),(5755,1,5,90),(5756,1,2,89),(5757,1,9,229),(5758,1,15,87),(5759,0,11,21),(5760,0,20,174),(5761,1,12,343),(5762,1,20,405),(5763,1,5,106),(5764,0,13,392),(5765,0,12,166),(5766,0,14,286),(5767,0,12,222),(5768,1,1,37),(5769,0,17,105),(5770,1,13,185),(5771,0,3,83),(5772,1,15,76),(5773,1,10,226),(5774,1,3,72),(5775,0,1,12),(5776,1,10,311),(5777,1,12,61),(5778,0,8,61),(5779,1,16,416),(5780,1,4,366),(5781,0,11,404),(5782,0,7,42),(5783,1,6,284),(5784,0,12,320),(5785,1,3,311),(5786,0,7,131),(5787,0,8,20),(5788,0,12,116),(5789,0,17,105),(5790,0,10,359),(5791,1,8,63),(5792,0,10,189),(5793,1,12,268),(5794,1,2,238),(5795,0,6,419),(5796,1,15,281),(5797,1,8,106),(5798,0,17,55),(5799,1,8,100),(5800,1,16,215),(5801,0,15,110),(5802,0,11,128),(5803,0,9,54),(5804,1,7,10),(5805,0,20,246),(5806,0,4,112),(5807,1,7,17),(5808,1,7,396),(5809,0,14,240),(5810,0,3,214),(5811,0,4,269),(5812,0,15,377),(5813,1,19,320),(5814,1,19,180),(5815,0,2,364),(5816,0,16,237),(5817,0,19,183),(5818,0,18,120),(5819,0,7,290),(5820,1,4,155),(5821,1,4,4),(5822,1,19,125),(5823,0,20,272),(5824,0,11,15),(5825,0,19,324),(5826,1,16,353),(5827,1,19,373),(5828,1,5,48),(5829,0,2,87),(5830,0,20,195),(5831,1,18,24),(5832,1,16,372),(5833,1,11,200),(5834,1,6,59),(5835,1,17,396),(5836,1,10,224),(5837,0,2,267),(5838,0,5,104),(5839,0,6,191),(5840,1,11,61),(5841,1,8,403),(5842,1,8,133),(5843,0,6,245),(5844,0,16,74),(5845,1,1,149),(5846,1,8,141),(5847,0,15,205),(5848,1,19,227),(5849,1,13,116),(5850,1,12,272),(5851,0,12,407),(5852,1,13,12),(5853,1,9,410),(5854,0,3,112),(5855,0,18,354),(5856,0,5,150),(5857,0,6,44),(5858,1,20,411),(5859,1,8,372),(5860,1,13,306),(5861,1,18,110),(5862,1,3,318),(5863,1,14,172),(5864,1,10,221),(5865,0,10,223),(5866,0,20,403),(5867,0,8,178),(5868,0,11,130),(5869,1,2,364),(5870,1,2,110),(5871,0,15,113),(5872,1,10,294),(5873,1,13,347),(5874,1,20,119),(5875,0,10,372),(5876,0,16,288),(5877,0,5,57),(5878,1,15,20),(5879,1,8,198),(5880,0,10,416),(5881,1,14,231),(5882,0,1,2),(5883,1,10,139),(5884,0,18,64),(5885,1,17,232),(5886,0,11,106),(5887,1,15,30),(5888,1,15,244),(5889,1,13,299),(5890,1,17,261),(5891,1,19,215),(5892,0,13,349),(5893,1,2,419),(5894,0,15,119),(5895,1,8,145),(5896,0,19,330),(5897,0,10,327),(5898,1,10,349),(5899,1,12,392),(5900,1,13,100),(5901,1,5,251),(5902,0,20,412),(5903,0,19,211),(5904,1,14,96),(5905,0,6,370),(5906,0,4,73),(5907,0,11,43),(5908,1,9,243),(5909,1,7,339),(5910,0,9,175),(5911,0,1,197),(5912,1,10,288),(5913,1,13,302),(5914,1,6,29),(5915,1,10,291),(5916,1,11,135),(5917,0,18,309),(5918,1,17,56),(5919,0,3,402),(5920,1,9,113),(5921,1,3,11),(5922,1,2,49),(5923,0,3,380),(5924,1,6,79),(5925,0,9,344),(5926,0,19,386),(5927,0,2,181),(5928,1,7,163),(5929,0,17,204),(5930,1,16,13),(5931,0,15,364),(5932,0,3,293),(5933,1,12,263),(5934,1,10,360),(5935,0,3,204),(5936,1,3,240),(5937,0,2,366),(5938,0,12,380),(5939,1,4,232),(5940,0,19,316),(5941,1,17,340),(5942,0,5,98),(5943,0,17,114),(5944,0,4,408),(5945,1,5,118),(5946,1,11,127),(5947,0,3,159),(5948,0,18,291),(5949,1,9,145),(5950,1,20,345),(5951,1,18,371),(5952,0,1,242),(5953,0,16,343),(5954,1,7,49),(5955,0,20,1),(5956,1,7,30),(5957,0,17,289),(5958,0,18,320),(5959,1,17,55),(5960,0,1,110),(5961,1,3,110),(5962,0,17,221),(5963,1,6,316),(5964,0,13,58),(5965,0,20,112),(5966,0,6,201),(5967,0,20,74),(5968,0,5,383),(5969,1,10,144),(5970,1,18,390),(5971,0,5,11),(5972,1,1,300),(5973,1,19,37),(5974,1,15,347),(5975,0,17,70),(5976,1,1,175),(5977,0,8,236),(5978,1,19,12),(5979,1,20,94),(5980,1,17,33),(5981,0,5,386),(5982,0,19,412),(5983,1,18,177),(5984,0,5,335),(5985,0,2,370),(5986,0,17,108),(5987,1,19,302),(5988,0,17,366),(5989,0,3,301),(5990,1,16,35),(5991,0,11,336),(5992,1,12,69),(5993,0,10,47),(5994,1,16,413),(5995,1,1,3),(5996,0,15,309),(5997,0,17,418),(5998,1,2,156),(5999,1,2,367),(6000,1,2,278),(6001,0,20,172),(6002,0,12,360),(6003,1,10,56),(6004,1,4,381),(6005,1,5,136),(6006,0,8,385),(6007,0,16,330),(6008,1,7,220),(6009,1,8,366),(6010,0,15,418),(6011,1,7,266),(6012,0,13,108),(6013,0,14,206),(6014,0,1,354),(6015,1,3,338),(6016,0,7,213),(6017,1,11,337),(6018,1,17,134),(6019,1,7,310),(6020,0,1,56),(6021,1,6,311),(6022,0,2,342),(6023,1,13,133),(6024,0,2,362),(6025,1,17,259),(6026,0,2,5),(6027,1,2,151),(6028,1,14,139),(6029,0,9,132),(6030,0,19,400),(6031,0,5,32),(6032,0,1,49),(6033,0,12,274),(6034,1,2,219),(6035,1,8,392),(6036,1,20,417),(6037,0,7,181),(6038,0,18,226),(6039,1,16,64),(6040,0,10,15),(6041,0,1,159),(6042,0,8,184),(6043,0,16,419),(6044,1,14,370),(6045,1,12,400),(6046,0,1,207),(6047,0,10,262),(6048,0,3,378),(6049,1,9,274),(6050,1,8,150),(6051,1,10,21),(6052,1,14,305),(6053,1,16,223),(6054,0,19,207),(6055,1,3,357),(6056,1,16,110),(6057,1,9,57),(6058,0,11,141),(6059,0,12,82),(6060,1,18,239),(6061,1,8,40),(6062,1,1,22),(6063,1,15,21),(6064,1,11,268),(6065,1,4,405),(6066,1,12,123),(6067,1,3,413),(6068,0,8,75),(6069,1,11,292),(6070,1,7,81),(6071,1,1,2),(6072,0,16,410),(6073,0,20,84),(6074,0,10,146),(6075,1,6,23),(6076,1,8,94),(6077,1,8,217),(6078,0,2,417),(6079,0,2,351),(6080,1,13,389),(6081,0,12,6),(6082,1,4,30),(6083,1,19,167),(6084,0,1,85),(6085,0,16,119),(6086,0,12,333),(6087,0,16,328),(6088,0,1,240),(6089,1,13,237),(6090,1,12,258),(6091,1,13,333),(6092,0,19,376),(6093,1,2,208),(6094,0,5,315),(6095,0,1,260),(6096,0,17,155),(6097,1,4,314),(6098,1,12,119),(6099,0,5,370),(6100,0,11,205),(6101,0,7,209),(6102,0,19,100),(6103,0,17,374),(6104,1,16,76),(6105,1,8,187),(6106,1,7,157),(6107,0,5,4),(6108,1,14,30),(6109,1,16,185),(6110,0,15,23),(6111,0,15,75),(6112,1,18,247),(6113,1,8,219),(6114,1,12,232),(6115,0,5,29),(6116,1,14,71),(6117,1,13,266),(6118,1,17,94),(6119,0,2,223),(6120,1,6,268),(6121,1,19,382),(6122,0,15,170),(6123,1,11,383),(6124,1,8,414),(6125,0,11,147),(6126,0,18,396),(6127,0,15,297),(6128,0,7,396),(6129,1,5,333),(6130,1,16,203),(6131,0,19,180),(6132,0,9,282),(6133,1,1,36),(6134,1,5,217),(6135,0,6,170),(6136,1,3,32),(6137,1,19,353),(6138,1,7,114),(6139,0,14,181),(6140,0,13,280),(6141,1,4,278),(6142,1,16,226),(6143,0,15,51),(6144,0,19,206),(6145,1,8,238),(6146,1,14,193),(6147,1,16,397),(6148,0,2,74),(6149,0,7,4),(6150,1,7,30),(6151,0,19,412),(6152,1,3,379),(6153,0,4,183),(6154,1,3,202),(6155,1,7,385),(6156,1,13,256),(6157,0,1,191),(6158,0,20,294),(6159,0,1,217),(6160,1,18,247),(6161,0,10,29),(6162,1,12,414),(6163,0,11,411),(6164,1,10,112),(6165,1,14,94),(6166,1,18,348),(6167,1,5,379),(6168,0,7,222),(6169,0,10,13),(6170,0,6,418),(6171,1,3,199),(6172,0,16,113),(6173,0,13,329),(6174,0,9,256),(6175,1,17,180),(6176,1,20,124),(6177,0,17,156),(6178,0,15,89),(6179,0,4,420),(6180,1,1,223),(6181,0,12,376),(6182,0,7,191),(6183,1,5,159),(6184,1,11,22),(6185,1,5,206),(6186,1,13,96),(6187,1,19,83),(6188,1,14,312),(6189,0,14,310),(6190,0,4,403),(6191,1,13,272),(6192,1,9,28),(6193,1,17,216),(6194,0,7,94),(6195,0,7,140),(6196,0,13,250),(6197,0,14,402),(6198,1,11,411),(6199,1,19,326),(6200,0,5,145),(6201,1,19,246),(6202,1,19,358),(6203,1,3,252),(6204,1,12,87),(6205,1,17,274),(6206,0,5,182),(6207,1,12,336),(6208,1,13,419),(6209,0,5,227),(6210,0,3,315),(6211,1,10,32),(6212,0,14,413),(6213,0,5,46),(6214,0,8,310),(6215,0,10,59),(6216,1,14,170),(6217,1,15,117),(6218,1,14,185),(6219,0,6,320),(6220,0,9,399),(6221,1,12,197),(6222,1,9,32),(6223,1,1,385),(6224,1,12,67),(6225,0,3,20),(6226,1,16,232),(6227,0,13,26),(6228,0,2,326),(6229,0,16,339),(6230,1,16,178),(6231,1,19,233),(6232,0,8,98),(6233,0,7,270),(6234,0,11,17),(6235,0,7,219),(6236,0,6,406),(6237,1,13,232),(6238,0,13,238),(6239,1,13,309),(6240,1,20,338),(6241,0,8,289),(6242,1,5,171),(6243,0,1,30),(6244,1,13,66),(6245,1,2,239),(6246,0,9,191),(6247,0,18,220),(6248,1,5,34),(6249,1,5,372),(6250,1,2,60),(6251,0,18,367),(6252,1,12,39),(6253,1,11,51),(6254,1,19,179),(6255,0,17,126),(6256,1,10,121),(6257,1,3,219),(6258,0,10,109),(6259,1,5,226),(6260,1,9,413),(6261,1,1,276),(6262,1,20,185),(6263,0,14,256),(6264,0,3,172),(6265,0,8,272),(6266,0,12,122),(6267,0,15,103),(6268,1,10,25),(6269,0,16,35),(6270,1,18,128),(6271,1,14,182),(6272,0,1,362),(6273,0,16,238),(6274,0,19,90),(6275,0,9,244),(6276,0,15,354),(6277,1,4,193),(6278,0,20,161),(6279,0,1,214),(6280,1,6,172),(6281,0,5,362),(6282,0,6,61),(6283,0,13,85),(6284,1,13,184),(6285,0,16,215),(6286,1,15,220),(6287,0,8,368),(6288,0,11,344),(6289,0,9,156),(6290,0,11,276),(6291,1,4,413),(6292,1,16,9),(6293,1,14,18),(6294,0,2,184),(6295,0,11,108),(6296,0,7,134),(6297,1,14,28),(6298,1,10,392),(6299,0,20,356),(6300,0,18,314),(6301,0,18,65),(6302,1,3,96),(6303,0,3,219),(6304,0,6,88),(6305,0,18,262),(6306,1,17,240),(6307,1,16,138),(6308,1,1,303),(6309,0,19,203),(6310,1,16,203),(6311,0,12,383),(6312,0,20,409),(6313,1,17,238),(6314,0,20,418),(6315,1,8,278),(6316,1,6,55),(6317,0,8,63),(6318,1,5,307),(6319,0,17,329),(6320,0,3,229),(6321,1,20,64),(6322,0,16,352),(6323,1,16,62),(6324,0,1,200),(6325,0,20,30),(6326,1,6,13),(6327,0,12,86),(6328,0,2,264),(6329,1,19,189),(6330,1,9,39),(6331,0,13,135),(6332,1,13,19),(6333,1,11,318),(6334,0,6,70),(6335,1,8,85),(6336,0,13,203),(6337,0,14,39),(6338,1,15,96),(6339,0,11,44),(6340,0,9,288),(6341,1,2,22),(6342,0,4,227),(6343,0,1,377),(6344,0,1,63),(6345,0,4,164),(6346,0,6,95),(6347,1,3,300),(6348,0,9,242),(6349,1,18,373),(6350,1,12,83),(6351,0,5,109),(6352,1,8,211),(6353,0,7,353),(6354,0,2,417),(6355,1,17,324),(6356,0,16,367),(6357,0,19,311),(6358,0,18,281),(6359,0,15,194),(6360,0,18,52),(6361,0,16,206),(6362,1,3,405),(6363,0,8,306),(6364,1,16,213),(6365,0,2,166),(6366,1,14,113),(6367,1,6,43),(6368,0,14,129),(6369,1,16,417),(6370,1,8,374),(6371,1,10,61),(6372,0,18,224),(6373,1,15,123),(6374,0,17,420),(6375,0,10,111),(6376,0,17,275),(6377,1,15,301),(6378,0,18,106),(6379,0,13,104),(6380,1,13,83),(6381,0,1,137),(6382,1,18,412),(6383,1,6,413),(6384,1,14,311),(6385,0,3,408),(6386,1,15,59),(6387,0,12,250),(6388,1,4,280),(6389,1,3,367),(6390,1,15,337),(6391,0,16,386),(6392,0,18,41),(6393,0,12,107),(6394,1,9,282),(6395,0,7,102),(6396,0,18,139),(6397,0,16,391),(6398,0,3,399),(6399,1,14,84),(6400,1,4,22),(6401,0,4,330),(6402,0,7,77),(6403,0,10,213),(6404,0,17,47),(6405,1,8,218),(6406,1,19,292),(6407,0,5,313),(6408,1,16,80),(6409,1,19,283),(6410,0,13,188),(6411,0,10,414),(6412,1,4,341),(6413,1,15,155),(6414,1,4,323),(6415,1,3,380),(6416,0,10,180),(6417,1,6,362),(6418,0,9,400),(6419,1,9,284),(6420,1,13,15),(6421,1,17,365),(6422,1,11,60),(6423,1,6,250),(6424,1,4,239),(6425,0,13,392),(6426,1,15,379),(6427,1,4,127),(6428,1,2,115),(6429,1,17,64),(6430,1,20,298),(6431,0,2,49),(6432,1,7,169),(6433,1,8,58),(6434,1,13,224),(6435,1,20,153),(6436,0,9,5),(6437,1,16,101),(6438,0,1,215),(6439,0,6,219),(6440,1,8,225),(6441,0,10,160),(6442,1,19,240),(6443,0,19,49),(6444,1,11,275),(6445,0,18,316),(6446,1,17,398),(6447,0,5,339),(6448,0,14,281),(6449,0,13,16),(6450,0,18,122),(6451,1,4,138),(6452,1,11,12),(6453,1,12,237),(6454,0,17,72),(6455,1,9,282),(6456,0,13,54),(6457,1,5,379),(6458,1,9,330),(6459,1,7,219),(6460,0,8,212),(6461,1,4,138),(6462,0,1,35),(6463,0,20,64),(6464,1,13,32),(6465,0,15,396),(6466,1,12,129),(6467,0,6,96),(6468,0,18,39),(6469,1,14,218),(6470,0,6,69),(6471,0,11,42),(6472,0,10,392),(6473,1,11,58),(6474,1,11,256),(6475,0,11,42),(6476,0,5,356),(6477,0,7,155),(6478,1,14,125),(6479,1,16,146),(6480,1,3,290),(6481,1,9,235),(6482,0,19,262),(6483,1,12,335),(6484,0,12,405),(6485,0,18,175),(6486,1,15,350),(6487,1,17,85),(6488,1,6,264),(6489,1,17,403),(6490,1,4,61),(6491,1,19,404),(6492,1,3,338),(6493,0,4,144),(6494,0,8,269),(6495,1,16,307),(6496,0,17,160),(6497,1,4,266),(6498,0,18,4),(6499,1,6,133),(6500,1,18,381),(6501,0,14,161),(6502,0,11,232),(6503,1,9,195),(6504,0,11,244),(6505,0,10,71),(6506,0,4,325),(6507,0,11,47),(6508,1,12,108),(6509,1,4,78),(6510,0,7,188),(6511,1,17,160),(6512,1,11,134),(6513,0,7,265),(6514,1,13,335),(6515,0,10,340),(6516,0,20,77),(6517,1,8,303),(6518,0,12,417),(6519,1,6,149),(6520,0,16,61),(6521,0,9,163),(6522,0,16,42),(6523,0,4,50),(6524,1,1,197),(6525,1,16,382),(6526,0,19,128),(6527,1,15,320),(6528,1,15,124),(6529,1,9,28),(6530,1,4,222),(6531,0,15,159),(6532,1,9,375),(6533,0,13,407),(6534,0,11,21),(6535,1,5,75),(6536,0,20,408),(6537,1,16,231),(6538,1,8,394),(6539,0,1,149),(6540,1,8,321),(6541,0,12,91),(6542,1,12,145),(6543,1,16,276),(6544,1,7,229),(6545,0,14,119),(6546,0,13,5),(6547,0,6,77),(6548,1,7,418),(6549,1,5,321),(6550,0,7,328),(6551,0,8,190),(6552,0,20,383),(6553,1,18,388),(6554,1,16,168),(6555,0,10,89),(6556,0,20,253),(6557,1,11,405),(6558,1,18,410),(6559,1,19,63),(6560,1,9,268),(6561,0,1,79),(6562,0,16,168),(6563,0,10,407),(6564,0,2,262),(6565,1,9,286),(6566,1,2,187),(6567,0,9,248),(6568,0,3,10),(6569,1,15,105),(6570,0,20,389),(6571,1,6,143),(6572,1,20,95),(6573,0,6,12),(6574,1,8,243),(6575,1,18,312),(6576,0,3,231),(6577,1,16,275),(6578,0,18,108),(6579,0,11,34),(6580,1,15,154),(6581,0,1,247),(6582,0,9,72),(6583,0,11,221),(6584,0,3,166),(6585,0,16,232),(6586,0,11,209),(6587,0,4,226),(6588,1,3,160),(6589,1,8,272),(6590,1,11,9),(6591,1,4,189),(6592,0,1,75),(6593,0,8,287),(6594,1,16,126),(6595,0,18,276),(6596,0,11,389),(6597,0,1,368),(6598,0,19,237),(6599,1,12,150),(6600,0,4,384),(6601,0,20,166),(6602,0,2,378),(6603,1,2,28),(6604,1,19,209),(6605,1,12,295),(6606,0,10,262),(6607,0,16,130),(6608,0,18,44),(6609,0,4,270),(6610,1,16,40),(6611,1,17,221),(6612,0,17,112),(6613,0,10,135),(6614,1,3,306),(6615,1,6,258),(6616,0,1,154),(6617,1,15,84),(6618,1,8,359),(6619,1,9,415),(6620,1,15,4),(6621,1,6,101),(6622,0,6,320),(6623,0,20,408),(6624,0,20,166),(6625,0,11,16),(6626,0,2,375),(6627,1,2,86),(6628,0,18,13),(6629,0,2,390),(6630,0,18,321),(6631,0,7,383),(6632,1,6,248),(6633,0,20,288),(6634,0,16,1),(6635,0,7,407),(6636,0,13,58),(6637,1,7,119),(6638,1,5,211),(6639,0,19,224),(6640,1,4,126),(6641,1,7,359),(6642,0,3,183),(6643,0,4,308),(6644,0,20,305),(6645,0,18,194),(6646,0,20,329),(6647,0,3,108),(6648,0,4,37),(6649,0,18,184),(6650,0,18,409),(6651,0,19,357),(6652,0,20,280),(6653,0,9,105),(6654,0,6,169),(6655,1,3,250),(6656,0,3,100),(6657,1,18,283),(6658,1,10,71),(6659,1,9,207),(6660,1,7,11),(6661,0,15,172),(6662,0,18,211),(6663,1,5,356),(6664,0,3,363),(6665,1,15,166),(6666,0,5,380),(6667,0,4,137),(6668,1,13,93),(6669,0,13,378),(6670,1,8,171),(6671,1,3,149),(6672,0,1,375),(6673,0,13,135),(6674,1,19,372),(6675,1,12,102),(6676,1,6,139),(6677,1,18,147),(6678,1,8,56),(6679,0,7,130),(6680,1,12,411),(6681,0,3,168),(6682,1,8,335),(6683,1,5,293),(6684,0,15,348),(6685,1,9,250),(6686,1,20,387),(6687,1,10,372),(6688,1,9,97),(6689,0,18,130),(6690,0,16,171),(6691,0,6,151),(6692,0,3,81),(6693,0,2,134),(6694,1,9,111),(6695,0,7,23),(6696,0,2,108),(6697,1,12,127),(6698,0,14,391),(6699,0,7,201),(6700,0,19,285),(6701,1,17,182),(6702,0,3,114),(6703,1,17,302),(6704,0,4,229),(6705,1,2,197),(6706,1,6,349),(6707,0,4,202),(6708,0,5,205),(6709,0,10,21),(6710,1,5,253),(6711,1,17,249),(6712,1,2,20),(6713,1,19,200),(6714,0,5,25),(6715,1,10,5),(6716,1,15,253),(6717,0,9,71),(6718,1,13,27),(6719,0,11,335),(6720,1,20,215),(6721,0,4,68),(6722,0,5,29),(6723,0,17,150),(6724,0,20,369),(6725,0,18,275),(6726,1,12,409),(6727,1,15,325),(6728,1,5,358),(6729,0,4,337),(6730,0,16,403),(6731,1,6,68),(6732,0,16,331),(6733,1,1,159),(6734,1,8,360),(6735,1,2,373),(6736,1,7,13),(6737,0,7,107),(6738,0,15,348),(6739,1,13,170),(6740,1,4,38),(6741,0,8,11),(6742,1,7,406),(6743,0,10,12),(6744,1,14,296),(6745,1,16,77),(6746,1,18,397),(6747,0,2,320),(6748,1,4,420),(6749,0,17,4),(6750,1,4,369),(6751,0,18,285),(6752,0,14,351),(6753,1,15,40),(6754,0,2,383),(6755,0,15,361),(6756,0,1,104),(6757,0,7,110),(6758,1,6,318),(6759,0,1,34),(6760,0,18,183),(6761,1,11,100),(6762,1,5,353),(6763,1,1,11),(6764,0,17,110),(6765,0,17,31),(6766,1,19,137),(6767,0,3,330),(6768,1,12,200),(6769,0,3,157),(6770,1,1,62),(6771,1,11,335),(6772,1,3,36),(6773,0,11,200),(6774,1,18,161),(6775,0,6,275),(6776,1,5,372),(6777,1,20,60),(6778,1,14,235),(6779,0,3,382),(6780,0,16,334),(6781,1,6,333),(6782,0,20,242),(6783,1,19,334),(6784,1,4,334),(6785,1,8,166),(6786,1,19,81),(6787,1,13,236),(6788,1,8,364),(6789,0,20,259),(6790,1,13,22),(6791,1,20,46),(6792,1,6,186),(6793,1,15,275),(6794,1,19,289),(6795,0,12,119),(6796,0,3,229),(6797,0,14,202),(6798,1,10,152),(6799,1,9,255),(6800,1,4,335),(6801,0,12,412),(6802,1,12,336),(6803,1,2,241),(6804,1,6,306),(6805,1,4,364),(6806,0,9,232),(6807,1,8,64),(6808,0,4,182),(6809,0,12,218),(6810,0,14,303),(6811,1,10,152),(6812,1,20,257),(6813,1,8,71),(6814,1,16,399),(6815,0,13,149),(6816,0,20,83),(6817,1,20,387),(6818,0,10,52),(6819,1,13,7),(6820,0,14,7),(6821,0,5,142),(6822,1,12,293),(6823,1,12,4),(6824,1,10,145),(6825,1,4,123),(6826,0,13,79),(6827,1,10,20),(6828,0,13,244),(6829,0,16,319),(6830,1,8,319),(6831,0,13,273),(6832,0,3,73),(6833,1,17,200),(6834,0,10,10),(6835,1,17,350),(6836,1,13,246),(6837,0,4,145),(6838,0,15,175),(6839,1,6,192),(6840,0,18,393),(6841,0,16,266),(6842,0,8,69),(6843,0,18,208),(6844,1,11,142),(6845,1,3,18),(6846,1,9,101),(6847,0,19,373),(6848,0,19,27),(6849,0,10,141),(6850,0,15,404),(6851,1,8,308),(6852,1,7,376),(6853,0,7,241),(6854,1,20,416),(6855,0,19,419),(6856,0,2,27),(6857,1,6,80),(6858,1,16,392),(6859,0,9,348),(6860,1,14,189),(6861,0,12,304),(6862,1,15,161),(6863,1,6,61),(6864,0,7,223),(6865,0,8,231),(6866,0,1,20),(6867,0,17,327),(6868,1,14,204),(6869,1,11,4),(6870,0,6,197),(6871,0,7,233),(6872,1,9,125),(6873,1,19,129),(6874,1,14,408),(6875,0,5,219),(6876,1,3,311),(6877,0,12,311),(6878,0,9,281),(6879,1,14,71),(6880,0,14,412),(6881,1,14,383),(6882,1,12,362),(6883,1,14,66),(6884,1,5,106),(6885,1,7,275),(6886,0,15,84),(6887,0,20,406),(6888,1,16,241),(6889,1,1,72),(6890,0,12,224),(6891,0,11,56),(6892,0,10,31),(6893,0,12,54),(6894,0,15,266),(6895,1,2,265),(6896,1,14,272),(6897,1,14,417),(6898,0,18,219),(6899,0,12,30),(6900,0,13,406),(6901,1,7,227),(6902,1,3,126),(6903,1,18,270),(6904,0,13,155),(6905,1,4,117),(6906,0,13,292),(6907,0,12,50),(6908,0,13,16),(6909,1,20,398),(6910,0,10,412),(6911,0,4,112),(6912,1,3,217),(6913,1,10,101),(6914,1,12,8),(6915,0,16,63),(6916,0,10,384),(6917,1,11,169),(6918,0,3,130),(6919,0,17,89),(6920,1,4,188),(6921,0,15,282),(6922,0,12,416),(6923,1,12,230),(6924,0,13,2),(6925,0,13,119),(6926,0,8,92),(6927,1,15,206),(6928,0,12,360),(6929,0,2,270),(6930,0,7,269),(6931,1,4,220),(6932,1,3,302),(6933,0,16,396),(6934,0,11,259),(6935,0,2,318),(6936,0,3,304),(6937,1,13,126),(6938,1,19,293),(6939,0,16,379),(6940,0,5,27),(6941,1,18,330),(6942,1,1,228),(6943,1,13,319),(6944,0,5,175),(6945,0,4,395),(6946,1,5,244),(6947,1,12,142),(6948,0,5,244),(6949,1,1,363),(6950,1,3,151),(6951,1,18,193),(6952,1,11,199),(6953,1,17,417),(6954,1,4,258),(6955,1,5,193),(6956,1,15,391),(6957,0,12,258),(6958,1,16,232),(6959,0,17,307),(6960,0,20,341),(6961,1,18,160),(6962,0,17,327),(6963,0,9,132),(6964,1,3,209),(6965,1,7,247),(6966,0,20,80),(6967,1,13,208),(6968,0,1,52),(6969,0,16,139),(6970,0,7,308),(6971,1,9,101),(6972,0,8,226),(6973,0,18,337),(6974,1,19,142),(6975,0,19,274),(6976,0,4,133),(6977,1,17,235),(6978,1,14,288),(6979,0,2,288),(6980,0,11,294),(6981,1,15,26),(6982,1,20,4),(6983,0,15,298),(6984,1,16,136),(6985,1,20,154),(6986,0,14,409),(6987,0,7,303),(6988,1,2,100),(6989,1,4,109),(6990,0,8,191),(6991,0,18,181),(6992,0,7,45),(6993,1,1,356),(6994,1,17,410),(6995,0,3,351),(6996,1,1,255),(6997,1,11,167),(6998,1,8,190),(6999,0,12,20),(7000,1,1,204),(7001,0,19,130),(7002,1,4,348),(7003,1,9,368),(7004,1,11,95),(7005,0,6,316),(7006,0,1,250),(7007,0,18,259),(7008,0,3,98),(7009,0,9,13),(7010,0,11,333),(7011,0,14,351),(7012,1,11,3),(7013,0,1,407),(7014,0,17,209),(7015,1,16,49),(7016,0,10,133),(7017,0,9,34),(7018,0,4,94),(7019,0,10,132),(7020,1,9,93),(7021,0,11,388),(7022,1,20,293),(7023,0,5,296),(7024,1,20,162),(7025,0,17,134),(7026,0,4,285),(7027,1,15,129),(7028,1,6,404),(7029,1,5,267),(7030,1,20,377),(7031,0,11,411),(7032,1,4,209),(7033,0,14,312),(7034,1,4,192),(7035,1,9,374),(7036,0,20,136),(7037,0,18,192),(7038,0,13,42),(7039,0,19,52),(7040,1,16,239),(7041,0,10,375),(7042,1,18,330),(7043,1,17,1),(7044,1,16,268),(7045,1,12,230),(7046,1,19,399),(7047,1,3,151),(7048,1,7,370),(7049,1,5,370),(7050,1,3,71),(7051,1,5,155),(7052,0,1,357),(7053,0,4,114),(7054,0,9,29),(7055,1,18,262),(7056,0,2,181),(7057,1,8,231),(7058,1,9,48),(7059,0,4,87),(7060,0,17,416),(7061,1,5,145),(7062,1,20,325),(7063,1,8,59),(7064,1,20,57),(7065,1,16,113),(7066,1,11,230),(7067,0,8,58),(7068,0,10,360),(7069,0,12,5),(7070,1,13,145),(7071,0,9,129),(7072,1,9,371),(7073,0,16,48),(7074,1,14,70),(7075,0,6,47),(7076,1,2,102),(7077,1,16,351),(7078,1,19,131),(7079,0,4,414),(7080,1,1,89),(7081,0,19,275),(7082,1,17,5),(7083,1,9,405),(7084,1,19,53),(7085,0,10,59),(7086,1,5,53),(7087,0,4,167),(7088,0,8,344),(7089,1,16,80),(7090,0,1,140),(7091,0,3,320),(7092,0,12,16),(7093,0,11,149),(7094,1,2,391),(7095,1,20,40),(7096,1,6,164),(7097,1,6,71),(7098,1,8,359),(7099,1,20,102),(7100,1,17,329),(7101,1,2,133),(7102,1,19,355),(7103,0,7,404),(7104,0,5,80),(7105,0,1,362),(7106,1,15,148),(7107,1,12,387),(7108,1,20,130),(7109,1,8,397),(7110,0,16,91),(7111,0,4,213),(7112,0,4,237),(7113,0,5,281),(7114,0,5,54),(7115,1,18,221),(7116,1,2,392),(7117,0,20,40),(7118,1,19,397),(7119,0,3,133),(7120,0,7,250),(7121,1,16,309),(7122,0,8,291),(7123,0,12,334),(7124,0,13,214),(7125,0,3,378),(7126,1,6,51),(7127,0,3,374),(7128,1,13,284),(7129,0,13,420),(7130,1,1,112),(7131,0,16,71),(7132,1,10,348),(7133,0,4,239),(7134,0,16,377),(7135,0,19,219),(7136,0,10,180),(7137,1,19,239),(7138,0,11,91),(7139,1,15,287),(7140,1,15,72),(7141,0,16,195),(7142,1,3,201),(7143,1,11,394),(7144,1,9,171),(7145,0,13,237),(7146,1,7,304),(7147,1,17,334),(7148,0,5,262),(7149,1,3,55),(7150,1,16,293),(7151,1,9,329),(7152,0,14,220),(7153,0,4,279),(7154,0,2,409),(7155,1,19,287),(7156,1,6,363),(7157,1,19,263),(7158,1,2,239),(7159,0,7,101),(7160,1,3,186),(7161,1,2,265),(7162,1,17,103),(7163,1,13,5),(7164,1,3,178),(7165,1,4,314),(7166,0,2,358),(7167,1,4,332),(7168,0,17,180),(7169,0,16,90),(7170,0,1,294),(7171,0,9,332),(7172,0,9,249),(7173,1,6,37),(7174,1,4,209),(7175,1,11,333),(7176,0,13,36),(7177,1,6,223),(7178,0,5,21),(7179,0,11,397),(7180,0,13,127),(7181,0,15,287),(7182,0,5,263),(7183,1,18,28),(7184,1,9,205),(7185,0,20,218),(7186,1,3,222),(7187,1,1,186),(7188,0,19,50),(7189,0,11,265),(7190,0,3,404),(7191,0,6,41),(7192,1,4,231),(7193,1,18,81),(7194,0,13,174),(7195,0,6,19),(7196,1,1,169),(7197,1,5,91),(7198,0,3,86),(7199,1,10,358),(7200,0,3,302),(7201,0,13,281),(7202,1,17,66),(7203,1,1,375),(7204,0,12,343),(7205,0,7,119),(7206,1,10,369),(7207,0,20,285),(7208,1,7,281),(7209,1,18,197),(7210,1,7,243),(7211,0,17,136),(7212,1,14,91),(7213,1,8,385),(7214,0,10,408),(7215,1,7,121),(7216,1,17,392),(7217,1,11,73),(7218,1,1,373),(7219,0,10,34),(7220,0,12,350),(7221,1,3,390),(7222,1,11,412),(7223,1,9,78),(7224,0,18,49),(7225,0,14,133),(7226,0,1,346),(7227,1,19,72),(7228,1,7,14),(7229,0,1,192),(7230,0,12,58),(7231,1,4,79),(7232,1,7,135),(7233,1,1,291),(7234,0,20,170),(7235,0,3,127),(7236,1,18,267),(7237,0,13,204),(7238,0,13,88),(7239,1,6,257),(7240,1,13,219),(7241,1,12,215),(7242,0,7,106),(7243,1,8,67),(7244,0,13,263),(7245,0,14,304),(7246,1,20,14),(7247,1,15,353),(7248,0,1,279),(7249,0,4,261),(7250,1,18,291),(7251,1,13,333),(7252,1,9,342),(7253,1,11,385),(7254,0,15,223),(7255,1,15,233),(7256,1,18,211),(7257,1,10,290),(7258,0,15,195),(7259,1,14,276),(7260,0,9,298),(7261,0,13,53),(7262,1,3,203),(7263,1,11,88),(7264,1,2,241),(7265,1,4,132),(7266,0,3,148),(7267,1,17,165),(7268,1,18,285),(7269,1,19,52),(7270,0,2,87),(7271,0,13,397),(7272,0,15,23),(7273,0,13,268),(7274,1,7,197),(7275,0,6,259),(7276,0,7,219),(7277,0,18,371),(7278,0,10,230),(7279,0,19,414),(7280,0,11,268),(7281,0,3,295),(7282,0,9,110),(7283,0,4,229),(7284,0,3,180),(7285,0,9,380),(7286,0,1,125),(7287,0,11,255),(7288,0,3,19),(7289,0,14,131),(7290,1,3,223),(7291,1,18,81),(7292,0,1,286),(7293,0,2,365),(7294,1,8,136),(7295,1,2,230),(7296,1,10,75),(7297,1,8,190),(7298,0,1,198),(7299,1,14,158),(7300,0,12,62),(7301,1,6,110),(7302,1,19,26),(7303,0,1,160),(7304,0,5,166),(7305,1,7,15),(7306,1,14,101),(7307,1,19,185),(7308,1,11,57),(7309,0,1,282),(7310,0,17,206),(7311,0,7,177),(7312,0,2,24),(7313,1,7,260),(7314,1,6,231),(7315,0,4,276),(7316,1,15,233),(7317,0,3,275),(7318,1,7,89),(7319,0,17,20),(7320,1,11,291),(7321,0,8,308),(7322,0,17,363),(7323,0,14,374),(7324,1,13,288),(7325,0,1,323),(7326,0,8,195),(7327,0,5,40),(7328,1,10,383),(7329,0,8,250),(7330,1,14,72),(7331,0,19,404),(7332,0,9,78),(7333,0,13,131),(7334,1,1,310),(7335,0,11,296),(7336,0,9,64),(7337,1,15,153),(7338,1,1,339),(7339,1,11,297),(7340,0,1,340),(7341,1,4,43),(7342,0,10,310),(7343,0,8,128),(7344,1,8,311),(7345,0,7,319),(7346,0,19,92),(7347,0,3,284),(7348,1,5,207),(7349,1,7,176),(7350,0,11,15),(7351,0,17,382),(7352,0,8,344),(7353,0,1,163),(7354,1,7,379),(7355,0,2,240),(7356,0,8,337),(7357,0,5,174),(7358,0,19,61),(7359,0,4,391),(7360,1,3,83),(7361,0,13,100),(7362,0,2,175),(7363,0,11,366),(7364,1,20,291),(7365,0,5,293),(7366,0,6,29),(7367,1,19,45),(7368,1,7,303),(7369,1,14,209),(7370,0,16,410),(7371,0,16,381),(7372,1,17,419),(7373,0,1,180),(7374,1,1,31),(7375,1,13,325),(7376,1,18,299),(7377,1,19,276),(7378,0,19,268),(7379,0,3,138),(7380,1,2,189),(7381,1,14,185),(7382,0,20,365),(7383,1,13,255),(7384,0,5,408),(7385,0,1,139),(7386,1,4,376),(7387,1,2,415),(7388,0,20,101),(7389,0,16,411),(7390,0,18,302),(7391,0,2,29),(7392,1,3,4),(7393,0,9,105),(7394,0,14,250),(7395,0,19,46),(7396,0,10,201),(7397,1,12,165),(7398,1,19,16),(7399,0,18,318),(7400,1,16,43),(7401,0,10,220),(7402,0,1,96),(7403,0,5,263),(7404,0,9,130),(7405,1,19,396),(7406,0,17,281),(7407,1,17,119),(7408,0,20,286),(7409,0,12,239),(7410,1,16,298),(7411,0,6,394),(7412,0,7,139),(7413,0,12,316),(7414,1,17,295),(7415,0,1,13),(7416,1,12,157),(7417,0,16,148),(7418,0,15,102),(7419,1,19,386),(7420,0,19,189),(7421,1,7,366),(7422,1,11,417),(7423,1,4,270),(7424,1,4,12),(7425,0,20,156),(7426,0,14,417),(7427,0,3,31),(7428,0,6,278),(7429,0,1,340),(7430,1,9,212),(7431,0,4,81),(7432,1,2,266),(7433,1,4,232),(7434,0,3,263),(7435,1,16,282),(7436,1,2,217),(7437,1,17,280),(7438,0,18,195),(7439,1,19,235),(7440,0,11,88),(7441,0,11,90),(7442,0,19,185),(7443,0,6,273),(7444,0,1,113),(7445,1,2,222),(7446,1,13,21),(7447,0,8,289),(7448,0,16,396),(7449,1,6,108),(7450,1,16,337),(7451,1,8,216),(7452,1,8,406),(7453,1,4,358),(7454,1,19,165),(7455,1,3,156),(7456,1,11,228),(7457,1,19,44),(7458,1,2,119),(7459,1,5,120),(7460,1,16,253),(7461,0,20,49),(7462,0,15,260),(7463,1,11,103),(7464,0,16,251),(7465,0,2,53),(7466,0,1,148),(7467,1,3,391),(7468,0,2,387),(7469,1,15,327),(7470,0,4,205),(7471,0,18,312),(7472,0,1,53),(7473,1,18,384),(7474,1,3,234),(7475,0,18,160),(7476,1,10,404),(7477,0,15,84),(7478,0,16,78),(7479,1,3,271),(7480,1,14,126),(7481,0,6,142),(7482,0,3,311),(7483,0,6,148),(7484,0,17,331),(7485,1,19,229),(7486,1,10,309),(7487,1,3,176),(7488,0,20,415),(7489,1,3,48),(7490,0,18,169),(7491,1,12,229),(7492,0,15,245),(7493,1,14,237),(7494,1,15,125),(7495,0,13,186),(7496,1,11,250),(7497,0,4,216),(7498,0,16,369),(7499,0,8,48),(7500,1,17,11),(7501,1,18,275),(7502,0,13,368),(7503,0,10,177),(7504,0,8,401),(7505,0,6,144),(7506,0,2,367),(7507,1,5,103),(7508,0,1,141),(7509,1,3,56),(7510,0,4,71),(7511,1,10,27),(7512,0,1,35),(7513,0,3,304),(7514,1,5,340),(7515,0,11,43),(7516,0,9,77),(7517,0,16,224),(7518,1,13,216),(7519,0,11,72),(7520,1,4,250),(7521,1,1,140),(7522,1,15,372),(7523,0,14,352),(7524,0,3,10),(7525,0,15,200),(7526,0,13,17),(7527,0,7,180),(7528,1,2,192),(7529,0,2,374),(7530,0,2,369),(7531,1,4,418),(7532,1,4,381),(7533,1,16,83),(7534,1,19,46),(7535,1,13,201),(7536,1,9,211),(7537,0,5,54),(7538,0,10,24),(7539,0,6,276),(7540,0,4,164),(7541,0,7,182),(7542,0,19,273),(7543,1,12,179),(7544,0,7,166),(7545,0,2,195),(7546,0,14,163),(7547,0,10,194),(7548,0,10,129),(7549,0,16,289),(7550,0,20,326),(7551,1,15,180),(7552,0,4,61),(7553,1,17,378),(7554,0,5,394),(7555,0,4,251),(7556,1,5,109),(7557,1,5,302),(7558,1,14,214),(7559,1,11,108),(7560,0,4,175),(7561,0,10,140),(7562,1,20,298),(7563,1,11,330),(7564,0,11,231),(7565,0,8,358),(7566,0,17,243),(7567,0,2,236),(7568,0,3,287),(7569,0,7,53),(7570,0,4,225),(7571,1,10,406),(7572,1,1,48),(7573,1,16,374),(7574,1,20,221),(7575,0,14,361),(7576,0,4,10),(7577,1,14,202),(7578,0,11,27),(7579,0,17,375),(7580,1,4,411),(7581,1,12,196),(7582,1,7,155),(7583,0,6,23),(7584,1,9,205),(7585,1,6,105),(7586,1,16,363),(7587,1,17,123),(7588,0,8,401),(7589,0,8,291),(7590,1,10,34),(7591,1,19,398),(7592,0,11,360),(7593,0,3,111),(7594,1,5,113),(7595,1,18,345),(7596,0,14,238),(7597,0,8,25),(7598,1,2,222),(7599,0,8,225),(7600,1,20,343),(7601,0,14,208),(7602,0,4,64),(7603,0,17,365),(7604,0,14,10),(7605,0,11,35),(7606,1,6,380),(7607,1,15,83),(7608,0,12,97),(7609,0,4,134),(7610,1,16,68),(7611,1,16,270),(7612,0,18,323),(7613,1,2,334),(7614,0,17,230),(7615,1,9,51),(7616,0,8,31),(7617,0,2,191),(7618,0,19,9),(7619,0,14,147),(7620,0,12,160),(7621,0,7,153),(7622,1,12,148),(7623,1,3,352),(7624,0,2,246),(7625,1,12,249),(7626,0,6,147),(7627,0,7,211),(7628,0,15,153),(7629,0,2,177),(7630,0,1,21),(7631,1,15,90),(7632,1,6,232),(7633,1,10,87),(7634,1,5,273),(7635,0,13,64),(7636,0,13,219),(7637,0,12,130),(7638,1,5,115),(7639,1,18,391),(7640,0,1,188),(7641,1,5,165),(7642,0,5,51),(7643,0,12,355),(7644,0,5,386),(7645,1,1,70),(7646,1,3,101),(7647,1,18,193),(7648,0,15,204),(7649,0,15,37),(7650,0,13,205),(7651,0,18,312),(7652,1,15,229),(7653,0,19,198),(7654,0,1,224),(7655,0,5,173),(7656,1,2,132),(7657,1,19,198),(7658,1,2,418),(7659,1,14,286),(7660,1,4,99),(7661,1,6,92),(7662,1,13,201),(7663,1,3,187),(7664,0,5,408),(7665,0,7,20),(7666,0,9,26),(7667,1,1,419),(7668,0,16,245),(7669,0,6,85),(7670,0,12,154),(7671,0,6,406),(7672,1,1,212),(7673,0,5,353),(7674,1,6,340),(7675,0,4,364),(7676,0,9,2),(7677,1,15,339),(7678,0,7,388),(7679,1,8,272),(7680,0,5,229),(7681,0,3,77),(7682,0,19,49),(7683,1,10,405),(7684,1,14,202),(7685,0,20,161),(7686,0,16,303),(7687,1,1,331),(7688,1,4,351),(7689,1,4,316),(7690,1,5,76),(7691,0,15,18),(7692,1,13,348),(7693,0,4,274),(7694,1,3,360),(7695,0,9,49),(7696,1,14,51),(7697,0,1,269),(7698,1,9,229),(7699,0,18,269),(7700,1,6,83),(7701,1,6,33),(7702,0,7,415),(7703,1,4,411),(7704,0,13,120),(7705,0,19,135),(7706,1,11,296),(7707,0,18,125),(7708,1,4,30),(7709,0,18,41),(7710,1,19,298),(7711,1,3,408),(7712,0,14,151),(7713,0,1,255),(7714,0,2,173),(7715,0,3,271),(7716,0,6,98),(7717,0,16,316),(7718,0,13,137),(7719,0,14,306),(7720,1,1,27),(7721,0,4,284),(7722,1,14,132),(7723,0,10,404),(7724,0,19,239),(7725,1,15,188),(7726,1,2,97),(7727,1,4,213),(7728,0,1,338),(7729,0,7,214),(7730,1,18,281),(7731,0,20,235),(7732,0,17,389),(7733,1,15,130),(7734,0,17,277),(7735,0,2,4),(7736,1,5,311),(7737,1,3,179),(7738,1,4,166),(7739,1,13,213),(7740,1,20,310),(7741,0,6,378),(7742,1,3,284),(7743,1,3,382),(7744,0,20,44),(7745,0,15,327),(7746,0,16,319),(7747,1,19,317),(7748,1,11,199),(7749,0,11,415),(7750,1,18,321),(7751,1,5,54),(7752,1,6,281),(7753,0,18,308),(7754,1,5,206),(7755,1,3,184),(7756,1,18,256),(7757,0,18,411),(7758,0,4,404),(7759,1,8,304),(7760,0,12,92),(7761,0,7,150),(7762,0,3,378),(7763,0,2,160),(7764,0,18,199),(7765,1,20,154),(7766,0,5,294),(7767,1,15,93),(7768,1,5,63),(7769,1,3,410),(7770,1,10,80),(7771,0,1,385),(7772,1,6,121),(7773,1,4,197),(7774,1,11,324),(7775,1,16,49),(7776,1,9,318),(7777,1,18,29),(7778,0,3,329),(7779,1,10,30),(7780,1,12,295),(7781,0,2,203),(7782,1,12,380),(7783,0,17,260),(7784,1,15,125),(7785,1,5,88),(7786,1,5,27),(7787,0,2,210),(7788,1,14,40),(7789,1,3,323),(7790,1,9,6),(7791,1,4,102),(7792,1,18,148),(7793,1,17,298),(7794,0,18,303),(7795,1,19,131),(7796,1,11,237),(7797,1,6,296),(7798,1,14,297),(7799,0,13,172),(7800,1,4,201),(7801,0,3,91),(7802,0,12,93),(7803,1,1,291),(7804,1,5,233),(7805,1,15,152),(7806,0,14,237),(7807,1,20,274),(7808,0,2,44),(7809,1,16,343),(7810,0,16,377),(7811,1,1,52),(7812,0,10,134),(7813,0,18,292),(7814,0,8,161),(7815,1,6,369),(7816,0,15,293),(7817,0,4,344),(7818,1,8,52),(7819,0,14,254),(7820,1,11,361),(7821,0,20,7),(7822,0,12,35),(7823,1,13,208),(7824,0,4,388),(7825,0,4,340),(7826,0,18,259),(7827,0,17,341),(7828,0,20,323),(7829,1,20,104),(7830,0,17,249),(7831,1,2,272),(7832,1,13,2),(7833,0,8,104),(7834,0,5,147),(7835,0,7,97),(7836,0,18,5),(7837,0,12,297),(7838,1,13,352),(7839,0,7,60),(7840,1,12,284),(7841,0,9,303),(7842,1,15,262),(7843,1,15,209),(7844,1,19,342),(7845,0,12,401),(7846,0,7,402),(7847,0,10,115),(7848,0,3,19),(7849,0,15,144),(7850,1,6,196),(7851,0,5,259),(7852,1,11,184),(7853,1,19,264),(7854,1,15,50),(7855,1,16,420),(7856,1,3,73),(7857,0,4,410),(7858,1,19,407),(7859,1,17,63),(7860,1,9,140),(7861,0,11,102),(7862,1,16,415),(7863,1,9,296),(7864,0,14,64),(7865,1,16,326),(7866,1,17,243),(7867,0,10,401),(7868,1,16,313),(7869,1,19,197),(7870,0,10,35),(7871,0,19,220),(7872,0,7,349),(7873,1,5,51),(7874,1,7,212),(7875,1,3,28),(7876,1,18,396),(7877,1,7,113),(7878,0,12,159),(7879,0,20,215),(7880,0,2,274),(7881,1,18,398),(7882,1,6,334),(7883,0,15,418),(7884,0,19,176),(7885,1,2,86),(7886,0,4,47),(7887,1,12,106),(7888,0,18,73),(7889,1,19,381),(7890,0,2,413),(7891,0,6,362),(7892,1,7,137),(7893,0,17,18),(7894,1,5,341),(7895,0,10,124),(7896,0,18,383),(7897,1,18,161),(7898,1,17,10),(7899,0,12,132),(7900,0,15,106),(7901,1,19,277),(7902,0,10,51),(7903,1,7,164),(7904,0,12,260),(7905,1,10,195),(7906,1,6,410),(7907,1,5,18),(7908,1,15,235),(7909,1,9,363),(7910,1,11,162),(7911,1,11,220),(7912,1,16,261),(7913,0,17,15),(7914,1,5,132),(7915,1,16,217),(7916,1,3,361),(7917,1,13,277),(7918,1,4,359),(7919,1,17,372),(7920,0,1,2),(7921,0,3,321),(7922,1,14,68),(7923,0,13,267),(7924,1,5,174),(7925,0,12,86),(7926,1,19,356),(7927,0,11,224),(7928,0,17,332),(7929,1,5,282),(7930,1,19,320),(7931,1,14,404),(7932,1,8,254),(7933,0,3,55),(7934,0,14,357),(7935,0,2,18),(7936,1,16,77),(7937,0,14,293),(7938,1,2,174),(7939,1,9,138),(7940,0,4,207),(7941,1,11,11),(7942,0,12,401),(7943,1,12,347),(7944,1,18,314),(7945,1,17,74),(7946,0,7,184),(7947,0,17,191),(7948,0,12,229),(7949,1,12,83),(7950,0,16,247),(7951,0,4,148),(7952,1,18,183),(7953,0,10,226),(7954,0,2,63),(7955,0,4,119),(7956,1,5,163),(7957,1,18,206),(7958,1,11,366),(7959,0,20,330),(7960,0,14,383),(7961,0,7,137),(7962,1,19,416),(7963,1,3,369),(7964,0,20,26),(7965,0,8,232),(7966,1,20,134),(7967,0,6,303),(7968,1,1,404),(7969,0,6,334),(7970,1,15,383),(7971,0,19,146),(7972,1,16,41),(7973,0,7,186),(7974,0,13,407),(7975,0,7,136),(7976,1,13,52),(7977,0,4,322),(7978,0,12,230),(7979,1,2,320),(7980,0,9,135),(7981,1,16,170),(7982,1,4,212),(7983,1,14,391),(7984,0,18,307),(7985,1,1,90),(7986,0,16,71),(7987,0,16,169),(7988,0,4,259),(7989,0,6,35),(7990,1,10,359),(7991,0,15,213),(7992,1,17,315),(7993,0,6,275),(7994,0,3,195),(7995,0,6,27),(7996,0,6,270),(7997,1,18,58),(7998,0,1,281),(7999,1,10,260),(8000,1,6,332);
/*!40000 ALTER TABLE `votes` ENABLE KEYS */;
UNLOCK TABLES;
COMMIT;

-- Dumped table `votes` with 8000 row(s)
--

/*!40103 SET TIME_ZONE=@OLD_TIME_ZONE */;
/*!40101 SET AUTOCOMMIT=@OLD_AUTOCOMMIT */;
/*!40101 SET SQL_MODE=@OLD_SQL_MODE */;
/*!40014 SET FOREIGN_KEY_CHECKS=@OLD_FOREIGN_KEY_CHECKS */;
/*!40014 SET UNIQUE_CHECKS=@OLD_UNIQUE_CHECKS */;
/*!40101 SET CHARACTER_SET_CLIENT=@OLD_CHARACTER_SET_CLIENT */;
/*!40101 SET CHARACTER_SET_RESULTS=@OLD_CHARACTER_SET_RESULTS */;
/*!40101 SET COLLATION_CONNECTION=@OLD_COLLATION_CONNECTION */;
/*!40111 SET SQL_NOTES=@OLD_SQL_NOTES */;

-- Dump completed on: Mon, 27 Apr 2026 21:10:04 +0000
