-- mysqldump-php https://github.com/ifsnop/mysqldump-php
--
-- Host: localhost	Database: 22158_91902
-- ------------------------------------------------------
-- Server version 	8.0.45-0ubuntu0.22.04.1
-- Date: Thu, 07 May 2026 22:24:19 +0000

/*!40101 SET @OLD_CHARACTER_SET_CLIENT=@@CHARACTER_SET_CLIENT */;
/*!40101 SET @OLD_CHARACTER_SET_RESULTS=@@CHARACTER_SET_RESULTS */;
/*!40101 SET @OLD_COLLATION_CONNECTION=@@COLLATION_CONNECTION */;
/*!40101 SET NAMES utf8 */;
/*!40103 SET @OLD_TIME_ZONE=@@TIME_ZONE */;
/*!40103 SET TIME_ZONE='+00:00' */;
/*!40101 SET @OLD_AUTOCOMMIT=@@AUTOCOMMIT */;
/*!40014 SET @OLD_UNIQUE_CHECKS=@@UNIQUE_CHECKS, UNIQUE_CHECKS=0 */;
/*!40014 SET @OLD_FOREIGN_KEY_CHECKS=@@FOREIGN_KEY_CHECKS, FOREIGN_KEY_CHECKS=0 */;
/*!40101 SET @OLD_SQL_MODE=@@SQL_MODE, SQL_MODE='NO_AUTO_VALUE_ON_ZERO' */;
/*!40111 SET @OLD_SQL_NOTES=@@SQL_NOTES, SQL_NOTES=0 */;

--
-- Table structure for table `admins`
--

/*!40101 SET @saved_cs_client     = @@character_set_client */;
/*!40101 SET character_set_client = utf8 */;
CREATE TABLE `admins` (
  `id` int unsigned NOT NULL AUTO_INCREMENT,
  `user_id` int unsigned DEFAULT NULL,
  PRIMARY KEY (`id`)
) ENGINE=InnoDB AUTO_INCREMENT=3 DEFAULT CHARSET=utf8mb4 COLLATE=utf8mb4_unicode_ci;
/*!40101 SET character_set_client = @saved_cs_client */;

--
-- Dumping data for table `admins`
--

LOCK TABLES `admins` WRITE;
/*!40000 ALTER TABLE `admins` DISABLE KEYS */;
SET autocommit=0;
INSERT INTO `admins` VALUES (1,1);
/*!40000 ALTER TABLE `admins` ENABLE KEYS */;
UNLOCK TABLES;
COMMIT;

-- Dumped table `admins` with 1 row(s)
--

--
-- Table structure for table `posts`
--

/*!40101 SET @saved_cs_client     = @@character_set_client */;
/*!40101 SET character_set_client = utf8 */;
CREATE TABLE `posts` (
  `id` int unsigned NOT NULL AUTO_INCREMENT,
  `user_id` int unsigned DEFAULT NULL,
  `description` varchar(256) COLLATE utf8mb4_unicode_ci DEFAULT NULL,
  `time_issued` timestamp NULL DEFAULT CURRENT_TIMESTAMP,
  `parent_id` int unsigned DEFAULT NULL,
  PRIMARY KEY (`id`),
  KEY `parent_id` (`parent_id`),
  CONSTRAINT `posts_ibfk_1` FOREIGN KEY (`parent_id`) REFERENCES `posts` (`id`) ON DELETE CASCADE
) ENGINE=InnoDB AUTO_INCREMENT=424 DEFAULT CHARSET=utf8mb4 COLLATE=utf8mb4_unicode_ci;
/*!40101 SET character_set_client = @saved_cs_client */;

--
-- Dumping data for table `posts`
--

LOCK TABLES `posts` WRITE;
/*!40000 ALTER TABLE `posts` DISABLE KEYS */;
SET autocommit=0;
INSERT INTO `posts` VALUES (1,4,'this is post #1','2026-05-04 22:48:06',NULL),(2,7,'this is post #2','2026-05-04 22:48:06',NULL),(3,10,'this is post #3','2026-05-04 22:48:06',NULL),(4,6,'this is post #4','2026-05-04 22:48:06',NULL),(5,6,'this is post #5','2026-05-04 22:48:06',NULL),(6,12,'this is post #6','2026-05-04 22:48:06',NULL),(7,5,'this is post #7','2026-05-04 22:48:06',NULL),(8,10,'this is post #8','2026-05-04 22:48:06',NULL),(9,3,'this is post #9','2026-05-04 22:48:06',NULL),(10,8,'this is post #10','2026-05-04 22:48:06',NULL),(11,7,'this is post #11','2026-05-04 22:48:06',NULL),(12,10,'this is post #12','2026-05-04 22:48:06',NULL),(13,12,'this is post #13','2026-05-04 22:48:06',NULL),(14,14,'this is post #14','2026-05-04 22:48:06',NULL),(15,15,'this is post #15','2026-05-04 22:48:06',NULL),(16,14,'this is post #16','2026-05-04 22:48:06',NULL),(17,16,'this is post #17','2026-05-04 22:48:06',NULL),(18,7,'this is post #18','2026-05-04 22:48:06',NULL),(19,5,'this is post #19','2026-05-04 22:48:06',NULL),(20,9,'this is post #20','2026-05-04 22:48:06',NULL),(21,1,'this is SUBpost #1-1','2026-05-04 22:48:06',1),(22,6,'this is SUBpost #1-2','2026-05-04 22:48:06',13),(23,16,'this is SUBpost #1-3','2026-05-04 22:48:06',17),(24,19,'this is SUBpost #1-4','2026-05-04 22:48:06',16),(25,8,'this is SUBpost #1-5','2026-05-04 22:48:06',7),(26,19,'this is SUBpost #1-6','2026-05-04 22:48:06',11),(27,19,'this is SUBpost #1-7','2026-05-04 22:48:06',12),(28,11,'this is SUBpost #1-8','2026-05-04 22:48:06',18),(29,16,'this is SUBpost #1-9','2026-05-04 22:48:06',20),(30,4,'this is SUBpost #1-10','2026-05-04 22:48:06',14),(31,1,'this is SUBpost #1-11','2026-05-04 22:48:06',26),(32,5,'this is SUBpost #1-12','2026-05-04 22:48:06',5),(33,7,'this is SUBpost #1-13','2026-05-04 22:48:06',2),(34,12,'this is SUBpost #1-14','2026-05-04 22:48:06',32),(35,17,'this is SUBpost #1-15','2026-05-04 22:48:06',13),(36,17,'this is SUBpost #1-16','2026-05-04 22:48:06',7),(37,12,'this is SUBpost #1-17','2026-05-04 22:48:06',23),(38,9,'this is SUBpost #1-18','2026-05-04 22:48:06',2),(39,19,'this is SUBpost #1-19','2026-05-04 22:48:06',15),(40,14,'this is SUBpost #1-20','2026-05-04 22:48:06',22),(41,13,'this is SUBpost #2-1','2026-05-04 22:48:06',20),(42,7,'this is SUBpost #2-2','2026-05-04 22:48:06',19),(43,18,'this is SUBpost #2-3','2026-05-04 22:48:06',3),(44,2,'this is SUBpost #2-4','2026-05-04 22:48:06',30),(45,11,'this is SUBpost #2-5','2026-05-04 22:48:06',3),(46,16,'this is SUBpost #2-6','2026-05-04 22:48:06',9),(47,3,'this is SUBpost #2-7','2026-05-04 22:48:06',9),(48,1,'this is SUBpost #2-8','2026-05-04 22:48:06',44),(49,13,'this is SUBpost #2-9','2026-05-04 22:48:06',28),(50,2,'this is SUBpost #2-10','2026-05-04 22:48:06',30),(51,8,'this is SUBpost #2-11','2026-05-04 22:48:06',23),(52,7,'this is SUBpost #2-12','2026-05-04 22:48:06',36),(53,16,'this is SUBpost #2-13','2026-05-04 22:48:06',21),(54,11,'this is SUBpost #2-14','2026-05-04 22:48:06',40),(55,8,'this is SUBpost #2-15','2026-05-04 22:48:06',44),(56,1,'this is SUBpost #2-16','2026-05-04 22:48:06',26),(57,9,'this is SUBpost #2-17','2026-05-04 22:48:06',14),(58,13,'this is SUBpost #2-18','2026-05-04 22:48:06',28),(59,10,'this is SUBpost #2-19','2026-05-04 22:48:06',26),(60,6,'this is SUBpost #2-20','2026-05-04 22:48:06',32),(61,12,'this is SUBpost #3-1','2026-05-04 22:48:06',43),(62,13,'this is SUBpost #3-2','2026-05-04 22:48:06',41),(63,20,'this is SUBpost #3-3','2026-05-04 22:48:06',3),(64,6,'this is SUBpost #3-4','2026-05-04 22:48:06',30),(65,12,'this is SUBpost #3-5','2026-05-04 22:48:06',19),(66,9,'this is SUBpost #3-6','2026-05-04 22:48:06',40),(67,20,'this is SUBpost #3-7','2026-05-04 22:48:06',47),(68,19,'this is SUBpost #3-8','2026-05-04 22:48:06',27),(69,9,'this is SUBpost #3-9','2026-05-04 22:48:06',28),(70,7,'this is SUBpost #3-10','2026-05-04 22:48:06',33),(71,9,'this is SUBpost #3-11','2026-05-04 22:48:06',26),(72,17,'this is SUBpost #3-12','2026-05-04 22:48:06',48),(73,2,'this is SUBpost #3-13','2026-05-04 22:48:06',29),(74,9,'this is SUBpost #3-14','2026-05-04 22:48:06',3),(75,13,'this is SUBpost #3-15','2026-05-04 22:48:06',22),(76,3,'this is SUBpost #3-16','2026-05-04 22:48:06',71),(77,11,'this is SUBpost #3-17','2026-05-04 22:48:06',31),(78,4,'this is SUBpost #3-18','2026-05-04 22:48:06',23),(79,15,'this is SUBpost #3-19','2026-05-04 22:48:06',34),(80,9,'this is SUBpost #3-20','2026-05-04 22:48:06',43),(81,16,'this is SUBpost #4-1','2026-05-04 22:48:06',48),(82,17,'this is SUBpost #4-2','2026-05-04 22:48:06',48),(83,7,'this is SUBpost #4-3','2026-05-04 22:48:06',40),(84,3,'this is SUBpost #4-4','2026-05-04 22:48:06',49),(85,10,'this is SUBpost #4-5','2026-05-04 22:48:06',1),(86,16,'this is SUBpost #4-6','2026-05-04 22:48:06',15),(87,2,'this is SUBpost #4-7','2026-05-04 22:48:06',23),(88,14,'this is SUBpost #4-8','2026-05-04 22:48:06',66),(89,20,'this is SUBpost #4-9','2026-05-04 22:48:06',73),(90,1,'this is SUBpost #4-10','2026-05-04 22:48:06',17),(91,2,'this is SUBpost #4-11','2026-05-04 22:48:06',45),(92,10,'this is SUBpost #4-12','2026-05-04 22:48:06',23),(93,8,'this is SUBpost #4-13','2026-05-04 22:48:06',74),(94,19,'this is SUBpost #4-14','2026-05-04 22:48:06',79),(95,14,'this is SUBpost #4-15','2026-05-04 22:48:06',1),(96,11,'this is SUBpost #4-16','2026-05-04 22:48:06',38),(97,14,'this is SUBpost #4-17','2026-05-04 22:48:06',61),(98,18,'this is SUBpost #4-18','2026-05-04 22:48:06',17),(99,19,'this is SUBpost #4-19','2026-05-04 22:48:06',58),(100,19,'this is SUBpost #4-20','2026-05-04 22:48:06',79),(101,11,'this is SUBpost #5-1','2026-05-04 22:48:06',8),(102,17,'this is SUBpost #5-2','2026-05-04 22:48:06',97),(103,2,'this is SUBpost #5-3','2026-05-04 22:48:06',79),(104,14,'this is SUBpost #5-4','2026-05-04 22:48:06',11),(105,15,'this is SUBpost #5-5','2026-05-04 22:48:06',78),(106,15,'this is SUBpost #5-6','2026-05-04 22:48:06',85),(107,9,'this is SUBpost #5-7','2026-05-04 22:48:06',74),(108,16,'this is SUBpost #5-8','2026-05-04 22:48:06',9),(109,14,'this is SUBpost #5-9','2026-05-04 22:48:06',56),(110,9,'this is SUBpost #5-10','2026-05-04 22:48:06',57),(111,2,'this is SUBpost #5-11','2026-05-04 22:48:06',32),(112,14,'this is SUBpost #5-12','2026-05-04 22:48:06',82),(113,18,'this is SUBpost #5-13','2026-05-04 22:48:06',107),(114,3,'this is SUBpost #5-14','2026-05-04 22:48:06',101),(115,9,'this is SUBpost #5-15','2026-05-04 22:48:06',36),(116,7,'this is SUBpost #5-16','2026-05-04 22:48:06',62),(117,17,'this is SUBpost #5-17','2026-05-04 22:48:06',27),(118,9,'this is SUBpost #5-18','2026-05-04 22:48:06',23),(119,14,'this is SUBpost #5-19','2026-05-04 22:48:06',38),(120,3,'this is SUBpost #5-20','2026-05-04 22:48:06',85),(121,2,'this is SUBpost #6-1','2026-05-04 22:48:06',4),(122,16,'this is SUBpost #6-2','2026-05-04 22:48:06',11),(123,8,'this is SUBpost #6-3','2026-05-04 22:48:06',103),(124,7,'this is SUBpost #6-4','2026-05-04 22:48:06',97),(125,3,'this is SUBpost #6-5','2026-05-04 22:48:06',52),(126,1,'this is SUBpost #6-6','2026-05-04 22:48:06',80),(127,9,'this is SUBpost #6-7','2026-05-04 22:48:06',25),(128,4,'this is SUBpost #6-8','2026-05-04 22:48:06',21),(129,7,'this is SUBpost #6-9','2026-05-04 22:48:06',68),(130,10,'this is SUBpost #6-10','2026-05-04 22:48:06',10),(131,15,'this is SUBpost #6-11','2026-05-04 22:48:06',127),(132,5,'this is SUBpost #6-12','2026-05-04 22:48:06',52),(133,16,'this is SUBpost #6-13','2026-05-04 22:48:06',109),(134,20,'this is SUBpost #6-14','2026-05-04 22:48:06',43),(135,10,'this is SUBpost #6-15','2026-05-04 22:48:06',71),(136,5,'this is SUBpost #6-16','2026-05-04 22:48:06',31),(137,10,'this is SUBpost #6-17','2026-05-04 22:48:06',131),(138,6,'this is SUBpost #6-18','2026-05-04 22:48:06',100),(139,11,'this is SUBpost #6-19','2026-05-04 22:48:06',72),(140,11,'this is SUBpost #6-20','2026-05-04 22:48:06',78),(141,16,'this is SUBpost #7-1','2026-05-04 22:48:06',70),(142,7,'this is SUBpost #7-2','2026-05-04 22:48:06',45),(143,15,'this is SUBpost #7-3','2026-05-04 22:48:06',56),(144,20,'this is SUBpost #7-4','2026-05-04 22:48:06',118),(145,4,'this is SUBpost #7-5','2026-05-04 22:48:06',97),(146,17,'this is SUBpost #7-6','2026-05-04 22:48:06',133),(147,3,'this is SUBpost #7-7','2026-05-04 22:48:06',13),(148,12,'this is SUBpost #7-8','2026-05-04 22:48:06',77),(149,10,'this is SUBpost #7-9','2026-05-04 22:48:06',124),(150,8,'this is SUBpost #7-10','2026-05-04 22:48:06',46),(151,15,'this is SUBpost #7-11','2026-05-04 22:48:06',10),(152,10,'this is SUBpost #7-12','2026-05-04 22:48:06',37),(153,10,'this is SUBpost #7-13','2026-05-04 22:48:06',80),(154,8,'this is SUBpost #7-14','2026-05-04 22:48:06',133),(155,11,'this is SUBpost #7-15','2026-05-04 22:48:06',11),(156,13,'this is SUBpost #7-16','2026-05-04 22:48:06',44),(157,15,'this is SUBpost #7-17','2026-05-04 22:48:06',124),(158,2,'this is SUBpost #7-18','2026-05-04 22:48:06',98),(159,14,'this is SUBpost #7-19','2026-05-04 22:48:06',84),(160,12,'this is SUBpost #7-20','2026-05-04 22:48:06',7),(161,14,'this is SUBpost #8-1','2026-05-04 22:48:06',32),(162,17,'this is SUBpost #8-2','2026-05-04 22:48:06',103),(163,3,'this is SUBpost #8-3','2026-05-04 22:48:06',153),(164,16,'this is SUBpost #8-4','2026-05-04 22:48:06',27),(165,18,'this is SUBpost #8-5','2026-05-04 22:48:06',145),(166,9,'this is SUBpost #8-6','2026-05-04 22:48:06',55),(167,5,'this is SUBpost #8-7','2026-05-04 22:48:06',101),(168,19,'this is SUBpost #8-8','2026-05-04 22:48:06',151),(169,6,'this is SUBpost #8-9','2026-05-04 22:48:06',52),(170,2,'this is SUBpost #8-10','2026-05-04 22:48:06',96),(171,2,'this is SUBpost #8-11','2026-05-04 22:48:06',43),(172,9,'this is SUBpost #8-12','2026-05-04 22:48:06',81),(173,5,'this is SUBpost #8-13','2026-05-04 22:48:06',136),(174,16,'this is SUBpost #8-14','2026-05-04 22:48:06',85),(175,1,'this is SUBpost #8-15','2026-05-04 22:48:06',131),(176,13,'this is SUBpost #8-16','2026-05-04 22:48:06',100),(177,14,'this is SUBpost #8-17','2026-05-04 22:48:06',27),(178,14,'this is SUBpost #8-18','2026-05-04 22:48:06',13),(179,2,'this is SUBpost #8-19','2026-05-04 22:48:06',115),(180,6,'this is SUBpost #8-20','2026-05-04 22:48:06',55),(181,10,'this is SUBpost #9-1','2026-05-04 22:48:06',67),(182,17,'this is SUBpost #9-2','2026-05-04 22:48:06',95),(183,19,'this is SUBpost #9-3','2026-05-04 22:48:06',37),(184,10,'this is SUBpost #9-4','2026-05-04 22:48:06',33),(185,19,'this is SUBpost #9-5','2026-05-04 22:48:06',112),(186,2,'this is SUBpost #9-6','2026-05-04 22:48:06',1),(187,9,'this is SUBpost #9-7','2026-05-04 22:48:06',13),(188,18,'this is SUBpost #9-8','2026-05-04 22:48:06',155),(189,17,'this is SUBpost #9-9','2026-05-04 22:48:06',133),(190,3,'this is SUBpost #9-10','2026-05-04 22:48:06',8),(191,4,'this is SUBpost #9-11','2026-05-04 22:48:06',92),(192,14,'this is SUBpost #9-12','2026-05-04 22:48:06',33),(193,9,'this is SUBpost #9-13','2026-05-04 22:48:06',112),(194,12,'this is SUBpost #9-14','2026-05-04 22:48:06',85),(195,7,'this is SUBpost #9-15','2026-05-04 22:48:06',89),(196,11,'this is SUBpost #9-16','2026-05-04 22:48:06',116),(197,8,'this is SUBpost #9-17','2026-05-04 22:48:06',60),(198,17,'this is SUBpost #9-18','2026-05-04 22:48:06',87),(199,3,'this is SUBpost #9-19','2026-05-04 22:48:06',155),(200,3,'this is SUBpost #9-20','2026-05-04 22:48:06',161),(201,6,'this is SUBpost #10-1','2026-05-04 22:48:06',124),(202,6,'this is SUBpost #10-2','2026-05-04 22:48:06',46),(203,11,'this is SUBpost #10-3','2026-05-04 22:48:06',84),(204,14,'this is SUBpost #10-4','2026-05-04 22:48:06',174),(205,18,'this is SUBpost #10-5','2026-05-04 22:48:06',115),(206,1,'this is SUBpost #10-6','2026-05-04 22:48:06',163),(207,10,'this is SUBpost #10-7','2026-05-04 22:48:06',122),(208,15,'this is SUBpost #10-8','2026-05-04 22:48:06',73),(209,16,'this is SUBpost #10-9','2026-05-04 22:48:06',52),(210,10,'this is SUBpost #10-10','2026-05-04 22:48:06',209),(211,11,'this is SUBpost #10-11','2026-05-04 22:48:06',38),(212,2,'this is SUBpost #10-12','2026-05-04 22:48:06',30),(213,10,'this is SUBpost #10-13','2026-05-04 22:48:06',94),(214,16,'this is SUBpost #10-14','2026-05-04 22:48:06',189),(215,18,'this is SUBpost #10-15','2026-05-04 22:48:06',148),(216,8,'this is SUBpost #10-16','2026-05-04 22:48:06',197),(217,7,'this is SUBpost #10-17','2026-05-04 22:48:06',102),(218,8,'this is SUBpost #10-18','2026-05-04 22:48:06',127),(219,6,'this is SUBpost #10-19','2026-05-04 22:48:06',193),(220,3,'this is SUBpost #10-20','2026-05-04 22:48:06',107),(221,10,'this is SUBpost #11-1','2026-05-04 22:48:06',51),(222,19,'this is SUBpost #11-2','2026-05-04 22:48:06',191),(223,14,'this is SUBpost #11-3','2026-05-04 22:48:06',63),(224,7,'this is SUBpost #11-4','2026-05-04 22:48:06',138),(225,15,'this is SUBpost #11-5','2026-05-04 22:48:06',139),(226,15,'this is SUBpost #11-6','2026-05-04 22:48:06',186),(227,13,'this is SUBpost #11-7','2026-05-04 22:48:06',137),(228,2,'this is SUBpost #11-8','2026-05-04 22:48:06',55),(229,14,'this is SUBpost #11-9','2026-05-04 22:48:06',71),(230,14,'this is SUBpost #11-10','2026-05-04 22:48:06',132),(231,16,'this is SUBpost #11-11','2026-05-04 22:48:06',147),(232,8,'this is SUBpost #11-12','2026-05-04 22:48:06',104),(233,7,'this is SUBpost #11-13','2026-05-04 22:48:06',165),(234,8,'this is SUBpost #11-14','2026-05-04 22:48:06',168),(235,9,'this is SUBpost #11-15','2026-05-04 22:48:06',198),(236,4,'this is SUBpost #11-16','2026-05-04 22:48:06',99),(237,7,'this is SUBpost #11-17','2026-05-04 22:48:06',58),(238,12,'this is SUBpost #11-18','2026-05-04 22:48:06',209),(239,5,'this is SUBpost #11-19','2026-05-04 22:48:06',194),(240,17,'this is SUBpost #11-20','2026-05-04 22:48:06',181),(241,6,'this is SUBpost #12-1','2026-05-04 22:48:06',154),(242,17,'this is SUBpost #12-2','2026-05-04 22:48:06',207),(243,20,'this is SUBpost #12-3','2026-05-04 22:48:06',13),(244,8,'this is SUBpost #12-4','2026-05-04 22:48:06',73),(245,9,'this is SUBpost #12-5','2026-05-04 22:48:06',149),(246,8,'this is SUBpost #12-6','2026-05-04 22:48:06',83),(247,2,'this is SUBpost #12-7','2026-05-04 22:48:06',123),(248,8,'this is SUBpost #12-8','2026-05-04 22:48:06',176),(249,4,'this is SUBpost #12-9','2026-05-04 22:48:06',121),(250,1,'this is SUBpost #12-10','2026-05-04 22:48:06',167),(251,2,'this is SUBpost #12-11','2026-05-04 22:48:06',109),(252,5,'this is SUBpost #12-12','2026-05-04 22:48:06',110),(253,18,'this is SUBpost #12-13','2026-05-04 22:48:06',56),(254,12,'this is SUBpost #12-14','2026-05-04 22:48:06',32),(255,10,'this is SUBpost #12-15','2026-05-04 22:48:06',15),(256,7,'this is SUBpost #12-16','2026-05-04 22:48:06',149),(257,11,'this is SUBpost #12-17','2026-05-04 22:48:06',215),(258,7,'this is SUBpost #12-18','2026-05-04 22:48:06',83),(259,10,'this is SUBpost #12-19','2026-05-04 22:48:06',98),(260,17,'this is SUBpost #12-20','2026-05-04 22:48:06',36),(261,15,'this is SUBpost #13-1','2026-05-04 22:48:06',117),(262,2,'this is SUBpost #13-2','2026-05-04 22:48:06',214),(263,10,'this is SUBpost #13-3','2026-05-04 22:48:06',194),(264,4,'this is SUBpost #13-4','2026-05-04 22:48:06',155),(265,11,'this is SUBpost #13-5','2026-05-04 22:48:06',220),(266,11,'this is SUBpost #13-6','2026-05-04 22:48:06',86),(267,19,'this is SUBpost #13-7','2026-05-04 22:48:06',37),(268,4,'this is SUBpost #13-8','2026-05-04 22:48:06',179),(269,19,'this is SUBpost #13-9','2026-05-04 22:48:06',71),(270,7,'this is SUBpost #13-10','2026-05-04 22:48:06',248),(271,17,'this is SUBpost #13-11','2026-05-04 22:48:06',123),(272,17,'this is SUBpost #13-12','2026-05-04 22:48:06',76),(273,16,'this is SUBpost #13-13','2026-05-04 22:48:06',138),(274,17,'this is SUBpost #13-14','2026-05-04 22:48:06',253),(275,6,'this is SUBpost #13-15','2026-05-04 22:48:06',88),(276,2,'this is SUBpost #13-16','2026-05-04 22:48:06',59),(277,3,'this is SUBpost #13-17','2026-05-04 22:48:06',197),(278,20,'this is SUBpost #13-18','2026-05-04 22:48:06',235),(279,6,'this is SUBpost #13-19','2026-05-04 22:48:06',98),(280,20,'this is SUBpost #13-20','2026-05-04 22:48:06',72),(281,19,'this is SUBpost #14-1','2026-05-04 22:48:06',191),(282,20,'this is SUBpost #14-2','2026-05-04 22:48:06',266),(283,8,'this is SUBpost #14-3','2026-05-04 22:48:06',22),(284,4,'this is SUBpost #14-4','2026-05-04 22:48:06',84),(285,5,'this is SUBpost #14-5','2026-05-04 22:48:06',82),(286,13,'this is SUBpost #14-6','2026-05-04 22:48:06',277),(287,1,'this is SUBpost #14-7','2026-05-04 22:48:06',167),(288,2,'this is SUBpost #14-8','2026-05-04 22:48:06',267),(289,20,'this is SUBpost #14-9','2026-05-04 22:48:06',103),(290,2,'this is SUBpost #14-10','2026-05-04 22:48:06',129),(291,15,'this is SUBpost #14-11','2026-05-04 22:48:06',148),(292,1,'this is SUBpost #14-12','2026-05-04 22:48:06',80),(293,11,'this is SUBpost #14-13','2026-05-04 22:48:06',2),(294,9,'this is SUBpost #14-14','2026-05-04 22:48:06',291),(295,3,'this is SUBpost #14-15','2026-05-04 22:48:06',203),(296,9,'this is SUBpost #14-16','2026-05-04 22:48:06',79),(297,7,'this is SUBpost #14-17','2026-05-04 22:48:06',267),(298,7,'this is SUBpost #14-18','2026-05-04 22:48:06',102),(299,14,'this is SUBpost #14-19','2026-05-04 22:48:06',91),(300,4,'this is SUBpost #14-20','2026-05-04 22:48:06',269),(301,8,'this is SUBpost #15-1','2026-05-04 22:48:06',65),(302,4,'this is SUBpost #15-2','2026-05-04 22:48:06',228),(303,3,'this is SUBpost #15-3','2026-05-04 22:48:06',298),(304,3,'this is SUBpost #15-4','2026-05-04 22:48:06',47),(305,17,'this is SUBpost #15-5','2026-05-04 22:48:06',187),(306,16,'this is SUBpost #15-6','2026-05-04 22:48:06',46),(307,20,'this is SUBpost #15-7','2026-05-04 22:48:06',188),(308,5,'this is SUBpost #15-8','2026-05-04 22:48:06',207),(309,2,'this is SUBpost #15-9','2026-05-04 22:48:06',159),(310,7,'this is SUBpost #15-10','2026-05-04 22:48:06',303),(311,20,'this is SUBpost #15-11','2026-05-04 22:48:06',212),(312,16,'this is SUBpost #15-12','2026-05-04 22:48:06',245),(313,18,'this is SUBpost #15-13','2026-05-04 22:48:06',113),(314,20,'this is SUBpost #15-14','2026-05-04 22:48:06',51),(315,8,'this is SUBpost #15-15','2026-05-04 22:48:06',228),(316,19,'this is SUBpost #15-16','2026-05-04 22:48:06',8),(317,3,'this is SUBpost #15-17','2026-05-04 22:48:06',291),(318,4,'this is SUBpost #15-18','2026-05-04 22:48:06',281),(319,6,'this is SUBpost #15-19','2026-05-04 22:48:06',11),(320,20,'this is SUBpost #15-20','2026-05-04 22:48:06',151),(321,12,'this is SUBpost #16-1','2026-05-04 22:48:06',251),(322,1,'this is SUBpost #16-2','2026-05-04 22:48:06',27),(323,3,'this is SUBpost #16-3','2026-05-04 22:48:06',93),(324,17,'this is SUBpost #16-4','2026-05-04 22:48:06',76),(325,5,'this is SUBpost #16-5','2026-05-04 22:48:06',291),(326,10,'this is SUBpost #16-6','2026-05-04 22:48:06',40),(327,1,'this is SUBpost #16-7','2026-05-04 22:48:06',26),(328,16,'this is SUBpost #16-8','2026-05-04 22:48:06',185),(329,18,'this is SUBpost #16-9','2026-05-04 22:48:06',85),(330,20,'this is SUBpost #16-10','2026-05-04 22:48:06',69),(331,5,'this is SUBpost #16-11','2026-05-04 22:48:06',153),(332,17,'this is SUBpost #16-12','2026-05-04 22:48:06',11),(333,7,'this is SUBpost #16-13','2026-05-04 22:48:06',20),(334,12,'this is SUBpost #16-14','2026-05-04 22:48:06',332),(335,13,'this is SUBpost #16-15','2026-05-04 22:48:06',129),(336,8,'this is SUBpost #16-16','2026-05-04 22:48:06',188),(337,10,'this is SUBpost #16-17','2026-05-04 22:48:06',50),(338,11,'this is SUBpost #16-18','2026-05-04 22:48:06',119),(339,9,'this is SUBpost #16-19','2026-05-04 22:48:06',257),(340,2,'this is SUBpost #16-20','2026-05-04 22:48:06',315),(341,5,'this is SUBpost #17-1','2026-05-04 22:48:06',247),(342,15,'this is SUBpost #17-2','2026-05-04 22:48:06',88),(343,2,'this is SUBpost #17-3','2026-05-04 22:48:06',43),(344,13,'this is SUBpost #17-4','2026-05-04 22:48:06',228),(345,11,'this is SUBpost #17-5','2026-05-04 22:48:06',156),(346,1,'this is SUBpost #17-6','2026-05-04 22:48:06',140),(347,15,'this is SUBpost #17-7','2026-05-04 22:48:06',344),(348,7,'this is SUBpost #17-8','2026-05-04 22:48:06',292),(349,15,'this is SUBpost #17-9','2026-05-04 22:48:06',334),(350,8,'this is SUBpost #17-10','2026-05-04 22:48:06',159),(351,19,'this is SUBpost #17-11','2026-05-04 22:48:06',16),(352,9,'this is SUBpost #17-12','2026-05-04 22:48:06',297),(353,9,'this is SUBpost #17-13','2026-05-04 22:48:06',73),(354,5,'this is SUBpost #17-14','2026-05-04 22:48:06',271),(355,4,'this is SUBpost #17-15','2026-05-04 22:48:06',349),(356,1,'this is SUBpost #17-16','2026-05-04 22:48:06',112),(357,3,'this is SUBpost #17-17','2026-05-04 22:48:06',259),(358,11,'this is SUBpost #17-18','2026-05-04 22:48:06',138),(359,10,'this is SUBpost #17-19','2026-05-04 22:48:06',303),(360,16,'this is SUBpost #17-20','2026-05-04 22:48:06',310),(361,11,'this is SUBpost #18-1','2026-05-04 22:48:06',98),(362,18,'this is SUBpost #18-2','2026-05-04 22:48:06',52),(363,2,'this is SUBpost #18-3','2026-05-04 22:48:06',324),(364,12,'this is SUBpost #18-4','2026-05-04 22:48:06',65),(365,12,'this is SUBpost #18-5','2026-05-04 22:48:06',18),(366,7,'this is SUBpost #18-6','2026-05-04 22:48:06',48),(367,19,'this is SUBpost #18-7','2026-05-04 22:48:06',235),(368,8,'this is SUBpost #18-8','2026-05-04 22:48:06',226),(369,13,'this is SUBpost #18-9','2026-05-04 22:48:06',217),(370,12,'this is SUBpost #18-10','2026-05-04 22:48:06',72),(371,4,'this is SUBpost #18-11','2026-05-04 22:48:06',172),(372,3,'this is SUBpost #18-12','2026-05-04 22:48:06',194),(373,13,'this is SUBpost #18-13','2026-05-04 22:48:06',292),(374,13,'this is SUBpost #18-14','2026-05-04 22:48:06',329),(375,9,'this is SUBpost #18-15','2026-05-04 22:48:06',76),(376,11,'this is SUBpost #18-16','2026-05-04 22:48:06',304),(377,18,'this is SUBpost #18-17','2026-05-04 22:48:06',337),(378,6,'this is SUBpost #18-18','2026-05-04 22:48:06',229),(379,3,'this is SUBpost #18-19','2026-05-04 22:48:06',244),(380,4,'this is SUBpost #18-20','2026-05-04 22:48:06',355),(381,4,'this is SUBpost #19-1','2026-05-04 22:48:06',85),(382,17,'this is SUBpost #19-2','2026-05-04 22:48:06',325),(383,6,'this is SUBpost #19-3','2026-05-04 22:48:06',263),(384,15,'this is SUBpost #19-4','2026-05-04 22:48:06',250),(385,13,'this is SUBpost #19-5','2026-05-04 22:48:06',377),(386,16,'this is SUBpost #19-6','2026-05-04 22:48:06',22),(387,16,'this is SUBpost #19-7','2026-05-04 22:48:06',272),(388,2,'this is SUBpost #19-8','2026-05-04 22:48:06',49),(389,4,'this is SUBpost #19-9','2026-05-04 22:48:06',65),(390,13,'this is SUBpost #19-10','2026-05-04 22:48:06',354),(391,3,'this is SUBpost #19-11','2026-05-04 22:48:06',124),(392,15,'this is SUBpost #19-12','2026-05-04 22:48:06',206),(393,14,'this is SUBpost #19-13','2026-05-04 22:48:06',30),(394,6,'this is SUBpost #19-14','2026-05-04 22:48:06',351),(395,20,'this is SUBpost #19-15','2026-05-04 22:48:06',76),(396,11,'this is SUBpost #19-16','2026-05-04 22:48:06',317),(397,8,'this is SUBpost #19-17','2026-05-04 22:48:06',112),(398,5,'this is SUBpost #19-18','2026-05-04 22:48:06',395),(399,12,'this is SUBpost #19-19','2026-05-04 22:48:06',122),(400,11,'this is SUBpost #19-20','2026-05-04 22:48:06',333),(401,2,'this is SUBpost #20-1','2026-05-04 22:48:06',244),(402,8,'this is SUBpost #20-2','2026-05-04 22:48:06',295),(403,17,'this is SUBpost #20-3','2026-05-04 22:48:06',275),(404,1,'this is SUBpost #20-4','2026-05-04 22:48:06',112),(405,7,'this is SUBpost #20-5','2026-05-04 22:48:06',336),(406,3,'this is SUBpost #20-6','2026-05-04 22:48:06',274),(407,10,'this is SUBpost #20-7','2026-05-04 22:48:06',224),(408,5,'this is SUBpost #20-8','2026-05-04 22:48:06',275),(409,15,'this is SUBpost #20-9','2026-05-04 22:48:06',265),(410,8,'this is SUBpost #20-10','2026-05-04 22:48:06',130),(411,14,'this is SUBpost #20-11','2026-05-04 22:48:06',264),(412,8,'this is SUBpost #20-12','2026-05-04 22:48:06',327),(413,13,'this is SUBpost #20-13','2026-05-04 22:48:06',226),(414,9,'this is SUBpost #20-14','2026-05-04 22:48:06',236),(415,5,'this is SUBpost #20-15','2026-05-04 22:48:06',389),(416,18,'this is SUBpost #20-16','2026-05-04 22:48:06',273),(417,15,'this is SUBpost #20-17','2026-05-04 22:48:06',366),(418,5,'this is SUBpost #20-18','2026-05-04 22:48:06',82),(419,18,'this is SUBpost #20-19','2026-05-04 22:48:06',413),(420,5,'this is SUBpost #20-20','2026-05-04 22:48:06',305),(421,1,'hsjdshfdkjsfdf','2026-05-05 00:14:46',46),(422,1,'This is a real post!!! from a real human!!!!','2026-05-05 01:48:50',NULL),(423,1,'samantha is annoying!!!?','2026-05-05 21:18:44',NULL);
/*!40000 ALTER TABLE `posts` ENABLE KEYS */;
UNLOCK TABLES;
COMMIT;

-- Dumped table `posts` with 423 row(s)
--

--
-- Table structure for table `users`
--

/*!40101 SET @saved_cs_client     = @@character_set_client */;
/*!40101 SET character_set_client = utf8 */;
CREATE TABLE `users` (
  `id` int unsigned NOT NULL AUTO_INCREMENT,
  `note` varchar(128) COLLATE utf8mb4_unicode_ci DEFAULT NULL,
  `username` varchar(32) COLLATE utf8mb4_unicode_ci NOT NULL,
  `password` varchar(64) COLLATE utf8mb4_unicode_ci NOT NULL,
  `display` varchar(64) COLLATE utf8mb4_unicode_ci DEFAULT NULL,
  PRIMARY KEY (`id`),
  UNIQUE KEY `username` (`username`)
) ENGINE=InnoDB AUTO_INCREMENT=21 DEFAULT CHARSET=utf8mb4 COLLATE=utf8mb4_unicode_ci;
/*!40101 SET character_set_client = @saved_cs_client */;

--
-- Dumping data for table `users`
--

LOCK TABLES `users` WRITE;
/*!40000 ALTER TABLE `users` DISABLE KEYS */;
SET autocommit=0;
INSERT INTO `users` VALUES (1,NULL,'coolguy1','0b14d501a594442a01c6859541bcb3e8164d183d32937b851835442f69d5c94e','Matua Haimay'),(2,NULL,'coolguy2','6cf615d5bcaac778352a8f1f3360d23f02f34ec182e259897fd6ce485d7870d4',NULL),(3,NULL,'coolguy3','5906ac361a137e2d286465cd6588ebb5ac3f5ae955001100bc41577c3d751764',NULL),(4,NULL,'coolguy4','b97873a40f73abedd8d685a7cd5e5f85e4a9cfb83eac26886640a0813850122b',NULL),(5,NULL,'coolguy5','8b2c86ea9cf2ea4eb517fd1e06b74f399e7fec0fef92e3b482a6cf2e2b092023',NULL),(6,NULL,'coolguy6','598a1a400c1dfdf36974e69d7e1bc98593f2e15015eed8e9b7e47a83b31693d5',NULL),(7,NULL,'coolguy7','5860836e8f13fc9837539a597d4086bfc0299e54ad92148d54538b5c3feefb7c',NULL),(8,NULL,'coolguy8','57f3ebab63f156fd8f776ba645a55d96360a15eeffc8b0e4afe4c05fa88219aa',NULL),(9,NULL,'coolguy9','9323dd6786ebcbf3ac87357cc78ba1abfda6cf5e55cd01097b90d4a286cac90e',NULL),(10,NULL,'coolguy10','aa4a9ea03fcac15b5fc63c949ac34e7b0fd17906716ac3b8e58c599cdc5a52f0',NULL),(11,NULL,'coolguy11','53d453b0c08b6b38ae91515dc88d25fbecdd1d6001f022419629df844f8ba433',NULL),(12,NULL,'coolguy12','b3d17ebbe4f2b75d27b6309cfaae1487b667301a73951e7d523a039cd2dfe110',NULL),(13,NULL,'coolguy13','48caafb68583936afd0d78a7bfd7046d2492fad94f3c485915f74bb60128620d',NULL),(14,NULL,'coolguy14','c6863e1db9b396ed31a36988639513a1c73a065fab83681f4b77adb648fac3d6',NULL),(15,NULL,'coolguy15','c63c2d34ebe84032ad47b87af194fedd17dacf8222b2ea7f4ebfee3dd6db2dfb',NULL),(16,NULL,'coolguy16','17a3379984b560dc311bb921b7a46b28aa5cb495667382f887a44a7fdbca7a7a',NULL),(17,NULL,'coolguy17','69bfb918de05145fba9dcee9688dfb23f6115845885e48fa39945eebb99d8527',NULL),(18,NULL,'coolguy18','d2042d75a67922194c045da2600e1c92ff6d87e8fb6e0208606665f2d1dfa892',NULL),(19,NULL,'coolguy19','5790ac3d0b8ae8afc72c2c6fb97654f2b73651c328de0a3b74854ade562dd17a',NULL),(20,NULL,'coolguy20','7535d8f2d8c35d958995610f971287288ab5e8c82a3c4fdc2b6fb5d757a5b9f8',NULL);
/*!40000 ALTER TABLE `users` ENABLE KEYS */;
UNLOCK TABLES;
COMMIT;

-- Dumped table `users` with 20 row(s)
--

--
-- Table structure for table `votes`
--

/*!40101 SET @saved_cs_client     = @@character_set_client */;
/*!40101 SET character_set_client = utf8 */;
CREATE TABLE `votes` (
  `id` int unsigned NOT NULL AUTO_INCREMENT,
  `is_upvote` tinyint(1) DEFAULT '1',
  `user_id` int unsigned DEFAULT NULL,
  `post_id` int unsigned DEFAULT NULL,
  PRIMARY KEY (`id`),
  KEY `user_id` (`user_id`),
  KEY `post_id` (`post_id`),
  CONSTRAINT `votes_ibfk_1` FOREIGN KEY (`user_id`) REFERENCES `users` (`id`) ON DELETE CASCADE,
  CONSTRAINT `votes_ibfk_2` FOREIGN KEY (`post_id`) REFERENCES `posts` (`id`) ON DELETE CASCADE
) ENGINE=InnoDB AUTO_INCREMENT=5308 DEFAULT CHARSET=utf8mb4 COLLATE=utf8mb4_unicode_ci;
/*!40101 SET character_set_client = @saved_cs_client */;

--
-- Dumping data for table `votes`
--

LOCK TABLES `votes` WRITE;
/*!40000 ALTER TABLE `votes` DISABLE KEYS */;
SET autocommit=0;
INSERT INTO `votes` VALUES (1,1,13,262),(2,0,13,349),(3,0,20,256),(4,1,2,404),(5,0,5,122),(6,1,19,77),(7,0,17,50),(8,1,2,154),(9,1,17,184),(10,0,2,68),(11,1,4,358),(12,1,16,401),(13,1,20,51),(14,1,15,20),(15,1,7,84),(16,1,6,41),(17,1,6,375),(18,1,2,262),(19,0,16,373),(20,1,11,87),(21,0,16,168),(22,1,16,415),(23,1,17,339),(24,1,16,219),(25,1,4,78),(26,1,19,151),(27,1,17,96),(28,0,1,30),(29,1,6,333),(30,1,9,170),(31,0,2,373),(32,1,1,35),(33,0,13,99),(34,0,2,14),(35,0,20,123),(36,1,20,163),(37,1,2,188),(38,1,12,120),(39,1,7,111),(40,0,3,45),(41,1,16,161),(42,0,1,74),(43,0,10,130),(44,0,14,165),(45,1,2,295),(46,1,6,214),(47,1,7,160),(48,1,7,34),(49,1,10,24),(50,0,3,342),(51,0,14,157),(52,0,6,58),(53,1,2,92),(54,1,11,205),(55,0,18,325),(56,0,7,88),(57,1,19,251),(58,0,1,58),(59,1,5,173),(60,1,6,318),(61,1,2,174),(62,1,1,246),(63,0,18,266),(64,1,15,269),(65,0,12,353),(66,0,17,279),(67,1,17,185),(68,0,11,16),(69,0,15,21),(70,1,15,117),(71,0,1,76),(72,1,5,357),(73,1,4,389),(74,0,14,391),(75,1,6,273),(76,0,17,47),(77,0,12,95),(78,0,14,166),(79,0,5,402),(80,1,8,116),(81,0,5,13),(82,0,19,345),(83,1,16,45),(84,1,7,255),(85,0,5,261),(86,1,19,182),(87,0,11,5),(88,1,5,162),(89,1,10,52),(90,1,19,234),(91,0,12,209),(92,1,2,3),(93,0,8,387),(94,0,19,43),(95,0,14,393),(96,0,10,179),(97,1,4,211),(98,0,16,115),(99,0,14,100),(100,0,16,76),(101,0,14,228),(102,1,16,241),(103,1,8,30),(104,0,7,79),(105,1,10,132),(106,1,20,409),(107,1,15,247),(108,0,17,412),(109,0,6,401),(110,0,13,337),(111,1,4,85),(112,1,5,197),(113,0,19,149),(114,1,3,115),(115,1,10,97),(116,0,1,95),(117,0,9,361),(118,1,8,112),(119,0,17,286),(120,0,2,261),(121,0,5,365),(122,1,1,39),(123,0,7,175),(124,0,9,102),(125,1,11,213),(126,0,5,412),(127,1,11,86),(128,1,13,331),(129,0,19,93),(130,1,17,86),(131,0,18,287),(132,0,5,391),(133,1,14,368),(134,0,9,40),(135,1,8,24),(136,0,10,248),(137,1,13,234),(138,0,13,208),(139,1,14,160),(140,0,16,101),(141,0,10,115),(142,0,3,37),(143,0,10,231),(144,0,19,387),(145,1,20,346),(146,0,13,384),(147,1,14,170),(148,0,3,401),(149,1,1,391),(150,0,9,150),(151,1,3,339),(152,0,20,75),(153,1,9,179),(154,1,10,192),(155,0,4,164),(156,1,8,293),(157,0,17,392),(158,0,18,283),(159,0,15,389),(160,1,13,285),(161,1,12,146),(162,0,3,387),(163,1,14,380),(164,0,7,340),(165,0,9,21),(166,1,7,36),(167,1,9,282),(168,0,20,222),(169,0,19,150),(170,0,16,322),(171,0,19,313),(172,0,12,299),(173,0,10,121),(174,0,12,274),(175,1,1,108),(176,1,1,225),(177,1,14,203),(178,1,2,228),(179,0,19,409),(180,1,12,30),(181,1,19,211),(182,1,14,245),(183,1,20,137),(184,0,9,59),(185,1,18,337),(186,0,15,402),(187,1,20,85),(188,0,17,48),(189,0,18,178),(190,0,17,115),(191,0,10,44),(192,0,16,31),(193,0,8,264),(194,0,14,116),(195,0,4,28),(196,0,1,109),(197,1,3,135),(198,1,13,256),(199,0,19,220),(200,0,16,109),(201,1,7,18),(202,1,20,195),(203,1,6,228),(204,1,14,2),(205,1,7,95),(206,0,16,290),(207,1,14,36),(208,0,17,277),(209,1,6,293),(210,1,9,37),(211,0,15,275),(212,0,12,117),(213,1,10,100),(214,1,10,17),(215,1,12,372),(216,0,2,213),(217,0,12,281),(218,1,20,420),(219,1,13,323),(220,0,8,249),(221,0,9,289),(222,1,9,146),(223,0,1,86),(224,0,3,52),(225,1,11,116),(226,0,4,93),(227,0,6,220),(228,0,7,126),(229,0,16,70),(230,0,18,140),(231,0,3,199),(232,1,14,399),(233,1,4,249),(234,1,6,176),(235,1,7,136),(236,1,4,300),(237,1,17,94),(238,1,10,143),(239,1,7,410),(240,0,12,135),(241,1,8,370),(242,1,2,362),(243,1,12,170),(244,1,12,330),(245,0,7,259),(246,0,5,411),(247,1,17,149),(248,1,5,291),(249,1,9,212),(250,0,8,14),(251,0,17,338),(252,1,10,393),(253,0,4,146),(254,0,20,181),(255,1,8,258),(256,0,8,187),(257,1,2,116),(258,1,11,354),(259,0,9,16),(260,0,15,181),(261,0,6,65),(262,1,10,55),(263,1,16,190),(264,1,12,316),(265,0,19,393),(266,1,13,122),(267,1,16,158),(268,0,7,417),(269,1,1,370),(270,1,19,18),(271,1,12,138),(272,0,11,309),(273,1,6,106),(274,1,6,260),(275,1,16,150),(276,0,3,150),(277,1,19,179),(278,0,13,203),(279,0,16,51),(280,0,5,209),(281,0,2,200),(282,1,16,296),(283,1,9,403),(284,1,11,371),(285,0,17,73),(286,1,10,271),(287,0,3,312),(288,1,4,268),(289,0,12,186),(290,0,10,235),(291,1,11,217),(292,0,8,47),(293,1,8,304),(294,0,15,404),(295,0,17,97),(296,0,16,174),(297,1,12,275),(298,1,9,380),(299,0,8,96),(300,0,20,8),(301,1,13,153),(302,0,19,16),(303,0,15,285),(304,1,4,91),(305,1,10,11),(306,0,17,143),(307,0,6,123),(308,0,1,151),(309,1,9,51),(310,0,13,366),(311,0,14,75),(312,1,15,411),(313,0,16,378),(314,0,3,189),(315,0,15,410),(316,0,5,325),(317,1,13,288),(318,0,6,198),(319,0,4,73),(320,1,7,89),(321,0,18,136),(322,1,12,35),(323,1,3,51),(324,0,6,9),(325,0,5,363),(326,0,8,126),(327,1,4,63),(328,0,18,265),(329,1,16,155),(330,0,16,198),(331,1,9,330),(332,1,12,380),(333,1,7,20),(334,0,13,161),(335,1,18,223),(336,0,15,283),(337,0,12,319),(338,0,1,191),(339,1,7,59),(340,1,2,394),(341,0,8,314),(342,1,19,184),(343,1,3,344),(344,0,7,269),(345,1,18,98),(346,1,17,310),(347,0,19,214),(348,0,9,411),(349,1,17,122),(350,1,18,255),(351,1,6,171),(352,1,7,305),(353,0,12,414),(354,0,12,207),(355,1,6,396),(356,1,4,276),(357,1,2,277),(358,0,6,186),(359,0,19,228),(360,0,3,365),(361,0,10,408),(362,1,7,273),(363,0,10,256),(364,1,6,415),(365,1,5,215),(366,1,7,202),(367,1,3,18),(368,1,8,143),(369,0,6,95),(370,0,2,371),(371,1,9,332),(372,1,6,172),(373,1,1,321),(374,1,14,136),(375,1,7,312),(376,1,12,118),(377,1,12,168),(378,1,9,164),(379,0,18,412),(380,1,7,17),(381,1,11,257),(382,0,6,302),(383,1,3,356),(384,1,19,367),(385,0,4,329),(386,0,13,119),(387,1,18,366),(388,0,16,340),(389,0,7,251),(390,0,5,409),(391,0,16,132),(392,0,6,181),(393,1,7,170),(394,0,18,414),(395,1,17,163),(396,1,8,381),(397,0,17,410),(398,1,6,265),(399,0,13,239),(400,1,3,368),(401,1,14,395),(402,1,16,61),(403,1,13,197),(404,0,7,163),(405,1,14,204),(406,0,3,87),(407,0,16,153),(408,0,4,243),(409,0,16,196),(410,0,7,48),(411,0,1,286),(412,1,4,266),(413,1,4,204),(414,1,1,298),(415,1,1,55),(416,0,13,352),(417,1,3,122),(418,1,2,355),(419,0,11,88),(420,1,10,9),(421,1,17,42),(422,0,18,398),(423,0,20,66),(424,0,7,220),(425,1,11,53),(426,0,18,345),(427,1,6,263),(428,0,13,312),(429,0,14,404),(430,0,18,69),(431,0,9,337),(432,1,8,232),(433,1,19,296),(434,0,12,338),(435,1,6,30),(436,1,5,164),(437,1,13,232),(438,0,7,239),(439,0,16,71),(440,0,9,155),(441,0,3,110),(442,1,10,354),(443,1,8,359),(444,0,20,263),(445,1,15,274),(446,0,8,28),(447,1,15,248),(448,1,16,333),(449,1,11,274),(450,1,3,123),(451,1,5,68),(452,1,9,61),(453,1,4,399),(454,1,11,174),(455,1,13,23),(456,0,9,275),(457,1,10,281),(458,0,7,367),(459,0,6,15),(460,0,17,384),(461,1,6,177),(462,0,1,282),(463,1,7,203),(464,0,12,218),(465,1,16,222),(466,1,12,251),(467,1,1,412),(468,1,18,361),(469,0,1,155),(470,0,2,195),(471,0,15,25),(472,0,14,168),(473,1,7,78),(474,1,1,306),(475,0,12,1),(476,0,18,142),(477,0,5,224),(478,1,13,402),(479,0,9,255),(480,1,1,199),(481,1,20,227),(482,1,1,213),(483,1,12,302),(484,1,20,326),(485,1,11,413),(486,0,18,276),(487,0,17,198),(488,0,2,368),(489,0,15,253),(490,1,3,218),(491,0,11,268),(492,0,7,329),(493,0,15,68),(494,0,9,401),(495,0,3,79),(496,1,9,181),(497,0,1,220),(498,1,12,254),(499,0,11,402),(500,0,8,210),(501,1,19,124),(502,0,3,158),(503,0,1,156),(504,1,8,21),(505,0,5,179),(506,0,10,103),(507,0,18,298),(508,0,10,4),(509,0,7,72),(510,0,3,293),(511,0,13,91),(512,1,8,5),(513,1,10,399),(514,0,20,25),(515,0,19,159),(516,0,19,397),(517,0,4,8),(518,0,13,113),(519,1,7,408),(520,1,18,409),(521,1,11,27),(522,0,10,59),(523,0,11,252),(524,0,13,263),(525,0,13,134),(526,1,14,43),(527,0,5,71),(528,0,10,74),(529,0,19,13),(530,0,10,128),(531,0,2,45),(532,1,16,218),(533,0,8,380),(534,0,7,108),(535,0,3,137),(536,0,4,280),(537,0,8,29),(538,1,15,395),(539,0,18,407),(540,0,10,272),(541,0,12,381),(542,1,18,184),(543,0,10,56),(544,0,13,207),(545,0,16,295),(546,1,14,400),(547,0,14,321),(548,1,2,236),(549,0,17,118),(550,1,2,179),(551,1,17,14),(552,0,9,169),(553,0,3,75),(554,0,19,191),(555,1,16,215),(556,1,5,55),(557,1,6,207),(558,1,19,166),(559,0,15,216),(560,0,15,373),(561,1,12,29),(562,0,6,238),(563,1,2,363),(564,1,7,127),(565,1,2,245),(566,0,16,77),(567,1,6,191),(568,0,15,254),(569,0,8,107),(570,1,15,406),(571,0,7,268),(572,1,18,168),(573,0,8,231),(574,1,10,401),(575,1,3,300),(576,0,5,30),(577,1,1,138),(578,0,11,78),(579,0,2,286),(580,1,13,385),(581,0,7,406),(582,1,18,285),(583,0,1,223),(584,0,4,62),(585,1,11,36),(586,0,14,315),(587,0,14,7),(588,1,8,365),(589,0,7,276),(590,1,18,143),(591,1,9,368),(592,1,5,294),(593,0,2,241),(594,1,15,218),(595,0,18,362),(596,0,12,223),(597,0,15,314),(598,1,15,343),(599,0,1,144),(600,0,6,112),(601,0,3,330),(602,0,1,96),(603,0,4,234),(604,1,16,228),(605,1,7,315),(606,0,20,417),(607,0,13,173),(608,0,9,38),(609,1,10,150),(610,1,12,45),(611,1,19,217),(612,1,4,75),(613,0,8,184),(614,1,15,31),(615,1,16,341),(616,0,12,180),(617,0,13,85),(618,1,18,122),(619,1,6,40),(620,0,12,247),(621,1,8,1),(622,0,10,377),(623,0,5,5),(624,0,14,183),(625,1,15,173),(626,1,12,44),(627,0,6,247),(628,1,19,261),(629,0,14,6),(630,0,18,181),(631,0,18,2),(632,1,2,5),(633,0,9,370),(634,1,1,258),(635,0,2,27),(636,1,9,379),(637,0,15,261),(638,0,2,133),(639,1,11,111),(640,0,12,24),(641,1,14,259),(642,0,9,300),(643,0,12,217),(644,0,2,234),(645,1,13,104),(646,0,20,359),(647,1,19,225),(648,0,4,378),(649,1,19,192),(650,1,1,326),(651,0,10,334),(652,1,17,21),(653,1,13,30),(654,0,17,378),(655,0,17,210),(656,1,7,313),(657,0,19,334),(658,1,8,68),(659,0,1,2),(660,0,13,404),(661,0,17,121),(662,0,20,6),(663,0,4,104),(664,1,20,135),(665,1,3,102),(666,0,13,183),(667,0,6,349),(668,1,4,401),(669,0,7,57),(670,1,4,410),(671,1,9,247),(672,0,13,396),(673,0,13,26),(674,0,20,57),(675,0,18,217),(676,0,20,44),(677,0,3,3),(678,0,20,174),(679,1,9,160),(680,1,18,297),(681,1,14,106),(682,1,7,4),(683,0,11,242),(684,0,7,31),(685,0,14,27),(686,1,17,367),(687,1,16,13),(688,1,13,65),(689,1,12,388),(690,1,19,283),(691,0,19,319),(692,1,16,346),(693,0,4,147),(694,1,20,275),(695,1,17,251),(696,0,11,253),(697,1,8,374),(698,1,6,221),(699,1,7,224),(700,0,4,7),(701,0,10,362),(702,0,9,262),(703,0,12,82),(704,0,9,71),(705,1,17,347),(706,0,4,290),(707,0,20,344),(708,1,20,63),(709,0,12,151),(710,0,14,42),(711,1,12,402),(712,0,16,372),(713,1,4,376),(714,0,17,89),(715,1,20,250),(716,0,20,261),(717,0,13,158),(718,0,9,234),(719,1,4,390),(720,0,11,23),(721,0,13,28),(722,0,17,240),(723,1,14,356),(724,1,9,168),(725,0,12,3),(726,1,6,51),(727,0,2,127),(728,0,12,280),(729,0,2,311),(730,1,7,246),(731,1,8,64),(732,0,4,301),(733,0,11,71),(734,1,16,94),(735,0,3,237),(736,0,8,58),(737,0,15,62),(738,1,8,353),(739,0,12,268),(740,1,7,164),(741,0,19,57),(742,1,16,354),(743,1,13,82),(744,1,1,206),(745,0,17,109),(746,0,14,267),(747,1,17,328),(748,0,18,250),(749,0,2,18),(750,0,12,131),(751,1,12,173),(752,1,2,302),(753,0,14,177),(754,0,12,162),(755,1,1,154),(756,0,8,402),(757,1,16,209),(758,0,11,224),(759,0,8,31),(760,1,20,154),(761,0,3,380),(762,0,16,43),(763,1,14,207),(764,0,17,230),(765,1,19,270),(766,1,6,306),(767,0,3,192),(768,0,8,75),(769,0,11,341),(770,0,12,340),(771,1,17,369),(772,1,13,205),(773,0,7,391),(774,0,11,11),(775,1,11,299),(776,0,8,315),(777,1,6,104),(778,1,9,46),(779,0,9,137),(780,1,2,210),(781,0,15,386),(782,0,2,257),(783,1,9,221),(784,1,20,91),(785,0,15,337),(786,1,15,255),(787,0,8,248),(788,1,20,138),(789,0,10,414),(790,1,15,160),(791,0,3,143),(792,1,3,178),(793,0,16,8),(794,0,19,280),(795,1,7,30),(796,0,9,100),(797,1,13,77),(798,0,9,191),(799,0,8,43),(800,0,17,43),(801,1,6,390),(802,1,2,331),(803,0,4,94),(804,1,8,364),(805,0,6,402),(806,1,19,195),(807,1,5,229),(808,1,19,115),(809,0,14,141),(810,1,14,396),(811,1,3,261),(812,0,4,398),(813,1,12,33),(814,1,15,113),(815,1,19,51),(816,0,18,245),(817,0,20,71),(818,1,20,103),(819,1,14,420),(820,0,20,223),(821,0,1,386),(822,0,3,291),(823,0,1,305),(824,1,11,175),(825,1,17,348),(826,1,13,348),(827,1,7,107),(828,0,5,27),(829,1,11,26),(830,0,5,419),(831,0,15,299),(832,1,8,211),(833,0,16,310),(834,1,9,322),(835,1,1,324),(836,1,18,130),(837,0,8,372),(838,0,13,350),(839,0,14,161),(840,1,16,324),(841,0,20,372),(842,0,14,22),(843,1,19,289),(844,0,9,30),(845,1,5,305),(846,1,3,180),(847,1,11,50),(848,1,2,46),(849,1,14,299),(850,1,10,320),(851,0,3,385),(852,0,16,210),(853,1,20,144),(854,0,14,13),(855,0,19,232),(856,1,20,269),(857,1,16,221),(858,1,18,411),(859,0,4,33),(860,1,16,46),(861,1,6,139),(862,1,11,275),(863,0,10,349),(864,1,16,177),(865,1,13,367),(866,0,19,202),(867,1,14,61),(868,0,10,278),(869,0,4,151),(870,0,7,398),(871,1,1,134),(872,0,11,348),(873,0,16,240),(874,1,16,387),(875,1,6,269),(876,0,12,58),(877,1,10,357),(878,1,9,149),(879,1,16,189),(880,0,3,262),(881,0,10,420),(882,0,19,125),(883,0,12,294),(884,0,6,43),(885,1,10,326),(886,0,14,78),(887,1,16,38),(888,1,6,96),(889,1,17,316),(890,1,7,288),(891,1,15,178),(892,1,12,10),(893,0,17,17),(894,1,20,415),(895,0,15,185),(896,1,19,333),(897,0,2,39),(898,0,20,270),(899,0,19,146),(900,1,10,149),(901,1,13,254),(902,1,12,195),(903,1,18,145),(904,1,16,399),(905,0,3,156),(906,0,8,34),(907,0,10,87),(908,0,3,256),(909,1,14,66),(910,1,10,345),(911,1,11,238),(912,1,15,1),(913,0,6,91),(914,0,7,350),(915,0,3,73),(916,0,10,40),(917,0,16,130),(918,0,4,99),(919,1,17,306),(920,1,3,138),(921,0,18,282),(922,0,20,29),(923,0,2,75),(924,0,17,194),(925,0,18,24),(926,0,10,375),(927,0,8,54),(928,1,17,413),(929,0,16,312),(930,0,5,1),(931,0,11,60),(932,1,18,192),(933,1,8,227),(934,0,5,334),(935,0,11,161),(936,1,17,192),(937,1,16,44),(938,0,15,34),(939,1,1,307),(940,0,18,167),(941,0,19,109),(942,1,2,366),(943,0,20,94),(944,0,16,14),(945,0,17,388),(946,0,9,348),(947,0,13,306),(948,0,18,221),(949,0,12,289),(950,0,15,360),(951,1,11,221),(952,1,9,85),(953,0,12,102),(954,1,17,351),(955,1,11,66),(956,1,7,123),(957,1,7,42),(958,1,14,70),(959,1,19,208),(960,1,14,398),(961,1,6,241),(962,0,18,248),(963,1,3,82),(964,1,2,206),(965,1,5,187),(966,1,5,322),(967,0,1,42),(968,1,9,392),(969,0,3,236),(970,0,3,309),(971,1,20,60),(972,1,10,245),(973,1,17,404),(974,0,18,118),(975,1,5,181),(976,1,14,104),(977,1,17,30),(978,1,13,233),(979,0,8,166),(980,1,17,41),(981,0,1,72),(982,1,3,358),(983,0,9,306),(984,0,17,289),(985,1,7,338),(986,0,16,323),(987,1,8,152),(988,0,10,16),(989,0,17,23),(990,0,4,137),(991,0,17,78),(992,1,7,134),(993,0,2,151),(994,1,20,62),(995,0,1,300),(996,0,7,82),(997,0,15,256),(998,0,20,286),(999,1,17,298),(1000,1,15,59),(1001,0,14,144),(1002,1,4,16),(1003,0,12,189),(1004,0,13,297),(1005,0,8,259),(1006,1,10,76),(1007,1,11,90),(1008,0,11,277),(1009,1,6,154),(1010,1,19,167),(1011,1,15,144),(1012,0,2,276),(1013,0,17,320),(1014,1,6,63),(1015,0,20,308),(1016,0,15,107),(1017,1,19,59),(1018,0,11,33),(1019,0,11,378),(1020,0,18,235),(1021,0,10,159),(1022,1,10,366),(1023,1,6,98),(1024,1,6,281),(1025,0,11,334),(1026,0,18,403),(1027,1,19,206),(1028,0,13,71),(1029,1,15,99),(1030,0,3,271),(1031,1,2,407),(1032,0,19,419),(1033,1,12,67),(1034,0,12,187),(1035,1,7,218),(1036,1,18,317),(1037,1,13,339),(1038,1,10,19),(1039,1,10,239),(1040,0,19,361),(1041,1,5,353),(1042,1,12,132),(1043,1,2,13),(1044,0,16,223),(1045,1,4,222),(1046,0,11,100),(1047,1,4,179),(1048,1,3,318),(1049,1,10,146),(1050,0,7,277),(1051,1,8,53),(1052,0,12,354),(1053,0,1,36),(1054,1,20,338),(1055,0,2,322),(1056,0,4,34),(1057,1,16,394),(1058,0,8,292),(1059,1,14,285),(1060,0,6,321),(1061,1,19,221),(1062,1,18,207),(1063,0,15,147),(1064,0,2,327),(1065,0,10,6),(1066,1,14,362),(1067,0,1,369),(1068,0,15,287),(1069,0,14,269),(1070,0,16,160),(1071,0,8,393),(1072,0,16,120),(1073,0,20,9),(1074,0,5,417),(1075,0,14,94),(1076,1,10,284),(1077,1,18,60),(1078,0,15,295),(1079,0,10,65),(1080,0,3,413),(1081,0,15,296),(1082,0,9,393),(1083,1,18,376),(1084,1,16,53),(1085,0,15,158),(1086,1,14,230),(1087,1,19,136),(1088,0,8,319),(1089,1,6,37),(1090,1,5,104),(1091,1,19,117),(1092,0,9,95),(1093,0,10,14),(1094,1,20,78),(1095,1,14,195),(1096,0,15,324),(1097,0,17,44),(1098,0,20,158),(1099,1,1,340),(1100,1,4,186),(1101,1,2,164),(1102,1,13,401),(1103,0,19,33),(1104,1,2,377),(1105,0,13,184),(1106,1,6,300),(1107,0,12,420),(1108,1,19,245),(1109,0,16,131),(1110,0,13,415),(1111,1,13,94),(1112,0,18,359),(1113,1,5,52),(1114,0,7,254),(1115,1,15,17),(1116,0,10,169),(1117,1,14,289),(1118,0,8,406),(1119,1,8,400),(1120,1,5,117),(1121,1,16,384),(1122,0,12,337),(1123,0,13,76),(1124,1,6,271),(1125,1,15,230),(1126,0,16,371),(1127,0,2,219),(1128,0,13,392),(1129,0,6,250),(1130,0,6,413),(1131,0,7,15),(1132,0,4,225),(1133,1,12,34),(1134,0,5,93),(1135,1,14,95),(1136,0,11,259),(1137,1,16,58),(1138,1,7,280),(1139,1,2,157),(1140,0,5,301),(1141,0,5,271),(1142,0,10,370),(1143,1,4,283),(1144,0,9,60),(1145,1,4,274),(1146,1,16,112),(1147,1,20,117),(1148,0,3,259),(1149,1,7,32),(1150,1,1,310),(1151,1,13,283),(1152,0,5,100),(1153,0,16,258),(1154,0,8,219),(1155,1,13,372),(1156,0,6,234),(1157,0,20,140),(1158,1,20,302),(1159,0,10,403),(1160,1,18,343),(1161,0,19,64),(1162,1,9,222),(1163,1,15,104),(1164,0,20,329),(1165,0,3,410),(1166,1,7,171),(1167,0,13,1),(1168,0,16,242),(1169,0,17,82),(1170,0,12,297),(1171,0,9,396),(1172,1,19,354),(1173,1,15,19),(1174,0,16,355),(1175,0,3,289),(1176,1,2,148),(1177,0,7,54),(1178,0,18,237),(1179,1,7,308),(1180,1,17,153),(1181,0,19,420),(1182,1,2,381),(1183,1,3,36),(1184,1,8,88),(1185,0,2,341),(1186,1,7,109),(1187,0,18,352),(1188,0,11,204),(1189,1,7,238),(1190,0,1,285),(1191,1,8,267),(1192,0,6,414),(1193,0,10,108),(1194,0,7,91),(1195,1,10,386),(1196,1,13,36),(1197,1,15,12),(1198,0,6,29),(1199,1,20,402),(1200,1,4,168),(1201,0,6,418),(1202,0,20,109),(1203,1,19,235),(1204,0,6,354),(1205,1,4,216),(1206,0,20,102),(1207,1,1,192),(1208,0,19,244),(1209,0,11,108),(1210,0,18,121),(1211,1,12,410),(1212,0,19,411),(1213,1,7,131),(1214,1,6,282),(1215,1,5,126),(1216,0,13,111),(1217,1,2,95),(1218,1,13,81),(1219,0,12,165),(1220,1,20,287),(1221,1,12,391),(1222,1,5,272),(1223,0,8,404),(1224,0,7,407),(1225,1,14,71),(1226,0,4,419),(1227,1,3,213),(1228,0,19,408),(1229,1,15,135),(1230,0,8,77),(1231,1,5,414),(1232,1,12,327),(1233,0,13,294),(1234,0,3,390),(1235,1,20,22),(1236,0,6,330),(1237,0,4,136),(1238,1,3,31),(1239,1,19,236),(1240,1,18,79),(1241,0,7,336),(1242,1,5,113),(1243,0,16,252),(1244,1,6,194),(1245,0,7,187),(1246,1,9,127),(1247,1,10,392),(1248,1,16,246),(1249,0,12,243),(1250,1,19,75),(1251,1,12,252),(1252,0,17,123),(1253,1,9,141),(1254,1,8,161),(1255,0,13,310),(1256,0,4,141),(1257,1,5,145),(1258,1,18,85),(1259,0,5,240),(1260,1,14,375),(1261,0,18,226),(1262,1,14,72),(1263,1,15,282),(1264,1,11,269),(1265,1,15,379),(1266,0,5,207),(1267,0,16,9),(1268,1,8,417),(1269,1,9,173),(1270,1,5,246),(1271,1,2,294),(1272,0,15,221),(1273,1,14,189),(1274,1,20,350),(1275,1,20,307),(1276,0,17,237),(1277,0,7,323),(1278,0,3,120),(1279,1,16,362),(1280,1,13,12),(1281,0,5,25),(1282,0,2,387),(1283,1,2,104),(1284,1,16,233),(1285,0,18,341),(1286,0,16,121),(1287,0,11,256),(1288,0,9,226),(1289,1,2,284),(1290,0,5,4),(1291,0,14,222),(1292,1,2,260),(1293,0,1,329),(1294,0,10,105),(1295,1,17,57),(1296,0,15,108),(1297,1,18,294),(1298,0,14,97),(1299,1,12,265),(1300,0,6,206),(1301,1,18,342),(1302,1,5,245),(1303,1,13,135),(1304,0,9,49),(1305,1,7,153),(1306,1,18,388),(1307,1,14,102),(1308,1,12,155),(1309,0,8,193),(1310,0,6,240),(1311,0,10,261),(1312,0,6,144),(1313,0,10,10),(1314,1,19,20),(1315,1,11,203),(1316,0,13,152),(1317,0,3,302),(1318,0,15,183),(1319,0,2,33),(1320,0,15,267),(1321,0,5,138),(1322,0,16,395),(1323,1,4,351),(1324,1,8,310),(1325,0,17,22),(1326,1,10,398),(1327,1,9,199),(1328,0,17,18),(1329,1,1,264),(1330,0,11,331),(1331,1,3,377),(1332,0,5,99),(1333,1,19,368),(1334,0,11,22),(1335,0,5,244),(1336,1,12,87),(1337,1,17,241),(1338,0,9,124),(1339,1,15,105),(1340,0,12,301),(1341,0,14,345),(1342,0,13,378),(1343,1,15,203),(1344,0,4,182),(1345,1,18,271),(1346,1,3,282),(1347,0,10,400),(1348,1,9,182),(1349,1,20,3),(1350,0,20,292),(1351,1,16,30),(1352,0,7,318),(1353,0,6,326),(1354,1,11,127),(1355,1,6,286),(1356,1,3,416),(1357,1,16,214),(1358,0,19,318),(1359,1,16,361),(1360,1,20,284),(1361,1,15,226),(1362,1,18,82),(1363,1,8,120),(1364,0,5,361),(1365,0,1,268),(1366,0,4,155),(1367,0,8,333),(1368,1,19,148),(1369,0,5,169),(1370,0,12,285),(1371,0,1,113),(1372,1,15,245),(1373,0,3,402),(1374,0,20,68),(1375,0,13,224),(1376,0,12,62),(1377,0,15,394),(1378,0,9,382),(1379,0,17,151),(1380,0,7,344),(1381,0,6,142),(1382,0,6,262),(1383,0,9,31),(1384,0,1,128),(1385,0,13,64),(1386,1,13,114),(1387,1,14,190),(1388,1,11,99),(1389,0,3,320),(1390,1,18,208),(1391,0,5,208),(1392,1,8,209),(1393,1,15,71),(1394,1,8,6),(1395,0,4,205),(1396,1,14,3),(1397,1,1,400),(1398,1,3,222),(1399,0,11,59),(1400,1,2,352),(1401,1,1,28),(1402,0,19,331),(1403,1,16,293),(1404,1,15,132),(1405,0,7,373),(1406,0,12,284),(1407,0,9,131),(1408,1,1,366),(1409,0,11,229),(1410,0,17,359),(1411,1,1,419),(1412,1,12,48),(1413,0,3,170),(1414,0,10,75),(1415,0,1,261),(1416,0,13,411),(1417,0,20,387),(1418,0,20,200),(1419,1,4,320),(1420,0,4,235),(1421,0,6,394),(1422,0,10,166),(1423,1,3,348),(1424,0,8,399),(1425,1,6,77),(1426,1,6,134),(1427,0,4,212),(1428,0,19,172),(1429,1,11,94),(1430,1,3,418),(1431,0,5,184),(1432,1,8,294),(1433,0,17,208),(1434,1,13,420),(1435,0,7,16),(1436,0,9,378),(1437,0,20,236),(1438,1,15,80),(1439,0,19,3),(1440,0,18,363),(1441,1,9,69),(1442,1,20,129),(1443,1,11,283),(1444,0,8,213),(1445,1,15,284),(1446,0,15,356),(1447,0,18,302),(1448,0,10,331),(1449,0,5,29),(1450,1,3,391),(1451,1,16,275),(1452,0,8,134),(1453,0,15,384),(1454,0,18,395),(1455,0,10,28),(1456,0,2,402),(1457,1,5,336),(1458,0,8,409),(1459,0,4,256),(1460,0,8,420),(1461,0,17,170),(1462,0,2,181),(1463,1,14,346),(1464,0,12,199),(1465,1,14,15),(1466,0,8,271),(1467,1,20,90),(1468,0,6,316),(1469,0,17,31),(1470,1,17,419),(1471,1,15,407),(1472,0,15,201),(1473,1,3,319),(1474,0,16,227),(1475,1,18,396),(1476,1,20,413),(1477,1,15,327),(1478,0,12,203),(1479,0,5,123),(1480,0,15,58),(1481,0,8,3),(1482,0,12,46),(1483,1,12,56),(1484,1,4,246),(1485,0,19,264),(1486,0,7,320),(1487,0,8,414),(1488,1,4,40),(1489,0,20,28),(1490,0,3,167),(1491,1,16,379),(1492,0,2,193),(1493,0,8,243),(1494,1,2,374),(1495,1,2,271),(1496,0,14,257),(1497,0,11,411),(1498,0,9,197),(1499,0,17,354),(1500,0,8,329),(1501,1,16,351),(1502,0,11,305),(1503,1,15,392),(1504,1,13,101),(1505,1,8,226),(1506,0,11,393),(1507,1,9,279),(1508,0,18,299),(1509,1,1,361),(1510,0,14,57),(1511,0,6,125),(1512,1,13,22),(1513,0,20,206),(1514,1,5,330),(1515,1,14,318),(1516,0,7,24),(1517,0,13,46),(1518,1,20,199),(1519,1,1,294),(1520,0,15,67),(1521,1,15,169),(1522,1,11,113),(1523,1,11,353),(1524,0,20,139),(1525,0,10,184),(1526,1,9,204),(1527,0,17,406),(1528,1,20,343),(1529,1,11,232),(1530,1,6,1),(1531,0,9,305),(1532,1,12,81),(1533,0,8,254),(1534,0,20,410),(1535,1,9,283),(1536,1,8,142),(1537,1,9,341),(1538,1,12,227),(1539,1,10,71),(1540,1,11,324),(1541,0,10,174),(1542,0,1,68),(1543,1,5,90),(1544,0,17,81),(1545,1,5,65),(1546,0,5,202),(1547,1,17,311),(1548,1,3,354),(1549,0,3,240),(1550,1,10,217),(1551,0,10,275),(1552,1,20,38),(1553,0,8,272),(1554,1,15,156),(1555,1,16,270),(1556,1,7,185),(1557,1,17,256),(1558,1,14,281),(1559,0,9,79),(1560,1,1,383),(1561,1,10,175),(1562,0,18,158),(1563,1,20,187),(1564,0,20,379),(1565,1,2,79),(1566,0,4,190),(1567,0,10,7),(1568,1,5,225),(1569,0,9,147),(1570,1,11,414),(1571,0,1,259),(1572,1,15,205),(1573,0,5,276),(1574,1,9,367),(1575,1,6,4),(1576,0,9,76),(1577,0,13,198),(1578,1,19,373),(1579,0,8,416),(1580,0,17,29),(1581,0,17,300),(1582,0,1,308),(1583,0,7,231),(1584,1,15,39),(1585,0,2,67),(1586,0,9,219),(1587,0,1,60),(1588,1,3,284),(1589,0,13,383),(1590,1,12,271),(1591,0,10,335),(1592,1,3,245),(1593,1,20,408),(1594,1,19,394),(1595,0,5,323),(1596,1,4,113),(1597,1,17,303),(1598,1,9,35),(1599,0,10,77),(1600,1,8,252),(1601,1,1,334),(1602,1,7,23),(1603,1,2,168),(1604,0,10,25),(1605,0,15,127),(1606,1,15,331),(1607,1,10,200),(1608,1,18,89),(1609,1,17,39),(1610,0,16,88),(1611,0,13,41),(1612,1,4,418),(1613,0,11,377),(1614,0,6,184),(1615,0,5,382),(1616,0,2,385),(1617,0,4,232),(1618,1,12,59),(1619,1,11,79),(1620,1,11,226),(1621,0,18,123),(1622,0,8,129),(1623,1,19,281),(1624,0,13,86),(1625,0,6,86),(1626,0,15,78),(1627,1,4,210),(1628,1,13,126),(1629,0,5,160),(1630,0,18,156),(1631,1,6,119),(1632,1,15,312),(1633,0,10,305),(1634,0,18,375),(1635,1,3,14),(1636,0,9,72),(1637,1,1,392),(1638,1,16,175),(1639,1,8,410),(1640,0,2,238),(1641,0,16,37),(1642,0,13,289),(1643,1,20,383),(1644,1,15,157),(1645,1,9,63),(1646,1,19,37),(1647,0,6,371),(1648,0,5,31),(1649,1,3,151),(1650,1,20,125),(1651,1,12,70),(1652,0,12,360),(1653,0,4,377),(1654,0,6,251),(1655,0,11,34),(1656,1,8,396),(1657,0,1,314),(1658,1,4,306),(1659,1,15,143),(1660,0,9,351),(1661,1,4,363),(1662,0,18,92),(1663,1,17,270),(1664,0,11,140),(1665,1,3,38),(1666,0,7,237),(1667,1,10,218),(1668,0,7,368),(1669,0,4,228),(1670,0,4,262),(1671,0,7,47),(1672,1,10,90),(1673,1,14,10),(1674,1,11,139),(1675,1,1,88),(1676,0,15,41),(1677,1,8,361),(1678,0,20,318),(1679,0,10,188),(1680,0,13,287),(1681,1,10,274),(1682,1,12,38),(1683,0,15,4),(1684,1,3,97),(1685,0,10,254),(1686,0,18,189),(1687,1,18,6),(1688,0,17,104),(1689,0,11,152),(1690,1,4,396),(1691,1,12,89),(1692,0,20,119),(1693,1,5,280),(1694,1,20,216),(1695,0,17,259),(1696,0,20,100),(1697,1,2,171),(1698,0,10,336),(1699,1,4,259),(1700,0,18,224),(1701,0,3,71),(1702,0,12,69),(1703,1,16,412),(1704,1,2,253),(1705,1,13,329),(1706,0,7,382),(1707,1,18,293),(1708,0,3,369),(1709,1,9,114),(1710,1,19,386),(1711,1,16,374),(1712,0,18,139),(1713,1,6,226),(1714,0,7,10),(1715,0,3,59),(1716,0,6,121),(1717,1,14,342),(1718,1,5,235),(1719,0,6,367),(1720,0,17,34),(1721,1,9,55),(1722,1,13,38),(1723,1,2,147),(1724,1,4,287),(1725,0,5,18),(1726,1,6,84),(1727,1,15,302),(1728,0,20,193),(1729,0,18,340),(1730,0,15,53),(1731,0,14,143),(1732,1,20,265),(1733,0,1,147),(1734,1,17,33),(1735,1,5,91),(1736,0,16,84),(1737,1,6,317),(1738,1,7,292),(1739,0,6,93),(1740,0,2,304),(1741,1,17,376),(1742,1,14,139),(1743,1,19,121),(1744,1,2,150),(1745,1,1,182),(1746,0,14,154),(1747,0,19,389),(1748,1,1,169),(1749,0,11,15),(1750,0,2,252),(1751,0,12,142),(1752,1,1,100),(1753,1,17,189),(1754,1,2,334),(1755,0,14,82),(1756,0,12,413),(1757,0,5,82),(1758,0,8,206),(1759,1,9,62),(1760,1,16,24),(1761,1,17,182),(1762,1,3,398),(1763,0,12,55),(1764,0,9,86),(1765,0,18,401),(1766,1,7,53),(1767,1,9,291),(1768,0,17,40),(1769,0,13,279),(1770,0,15,259),(1771,1,17,295),(1772,0,18,339),(1773,0,4,221),(1774,0,1,201),(1775,1,5,232),(1776,1,17,317),(1777,1,13,307),(1778,1,20,110),(1779,0,2,125),(1780,1,1,256),(1781,0,13,10),(1782,1,16,389),(1783,1,1,75),(1784,0,8,119),(1785,0,11,249),(1786,1,12,147),(1787,1,3,76),(1788,1,15,150),(1789,0,1,207),(1790,0,4,208),(1791,1,7,7),(1792,0,8,336),(1793,1,5,366),(1794,0,6,361),(1795,0,5,170),(1796,1,10,242),(1797,1,9,81),(1798,0,14,38),(1799,1,1,166),(1800,1,3,287),(1801,1,4,404),(1802,0,11,347),(1803,1,18,44),(1804,1,12,94),(1805,1,13,227),(1806,0,3,184),(1807,0,6,48),(1808,0,19,263),(1809,0,17,236),(1810,1,12,352),(1811,1,10,62),(1812,0,20,310),(1813,0,18,22),(1814,1,16,40),(1815,0,14,220),(1816,1,3,6),(1817,1,20,392),(1818,0,14,379),(1819,1,1,212),(1820,0,9,82),(1821,1,2,111),(1822,0,20,305),(1823,1,14,121),(1824,0,16,403),(1825,1,15,315),(1826,1,16,267),(1827,1,14,103),(1828,1,17,227),(1829,1,9,108),(1830,0,3,148),(1831,0,7,94),(1832,1,12,108),(1833,0,2,388),(1834,1,18,9),(1835,0,7,271),(1836,0,18,295),(1837,0,15,335),(1838,1,18,31),(1839,1,11,133),(1840,0,1,227),(1841,0,14,293),(1842,0,3,343),(1843,1,9,213),(1844,0,5,178),(1845,1,13,116),(1846,1,13,195),(1847,1,5,410),(1848,0,2,146),(1849,0,6,87),(1850,0,14,50),(1851,0,3,144),(1852,1,1,98),(1853,1,3,333),(1854,1,17,224),(1855,1,13,79),(1856,0,7,81),(1857,1,18,135),(1858,1,4,215),(1859,1,18,246),(1860,1,18,171),(1861,1,4,41),(1862,0,12,357),(1863,1,18,133),(1864,1,17,234),(1865,1,7,159),(1866,1,3,105),(1867,0,8,82),(1868,0,11,273),(1869,0,15,339),(1870,0,13,344),(1871,1,19,29),(1872,0,4,127),(1873,1,11,379),(1874,1,9,266),(1875,0,3,242),(1876,1,3,389),(1877,0,7,55),(1878,0,2,170),(1879,0,19,343),(1880,1,3,392),(1881,1,7,99),(1882,0,6,76),(1883,0,10,267),(1884,1,7,278),(1885,0,16,203),(1886,1,13,319),(1887,1,4,21),(1888,0,4,288),(1889,1,14,416),(1890,0,2,249),(1891,0,14,149),(1892,1,16,382),(1893,1,13,333),(1894,0,12,258),(1895,1,9,302),(1896,0,16,243),(1897,1,9,96),(1898,1,6,348),(1899,1,15,412),(1900,1,9,67),(1901,0,13,357),(1902,0,8,378),(1903,0,8,343),(1904,0,9,19),(1905,0,9,159),(1906,0,4,356),(1907,0,14,235),(1908,0,15,250),(1909,1,7,6),(1910,1,13,277),(1911,1,11,14),(1912,1,19,233),(1913,0,13,274),(1914,1,1,150),(1915,0,7,219),(1916,0,8,144),(1917,1,8,234),(1918,0,14,323),(1919,0,14,162),(1920,0,5,292),(1921,1,20,264),(1922,1,2,319),(1923,0,2,88),(1924,1,4,319),(1925,1,9,175),(1926,0,19,102),(1927,1,12,394),(1928,0,20,414),(1929,0,12,148),(1930,0,8,265),(1931,1,1,183),(1932,0,12,387),(1933,1,14,223),(1934,0,1,230),(1935,1,2,96),(1936,1,18,147),(1937,0,7,294),(1938,0,7,339),(1939,1,14,233),(1940,0,14,329),(1941,0,18,315),(1942,1,15,22),(1943,1,20,54),(1944,1,7,311),(1945,0,1,85),(1946,0,6,311),(1947,1,19,252),(1948,1,2,180),(1949,1,2,314),(1950,0,16,187),(1951,0,12,183),(1952,1,15,365),(1953,0,6,292),(1954,1,3,106),(1955,1,18,215),(1956,0,7,96),(1957,0,13,249),(1958,0,2,31),(1959,1,18,231),(1960,1,7,351),(1961,0,4,47),(1962,1,12,202),(1963,0,2,380),(1964,1,9,296),(1965,1,3,133),(1966,0,3,161),(1967,0,16,200),(1968,0,15,281),(1969,0,19,161),(1970,1,18,230),(1971,1,7,229),(1972,1,15,397),(1973,1,9,386),(1974,1,3,187),(1975,1,18,405),(1976,1,1,82),(1977,0,19,226),(1978,0,15,52),(1979,0,13,268),(1980,1,18,256),(1981,1,12,205),(1982,0,13,414),(1983,1,14,1),(1984,1,8,346),(1985,1,11,97),(1986,1,14,127),(1987,0,16,404),(1988,0,3,132),(1989,0,13,209),(1990,0,16,41),(1991,0,16,87),(1992,0,1,253),(1993,0,14,407),(1994,1,8,85),(1995,0,16,320),(1996,0,11,367),(1997,0,20,152),(1998,1,17,255),(1999,0,5,381),(2000,1,16,266),(2001,1,12,401),(2002,1,8,154),(2003,0,7,62),(2004,0,8,59),(2005,1,8,247),(2006,1,1,265),(2007,1,13,317),(2008,1,5,133),(2009,1,10,3),(2010,1,6,54),(2011,0,13,300),(2012,1,4,57),(2013,0,17,162),(2014,0,16,391),(2015,0,13,222),(2016,0,14,357),(2017,0,11,294),(2018,0,6,277),(2019,0,3,269),(2020,1,10,378),(2021,0,10,338),(2022,1,9,163),(2023,0,1,365),(2024,0,9,128),(2025,0,14,418),(2026,0,14,382),(2027,0,14,21),(2028,1,11,93),(2029,1,16,327),(2030,0,1,331),(2031,0,10,135),(2032,1,6,185),(2033,0,9,194),(2034,1,2,140),(2035,1,13,377),(2036,1,3,47),(2037,1,10,185),(2038,1,19,358),(2039,0,15,268),(2040,0,1,31),(2041,0,1,175),(2042,0,8,302),(2043,0,10,385),(2044,1,12,239),(2045,1,20,111),(2046,1,9,420),(2047,1,7,85),(2048,0,12,406),(2049,0,15,202),(2050,1,1,93),(2051,1,7,221),(2052,1,2,185),(2053,1,10,417),(2054,1,7,161),(2055,1,13,73),(2056,0,13,280),(2057,1,3,113),(2058,1,17,276),(2059,0,3,114),(2060,0,20,220),(2061,0,7,105),(2062,0,8,291),(2063,1,17,106),(2064,1,3,357),(2065,1,18,177),(2066,1,12,64),(2067,1,5,241),(2068,1,20,385),(2069,1,17,345),(2070,1,18,43),(2071,1,2,351),(2072,0,1,292),(2073,1,15,374),(2074,1,6,47),(2075,1,18,164),(2076,1,18,174),(2077,1,2,197),(2078,0,17,282),(2079,1,20,233),(2080,1,11,263),(2081,0,6,314),(2082,0,19,97),(2083,0,19,412),(2084,1,7,174),(2085,1,11,102),(2086,1,9,336),(2087,0,2,186),(2088,1,5,268),(2089,0,6,359),(2090,1,13,199),(2091,0,14,17),(2092,0,2,118),(2093,1,11,302),(2094,1,4,264),(2095,0,18,370),(2096,0,15,196),(2097,1,8,269),(2098,1,3,388),(2099,0,3,367),(2100,0,2,128),(2101,1,11,132),(2102,1,9,389),(2103,0,10,66),(2104,1,2,183),(2105,1,19,330),(2106,0,15,6),(2107,0,19,199),(2108,0,20,239),(2109,1,2,288),(2110,1,1,25),(2111,1,5,73),(2112,0,5,192),(2113,0,18,61),(2114,1,14,225),(2115,1,11,166),(2116,1,12,156),(2117,1,4,206),(2118,1,7,194),(2119,1,7,206),(2120,0,8,167),(2121,0,9,198),(2122,1,20,225),(2123,1,20,148),(2124,0,13,336),(2125,0,13,308),(2126,0,2,335),(2127,0,10,339),(2128,1,11,296),(2129,1,2,137),(2130,1,14,44),(2131,0,1,120),(2132,0,5,132),(2133,0,11,156),(2134,1,18,296),(2135,0,3,94),(2136,1,17,181),(2137,1,13,332),(2138,1,12,412),(2139,1,14,153),(2140,0,19,174),(2141,1,15,262),(2142,0,18,30),(2143,1,3,352),(2144,1,20,209),(2145,1,12,371),(2146,0,2,141),(2147,0,11,247),(2148,1,12,133),(2149,0,18,196),(2150,1,19,418),(2151,1,11,410),(2152,0,11,287),(2153,0,14,312),(2154,0,3,196),(2155,1,20,107),(2156,1,13,360),(2157,1,18,172),(2158,0,16,110),(2159,0,19,92),(2160,1,9,134),(2161,1,14,200),(2162,1,9,331),(2163,1,6,310),(2164,0,20,312),(2165,1,19,110),(2166,1,4,250),(2167,0,12,192),(2168,1,17,95),(2169,0,11,202),(2170,0,15,131),(2171,0,7,12),(2172,1,2,256),(2173,1,5,12),(2174,0,8,260),(2175,0,20,353),(2176,0,11,400),(2177,1,8,341),(2178,1,14,192),(2179,0,3,255),(2180,0,9,230),(2181,0,15,170),(2182,1,14,302),(2183,0,16,291),(2184,1,16,15),(2185,1,5,106),(2186,1,7,314),(2187,0,19,80),(2188,1,15,225),(2189,0,12,333),(2190,0,20,120),(2191,0,19,416),(2192,0,13,159),(2193,0,20,48),(2194,0,10,30),(2195,1,3,63),(2196,1,5,250),(2197,1,20,397),(2198,0,5,129),(2199,1,1,20),(2200,1,12,149),(2201,1,10,322),(2202,1,5,376),(2203,1,5,227),(2204,0,5,115),(2205,1,9,239),(2206,1,19,85),(2207,0,11,383),(2208,1,5,278),(2209,0,17,365),(2210,0,12,191),(2211,0,17,137),(2212,0,19,342),(2213,0,10,310),(2214,1,7,401),(2215,1,15,29),(2216,0,13,321),(2217,1,4,257),(2218,0,13,27),(2219,0,4,379),(2220,1,19,106),(2221,1,12,367),(2222,0,5,156),(2223,1,11,328),(2224,0,4,397),(2225,0,1,387),(2226,0,12,61),(2227,0,13,265),(2228,1,1,328),(2229,1,12,144),(2230,1,19,137),(2231,1,19,392),(2232,1,3,136),(2233,1,9,258),(2234,0,4,322),(2235,1,17,346),(2236,0,5,70),(2237,1,13,2),(2238,1,5,328),(2239,0,14,145),(2240,1,7,209),(2241,0,9,42),(2242,1,12,362),(2243,1,15,235),(2244,0,5,72),(2245,0,6,166),(2246,0,9,22),(2247,1,17,8),(2248,0,2,358),(2249,1,9,214),(2250,1,20,366),(2251,1,8,244),(2252,1,18,273),(2253,1,15,165),(2254,1,17,45),(2255,0,1,164),(2256,0,9,397),(2257,1,18,220),(2258,0,7,402),(2259,0,18,275),(2260,1,9,261),(2261,0,12,140),(2262,0,13,341),(2263,0,7,138),(2264,0,17,395),(2265,0,5,186),(2266,0,14,258),(2267,1,16,193),(2268,1,19,168),(2269,0,8,290),(2270,0,9,88),(2271,0,20,262),(2272,1,13,303),(2273,0,18,183),(2274,1,2,208),(2275,1,7,222),(2276,0,10,38),(2277,0,5,230),(2278,0,10,323),(2279,0,17,393),(2280,1,14,179),(2281,1,5,24),(2282,1,1,270),(2283,1,10,2),(2284,0,19,157),(2285,1,6,162),(2286,0,17,249),(2287,1,19,224),(2288,0,1,188),(2289,1,16,148),(2290,1,14,388),(2291,0,9,248),(2292,0,9,362),(2293,1,12,16),(2294,1,1,240),(2295,0,10,221),(2296,1,18,286),(2297,0,14,105),(2298,1,11,386),(2299,0,5,296),(2300,1,7,388),(2301,0,6,364),(2302,0,18,209),(2303,0,14,169),(2304,1,9,75),(2305,0,17,156),(2306,1,17,116),(2307,1,16,313),(2308,1,3,311),(2309,0,3,248),(2310,0,13,407),(2311,1,16,316),(2312,0,1,78),(2313,1,3,336),(2314,1,18,303),(2315,1,1,252),(2316,1,2,231),(2317,1,15,94),(2318,0,14,333),(2319,0,6,324),(2320,1,6,196),(2321,0,19,262),(2322,0,20,237),(2323,0,18,239),(2324,1,15,415),(2325,1,5,26),(2326,0,2,149),(2327,1,18,105),(2328,0,20,325),(2329,0,11,415),(2330,0,11,288),(2331,0,18,373),(2332,1,14,209),(2333,0,3,253),(2334,1,6,100),(2335,0,15,8),(2336,1,10,173),(2337,1,5,270),(2338,0,15,73),(2339,0,11,167),(2340,1,17,292),(2341,0,1,342),(2342,1,12,359),(2343,0,18,16),(2344,1,1,351),(2345,1,7,310),(2346,1,1,317),(2347,0,4,305),(2348,1,11,401),(2349,0,19,337),(2350,0,14,338),(2351,0,4,126),(2352,0,16,72),(2353,1,20,170),(2354,1,6,59),(2355,1,4,263),(2356,1,19,205),(2357,0,12,416),(2358,1,11,181),(2359,0,6,322),(2360,0,16,21),(2361,1,12,317),(2362,1,16,386),(2363,0,8,66),(2364,1,10,394),(2365,1,1,297),(2366,1,4,165),(2367,0,9,277),(2368,1,7,249),(2369,1,5,269),(2370,1,19,314),(2371,0,7,56),(2372,1,3,16),(2373,0,20,229),(2374,0,7,345),(2375,1,15,338),(2376,1,14,314),(2377,0,4,105),(2378,1,17,206),(2379,0,13,16),(2380,1,5,335),(2381,1,13,358),(2382,1,16,82),(2383,0,7,385),(2384,0,12,389),(2385,1,5,38),(2386,0,1,159),(2387,1,5,386),(2388,1,12,415),(2389,1,14,260),(2390,1,18,91),(2391,1,19,243),(2392,0,4,412),(2393,1,3,54),(2394,1,18,124),(2395,0,19,4),(2396,0,2,53),(2397,0,7,19),(2398,1,13,33),(2399,1,15,252),(2400,1,6,164),(2401,0,7,303),(2402,1,2,135),(2403,1,19,134),(2404,1,4,38),(2405,0,4,191),(2406,0,3,64),(2407,0,14,248),(2408,1,2,306),(2409,0,6,120),(2410,0,7,354),(2411,1,10,46),(2412,0,11,170),(2413,0,17,205),(2414,1,10,373),(2415,0,14,410),(2416,1,9,193),(2417,0,16,400),(2418,0,12,99),(2419,0,9,34),(2420,1,18,316),(2421,1,5,300),(2422,0,4,143),(2423,1,1,80),(2424,0,18,326),(2425,0,16,255),(2426,1,14,194),(2427,0,8,340),(2428,1,10,229),(2429,1,18,402),(2430,1,4,368),(2431,1,4,198),(2432,1,14,311),(2433,1,5,11),(2434,0,9,225),(2435,0,16,170),(2436,1,12,233),(2437,1,14,130),(2438,0,18,213),(2439,0,6,243),(2440,1,6,8),(2441,1,1,7),(2442,0,13,50),(2443,1,4,227),(2444,0,2,329),(2445,0,5,237),(2446,1,3,241),(2447,1,17,261),(2448,0,19,25),(2449,0,12,66),(2450,0,13,403),(2451,0,6,352),(2452,1,7,183),(2453,1,19,336),(2454,1,3,206),(2455,1,20,161),(2456,0,6,351),(2457,0,8,125),(2458,1,7,58),(2459,1,19,216),(2460,1,3,149),(2461,1,20,134),(2462,0,8,101),(2463,1,16,409),(2464,0,10,409),(2465,1,4,360),(2466,1,14,67),(2467,0,11,243),(2468,0,2,418),(2469,1,20,215),(2470,0,13,11),(2471,0,19,47),(2472,0,1,287),(2473,0,11,18),(2474,0,11,370),(2475,0,13,138),(2476,1,4,374),(2477,0,14,80),(2478,0,15,349),(2479,1,18,99),(2480,0,9,216),(2481,0,7,360),(2482,1,15,387),(2483,0,11,171),(2484,1,12,287),(2485,1,20,390),(2486,1,13,388),(2487,0,5,252),(2488,1,1,110),(2489,0,14,238),(2490,1,4,366),(2491,0,19,127),(2492,1,6,80),(2493,0,11,359),(2494,1,18,399),(2495,0,5,354),(2496,0,12,311),(2497,0,16,307),(2498,1,1,224),(2499,0,5,86),(2500,0,14,158),(2501,0,19,73),(2502,1,15,61),(2503,1,10,193),(2504,0,8,257),(2505,0,7,291),(2506,0,12,137),(2507,1,3,231),(2508,1,18,53),(2509,1,16,249),(2510,1,17,7),(2511,0,8,103),(2512,0,13,145),(2513,1,3,111),(2514,1,7,38),(2515,0,2,94),(2516,1,14,208),(2517,0,1,345),(2518,0,18,47),(2519,0,10,148),(2520,0,8,369),(2521,1,15,319),(2522,0,8,401),(2523,0,3,226),(2524,0,6,325),(2525,1,19,7),(2526,1,9,326),(2527,0,2,420),(2528,0,6,389),(2529,0,19,286),(2530,0,1,235),(2531,0,4,382),(2532,1,9,228),(2533,1,10,282),(2534,1,18,56),(2535,1,1,214),(2536,0,16,57),(2537,0,15,90),(2538,1,16,370),(2539,0,20,122),(2540,0,6,213),(2541,1,8,61),(2542,1,14,146),(2543,0,9,402),(2544,0,14,291),(2545,1,19,359),(2546,1,13,157),(2547,0,2,86),(2548,0,8,181),(2549,0,15,133),(2550,1,6,399),(2551,0,8,342),(2552,1,4,359),(2553,0,4,201),(2554,1,9,73),(2555,1,2,57),(2556,1,20,190),(2557,0,17,349),(2558,0,12,335),(2559,1,11,304),(2560,1,13,412),(2561,0,19,87),(2562,1,20,253),(2563,0,7,258),(2564,0,4,265),(2565,0,8,384),(2566,0,1,263),(2567,0,2,416),(2568,1,4,296),(2569,0,2,114),(2570,1,8,197),(2571,1,8,45),(2572,0,15,115),(2573,0,8,81),(2574,0,12,214),(2575,0,4,409),(2576,1,14,353),(2577,0,12,245),(2578,1,9,292),(2579,0,5,74),(2580,1,3,384),(2581,1,19,163),(2582,1,14,210),(2583,1,9,156),(2584,1,17,75),(2585,1,12,72),(2586,1,2,326),(2587,0,15,346),(2588,1,6,11),(2589,1,9,249),(2590,0,4,326),(2591,0,5,264),(2592,0,13,148),(2593,1,14,16),(2594,1,3,202),(2595,1,18,132),(2596,0,12,7),(2597,0,7,210),(2598,1,5,147),(2599,0,3,195),(2600,0,18,187),(2601,1,7,87),(2602,0,18,367),(2603,0,10,280),(2604,1,19,291),(2605,1,2,308),(2606,1,20,132),(2607,1,9,257),(2608,1,6,74),(2609,0,2,42),(2610,0,8,371),(2611,1,10,236),(2612,1,4,240),(2613,0,19,32),(2614,1,15,145),(2615,1,11,295),(2616,1,15,44),(2617,0,11,85),(2618,0,13,326),(2619,0,7,270),(2620,0,20,365),(2621,1,9,196),(2622,1,10,70),(2623,1,5,118),(2624,1,11,6),(2625,0,3,15),(2626,1,1,140),(2627,0,18,301),(2628,0,17,318),(2629,1,18,377),(2630,0,12,20),(2631,0,13,142),(2632,1,9,130),(2633,0,13,14),(2634,0,5,175),(2635,1,12,411),(2636,1,16,336),(2637,0,18,119),(2638,1,20,218),(2639,1,2,240),(2640,0,20,157),(2641,1,10,213),(2642,0,17,38),(2643,0,2,71),(2644,1,9,87),(2645,1,12,343),(2646,0,1,4),(2647,1,7,60),(2648,1,8,170),(2649,1,1,71),(2650,0,7,208),(2651,1,5,369),(2652,0,18,328),(2653,1,8,130),(2654,1,8,239),(2655,0,3,265),(2656,0,16,178),(2657,1,9,133),(2658,1,14,159),(2659,1,11,63),(2660,1,6,188),(2661,0,14,40),(2662,1,4,371),(2663,1,19,187),(2664,1,14,387),(2665,1,19,222),(2666,1,9,371),(2667,0,17,231),(2668,1,10,101),(2669,0,8,86),(2670,0,6,369),(2671,1,10,54),(2672,0,3,93),(2673,0,5,124),(2674,1,17,135),(2675,1,20,251),(2676,1,15,367),(2677,0,12,31),(2678,0,10,216),(2679,1,4,337),(2680,0,11,169),(2681,1,5,388),(2682,0,3,405),(2683,1,18,320),(2684,0,5,155),(2685,1,20,162),(2686,1,8,162),(2687,1,20,18),(2688,1,3,296),(2689,0,13,112),(2690,1,5,15),(2691,0,10,33),(2692,1,18,290),(2693,1,19,173),(2694,1,11,241),(2695,1,5,284),(2696,1,16,48),(2697,0,3,216),(2698,0,11,329),(2699,1,4,10),(2700,1,1,303),(2701,0,1,277),(2702,1,1,119),(2703,1,3,104),(2704,1,1,136),(2705,0,10,293),(2706,0,1,127),(2707,1,2,328),(2708,0,5,165),(2709,0,4,59),(2710,1,8,397),(2711,0,13,125),(2712,1,11,131),(2713,1,6,288),(2714,1,3,415),(2715,1,13,68),(2716,1,18,45),(2717,0,20,398),(2718,0,13,296),(2719,1,7,266),(2720,0,3,40),(2721,1,10,119),(2722,0,13,43),(2723,1,6,323),(2724,0,15,419),(2725,0,1,125),(2726,1,13,418),(2727,1,1,393),(2728,1,17,284),(2729,1,12,303),(2730,1,1,262),(2731,0,3,376),(2732,1,1,243),(2733,1,1,254),(2734,1,10,273),(2735,1,19,400),(2736,1,6,132),(2737,1,12,182),(2738,1,6,219),(2739,0,8,382),(2740,1,7,90),(2741,1,15,15),(2742,0,18,86),(2743,0,7,335),(2744,0,4,42),(2745,1,1,205),(2746,0,17,79),(2747,0,7,114),(2748,0,11,101),(2749,1,2,41),(2750,1,11,211),(2751,1,2,70),(2752,1,15,383),(2753,1,2,270),(2754,1,15,2),(2755,0,3,17),(2756,1,20,355),(2757,0,11,142),(2758,0,11,338),(2759,0,9,384),(2760,1,14,56),(2761,1,6,103),(2762,1,9,56),(2763,1,2,89),(2764,1,16,147),(2765,0,10,342),(2766,1,4,30),(2767,1,11,271),(2768,1,10,199),(2769,1,15,325),(2770,1,5,275),(2771,1,7,370),(2772,1,11,62),(2773,1,10,155),(2774,1,1,40),(2775,0,18,185),(2776,1,7,281),(2777,1,5,316),(2778,1,1,403),(2779,0,18,97),(2780,1,9,36),(2781,1,1,242),(2782,0,16,253),(2783,1,15,271),(2784,1,6,126),(2785,0,6,71),(2786,1,16,118),(2787,0,17,252),(2788,1,3,364),(2789,1,14,355),(2790,0,20,165),(2791,0,14,181),(2792,0,12,9),(2793,0,12,54),(2794,0,17,380),(2795,0,15,278),(2796,1,1,398),(2797,1,18,190),(2798,0,14,347),(2799,1,9,318),(2800,1,11,239),(2801,1,3,305),(2802,1,14,310),(2803,0,20,369),(2804,0,9,375),(2805,1,13,48),(2806,0,9,172),(2807,1,5,59),(2808,0,5,219),(2809,0,1,313),(2810,0,1,167),(2811,0,2,85),(2812,0,5,390),(2813,0,6,13),(2814,0,11,227),(2815,0,12,276),(2816,1,20,11),(2817,0,5,114),(2818,1,16,111),(2819,1,5,383),(2820,1,18,161),(2821,1,3,299),(2822,1,4,361),(2823,1,3,375),(2824,1,10,124),(2825,1,20,255),(2826,0,3,142),(2827,1,1,404),(2828,1,15,176),(2829,1,15,154),(2830,1,18,169),(2831,1,4,233),(2832,0,8,63),(2833,0,5,333),(2834,1,18,131),(2835,1,15,380),(2836,0,13,278),(2837,0,19,349),(2838,0,17,391),(2839,1,16,65),(2840,0,9,354),(2841,1,1,29),(2842,0,12,325),(2843,0,17,268),(2844,0,6,235),(2845,1,6,49),(2846,1,16,171),(2847,0,9,346),(2848,0,19,189),(2849,1,18,233),(2850,0,15,215),(2851,0,15,172),(2852,1,3,83),(2853,0,1,311),(2854,0,11,319),(2855,1,2,40),(2856,1,19,332),(2857,1,13,355),(2858,1,11,209),(2859,1,13,139),(2860,0,5,39),(2861,0,2,226),(2862,0,15,270),(2863,1,17,228),(2864,0,14,205),(2865,0,10,247),(2866,0,9,360),(2867,0,7,384),(2868,1,19,278),(2869,1,14,142),(2870,0,18,369),(2871,0,16,164),(2872,0,2,282),(2873,1,6,253),(2874,0,20,149),(2875,1,12,279),(2876,1,9,407),(2877,0,6,53),(2878,1,3,403),(2879,0,7,393),(2880,1,12,96),(2881,0,4,49),(2882,1,12,308),(2883,1,9,65),(2884,1,14,122),(2885,0,13,353),(2886,1,4,269),(2887,0,20,180),(2888,0,9,298),(2889,0,8,214),(2890,1,5,17),(2891,0,18,357),(2892,0,9,251),(2893,0,14,394),(2894,0,12,83),(2895,1,8,139),(2896,1,3,239),(2897,0,3,379),(2898,0,17,154),(2899,0,9,151),(2900,0,3,129),(2901,0,6,285),(2902,0,17,409),(2903,0,17,178),(2904,0,12,126),(2905,0,15,399),(2906,1,16,297),(2907,0,10,189),(2908,0,13,181),(2909,0,17,335),(2910,0,14,135),(2911,1,15,36),(2912,0,11,13),(2913,0,1,219),(2914,1,8,41),(2915,1,18,186),(2916,0,7,325),(2917,0,16,237),(2918,1,14,384),(2919,1,10,104),(2920,1,19,123),(2921,1,7,49),(2922,0,16,66),(2923,1,1,353),(2924,0,7,155),(2925,1,4,87),(2926,1,1,181),(2927,1,3,219),(2928,0,8,321),(2929,0,8,253),(2930,0,7,140),(2931,1,20,298),(2932,1,2,223),(2933,0,10,382),(2934,0,16,271),(2935,1,8,114),(2936,0,5,370),(2937,0,10,355),(2938,0,14,212),(2939,0,16,117),(2940,1,14,221),(2941,1,4,19),(2942,0,7,362),(2943,1,13,100),(2944,1,12,328),(2945,0,5,101),(2946,0,5,34),(2947,0,10,263),(2948,1,12,320),(2949,0,10,413),(2950,1,17,26),(2951,0,5,221),(2952,0,15,123),(2953,0,2,182),(2954,0,3,303),(2955,0,15,122),(2956,1,6,274),(2957,0,2,131),(2958,0,14,276),(2959,0,18,257),(2960,1,11,17),(2961,1,12,361),(2962,1,12,41),(2963,0,3,188),(2964,0,19,328),(2965,0,6,248),(2966,0,10,129),(2967,1,15,376),(2968,1,6,14),(2969,1,15,164),(2970,1,19,388),(2971,0,9,111),(2972,1,18,33),(2973,0,13,266),(2974,0,2,283),(2975,0,4,129),(2976,0,13,318),(2977,1,4,117),(2978,0,2,54),(2979,1,20,360),(2980,0,20,197),(2981,0,10,26),(2982,0,14,270),(2983,0,2,384),(2984,1,17,54),(2985,1,15,313),(2986,1,12,241),(2987,0,4,278),(2988,0,7,347),(2989,0,19,380),(2990,0,3,351),(2991,1,13,241),(2992,1,16,352),(2993,0,14,180),(2994,1,3,301),(2995,1,5,285),(2996,0,12,323),(2997,0,13,386),(2998,0,4,123),(2999,0,20,388),(3000,1,13,17),(3001,0,15,273),(3002,0,18,32),(3003,0,5,54),(3004,1,8,251),(3005,0,8,326),(3006,1,12,116),(3007,1,3,42),(3008,1,10,171),(3009,0,16,7),(3010,0,8,60),(3011,0,17,343),(3012,1,5,310),(3013,1,19,147),(3014,1,5,374),(3015,1,3,393),(3016,1,15,193),(3017,0,3,164),(3018,1,7,43),(3019,1,5,135),(3020,1,11,352),(3021,0,3,235),(3022,0,6,397),(3023,1,6,26),(3024,0,3,24),(3025,1,12,376),(3026,0,9,319),(3027,1,15,166),(3028,0,18,210),(3029,1,2,12),(3030,1,4,357),(3031,1,11,417),(3032,1,8,235),(3033,0,11,219),(3034,0,19,22),(3035,0,1,416),(3036,1,18,284),(3037,1,17,126),(3038,1,1,165),(3039,1,5,48),(3040,0,11,118),(3041,0,12,309),(3042,1,10,141),(3043,1,20,13),(3044,1,14,364),(3045,1,12,273),(3046,1,7,375),(3047,1,5,315),(3048,0,1,399),(3049,1,20,67),(3050,0,1,83),(3051,1,12,296),(3052,0,6,187),(3053,1,16,133),(3054,1,2,325),(3055,0,17,360),(3056,1,16,78),(3057,1,12,176),(3058,1,15,163),(3059,0,6,261),(3060,1,6,342),(3061,0,10,277),(3062,0,10,35),(3063,0,5,406),(3064,1,20,82),(3065,0,15,214),(3066,0,9,419),(3067,1,9,311),(3068,0,12,384),(3069,1,13,237),(3070,0,16,393),(3071,0,16,273),(3072,0,15,153),(3073,0,9,90),(3074,1,13,123),(3075,1,10,249),(3076,1,14,373),(3077,1,15,289),(3078,1,10,198),(3079,0,1,111),(3080,0,8,153),(3081,0,1,84),(3082,1,11,109),(3083,0,10,191),(3084,0,11,399),(3085,1,16,156),(3086,0,1,358),(3087,0,12,260),(3088,1,6,127),(3089,1,16,334),(3090,0,2,56),(3091,0,12,25),(3092,1,10,195),(3093,1,16,408),(3094,1,15,155),(3095,1,7,298),(3096,0,17,158),(3097,0,3,288),(3098,0,18,125),(3099,1,2,112),(3100,1,16,407),(3101,0,17,100),(3102,0,15,320),(3103,0,19,295),(3104,1,16,2),(3105,0,20,226),(3106,0,19,66),(3107,1,8,224),(3108,0,15,368),(3109,1,7,156),(3110,0,15,57),(3111,1,9,32),(3112,0,7,201),(3113,0,1,327),(3114,1,8,27),(3115,0,2,316),(3116,0,10,415),(3117,0,18,46),(3118,1,15,91),(3119,0,5,78),(3120,0,6,195),(3121,1,19,108),(3122,0,2,90),(3123,0,16,220),(3124,0,14,226),(3125,0,14,113),(3126,0,10,23),(3127,0,8,312),(3128,1,10,53),(3129,0,15,348),(3130,0,8,156),(3131,0,4,364),(3132,1,8,78),(3133,0,10,402),(3134,1,3,373),(3135,0,20,384),(3136,0,4,108),(3137,0,10,224),(3138,0,16,330),(3139,0,13,304),(3140,1,7,130),(3141,0,17,165),(3142,1,14,369),(3143,0,8,332),(3144,0,11,322),(3145,1,7,264),(3146,0,12,17),(3147,0,18,106),(3148,0,1,196),(3149,1,5,398),(3150,1,6,392),(3151,0,3,21),(3152,0,2,107),(3153,1,11,92),(3154,1,8,280),(3155,1,14,252),(3156,0,3,145),(3157,1,5,401),(3158,1,5,340),(3159,1,15,340),(3160,0,8,398),(3161,0,20,242),(3162,1,16,36),(3163,0,20,156),(3164,0,17,114),(3165,1,18,120),(3166,0,4,321),(3167,0,17,161),(3168,0,3,359),(3169,1,14,296),(3170,0,2,268),(3171,0,19,138),(3172,1,6,50),(3173,0,18,157),(3174,0,8,46),(3175,0,3,201),(3176,0,19,371),(3177,0,2,25),(3178,0,17,20),(3179,0,11,61),(3180,0,16,185),(3181,1,11,43),(3182,1,17,323),(3183,1,13,39),(3184,0,12,119),(3185,0,11,258),(3186,0,8,297),(3187,1,20,126),(3188,1,14,253),(3189,1,20,142),(3190,1,7,92),(3191,0,13,62),(3192,0,17,336),(3193,1,10,383),(3194,1,13,172),(3195,0,14,74),(3196,0,2,307),(3197,0,1,114),(3198,0,7,257),(3199,1,16,98),(3200,0,10,13),(3201,0,14,49),(3202,1,14,96),(3203,1,13,343),(3204,0,10,147),(3205,1,8,389),(3206,0,5,210),(3207,0,3,90),(3208,1,12,418),(3209,1,20,266),(3210,0,4,187),(3211,0,11,392),(3212,1,13,5),(3213,1,16,75),(3214,0,18,110),(3215,0,14,389),(3216,0,16,224),(3217,0,18,13),(3218,0,10,29),(3219,1,6,25),(3220,1,16,89),(3221,1,16,114),(3222,0,10,227),(3223,0,13,379),(3224,0,5,359),(3225,0,16,129),(3226,1,4,64),(3227,1,6,203),(3228,1,14,303),(3229,1,20,27),(3230,1,8,105),(3231,1,19,304),(3232,1,1,43),(3233,0,4,181),(3234,0,9,202),(3235,0,19,284),(3236,0,4,56),(3237,0,1,32),(3238,1,6,19),(3239,1,15,288),(3240,1,2,232),(3241,0,16,298),(3242,0,13,400),(3243,0,16,285),(3244,1,17,60),(3245,1,11,404),(3246,1,20,23),(3247,0,13,162),(3248,1,1,248),(3249,0,16,262),(3250,0,10,85),(3251,0,1,344),(3252,1,8,111),(3253,1,15,197),(3254,0,18,114),(3255,1,20,12),(3256,0,17,108),(3257,0,9,295),(3258,0,2,251),(3259,0,10,418),(3260,1,15,88),(3261,0,7,186),(3262,1,18,212),(3263,0,10,83),(3264,1,15,227),(3265,0,7,103),(3266,0,12,171),(3267,1,10,321),(3268,1,14,213),(3269,1,7,371),(3270,1,18,66),(3271,0,11,344),(3272,0,17,55),(3273,0,2,199),(3274,1,14,148),(3275,0,6,231),(3276,0,13,179),(3277,1,11,293),(3278,1,16,179),(3279,0,1,122),(3280,0,11,119),(3281,0,3,198),(3282,1,2,102),(3283,0,18,228),(3284,0,10,381),(3285,1,16,107),(3286,0,12,345),(3287,1,11,313),(3288,0,1,355),(3289,1,11,349),(3290,0,5,358),(3291,0,10,325),(3292,0,15,266),(3293,0,17,381),(3294,1,16,405),(3295,1,13,69),(3296,0,1,123),(3297,1,20,21),(3298,1,19,350),(3299,1,13,150),(3300,1,20,279),(3301,0,14,33),(3302,1,17,322),(3303,0,7,178),(3304,1,13,416),(3305,1,17,187),(3306,1,17,70),(3307,0,18,351),(3308,0,19,403),(3309,0,16,63),(3310,0,8,379),(3311,1,3,146),(3312,0,5,311),(3313,1,8,155),(3314,1,4,102),(3315,1,1,318),(3316,1,4,415),(3317,0,14,415),(3318,0,11,291),(3319,1,16,406),(3320,0,14,69),(3321,1,20,404),(3322,0,2,161),(3323,1,1,197),(3324,0,15,200),(3325,0,17,11),(3326,0,1,198),(3327,1,11,264),(3328,1,17,398),(3329,1,3,139),(3330,1,20,136),(3331,0,13,49),(3332,1,5,206),(3333,0,9,414),(3334,0,3,394),(3335,1,3,420),(3336,1,7,265),(3337,1,20,285),(3338,1,1,189),(3339,1,16,265),(3340,1,9,220),(3341,0,14,218),(3342,0,7,395),(3343,0,15,393),(3344,0,10,98),(3345,1,11,8),(3346,0,6,62),(3347,1,14,138),(3348,1,1,373),(3349,0,15,307),(3350,1,7,399),(3351,1,5,347),(3352,0,12,229),(3353,0,4,224),(3354,0,11,165),(3355,1,19,366),(3356,0,18,64),(3357,1,4,196),(3358,1,5,274),(3359,1,2,6),(3360,1,7,176),(3361,1,2,269),(3362,1,15,377),(3363,1,4,70),(3364,0,11,70),(3365,0,9,176),(3366,0,12,225),(3367,1,15,342),(3368,0,19,186),(3369,1,12,368),(3370,0,5,141),(3371,0,10,219),(3372,1,15,82),(3373,0,6,83),(3374,1,1,170),(3375,0,5,375),(3376,0,18,404),(3377,1,4,336),(3378,1,8,288),(3379,0,19,122),(3380,1,4,67),(3381,0,2,34),(3382,0,8,334),(3383,1,1,273),(3384,0,6,312),(3385,1,10,250),(3386,0,4,370),(3387,0,14,277),(3388,1,16,125),(3389,0,9,33),(3390,0,3,53),(3391,1,14,64),(3392,1,3,116),(3393,1,13,218),(3394,0,12,277),(3395,0,19,246),(3396,1,13,21),(3397,1,10,328),(3398,0,11,110),(3399,1,13,247),(3400,1,19,298),(3401,1,12,163),(3402,0,4,9),(3403,0,7,317),(3404,0,3,22),(3405,1,6,36),(3406,1,11,150),(3407,0,1,15),(3408,1,12,269),(3409,0,17,146),(3410,1,4,381),(3411,0,18,410),(3412,0,20,324),(3413,0,17,220),(3414,0,7,331),(3415,1,6,268),(3416,1,3,58),(3417,1,8,344),(3418,0,17,46),(3419,0,1,61),(3420,1,2,2),(3421,0,15,79),(3422,1,2,359),(3423,0,1,250),(3424,1,6,403),(3425,1,7,383),(3426,0,15,63),(3427,0,14,140),(3428,1,1,352),(3429,1,6,252),(3430,1,17,24),(3431,0,20,288),(3432,0,11,312),(3433,1,18,180),(3434,0,4,413),(3435,1,4,350),(3436,1,20,330),(3437,0,17,168),(3438,0,13,59),(3439,1,4,109),(3440,1,17,407),(3441,1,15,33),(3442,1,9,195),(3443,1,12,123),(3444,0,1,410),(3445,0,5,247),(3446,0,17,222),(3447,1,1,289),(3448,0,17,183),(3449,0,15,249),(3450,1,3,230),(3451,1,10,308),(3452,1,18,393),(3453,1,4,192),(3454,0,8,159),(3455,1,8,348),(3456,0,4,251),(3457,0,14,115),(3458,1,17,217),(3459,1,4,174),(3460,0,18,238),(3461,0,7,299),(3462,1,15,18),(3463,0,4,340),(3464,0,5,194),(3465,1,2,207),(3466,1,15,23),(3467,0,2,353),(3468,1,8,360),(3469,1,3,347),(3470,1,8,237),(3471,1,18,408),(3472,1,8,301),(3473,0,19,377),(3474,1,18,353),(3475,0,2,323),(3476,1,3,89),(3477,0,1,24),(3478,0,3,46),(3479,1,20,347),(3480,1,18,242),(3481,0,1,121),(3482,0,7,1),(3483,1,18,90),(3484,0,7,355),(3485,1,17,290),(3486,0,19,239),(3487,0,20,56),(3488,0,16,151),(3489,0,19,369),(3490,0,18,27),(3491,1,1,234),(3492,0,3,147),(3493,0,9,167),(3494,0,16,347),(3495,0,2,26),(3496,0,8,124),(3497,0,4,338),(3498,0,18,152),(3499,0,12,84),(3500,1,2,235),(3501,0,18,37),(3502,1,4,128),(3503,0,18,358),(3504,1,11,345),(3505,1,15,103),(3506,0,16,235),(3507,1,14,288),(3508,1,16,410),(3509,1,6,128),(3510,1,7,309),(3511,0,20,315),(3512,1,5,304),(3513,0,11,38),(3514,0,16,304),(3515,1,17,353),(3516,1,8,273),(3517,0,19,141),(3518,0,3,193),(3519,1,20,403),(3520,1,17,215),(3521,1,14,32),(3522,0,20,221),(3523,0,12,365),(3524,0,17,232),(3525,1,14,63),(3526,1,14,377),(3527,1,2,55),(3528,1,4,332),(3529,1,6,405),(3530,1,19,307),(3531,0,16,106),(3532,0,6,39),(3533,0,20,371),(3534,0,7,376),(3535,1,18,211),(3536,0,8,241),(3537,0,4,342),(3538,0,9,232),(3539,0,10,36),(3540,0,6,161),(3541,0,9,208),(3542,1,18,249),(3543,1,1,296),(3544,1,16,25),(3545,1,10,78),(3546,0,11,180),(3547,1,10,49),(3548,1,17,379),(3549,0,17,244),(3550,0,14,244),(3551,0,10,207),(3552,1,19,89),(3553,1,9,129),(3554,1,1,101),(3555,0,3,407),(3556,1,20,278),(3557,1,3,215),(3558,1,5,60),(3559,0,5,58),(3560,1,2,405),(3561,1,5,88),(3562,1,6,301),(3563,0,10,60),(3564,0,14,348),(3565,1,16,358),(3566,1,20,320),(3567,0,14,246),(3568,1,13,42),(3569,0,3,204),(3570,1,11,320),(3571,1,6,60),(3572,1,7,387),(3573,1,3,313),(3574,0,16,1),(3575,1,7,245),(3576,1,20,309),(3577,0,19,78),(3578,0,12,219),(3579,1,13,226),(3580,0,9,185),(3581,1,5,166),(3582,0,10,407),(3583,0,12,392),(3584,1,15,244),(3585,1,11,9),(3586,1,1,280),(3587,0,6,335),(3588,0,8,182),(3589,1,3,12),(3590,1,15,32),(3591,0,13,286),(3592,0,16,256),(3593,1,3,310),(3594,0,17,371),(3595,0,1,217),(3596,0,12,19),(3597,0,3,314),(3598,0,16,116),(3599,0,5,50),(3600,1,18,39),(3601,1,10,232),(3602,0,20,272),(3603,1,1,21),(3604,0,20,101),(3605,1,8,386),(3606,1,2,73),(3607,1,3,1),(3608,1,2,287),(3609,1,14,83),(3610,1,18,77),(3611,1,13,143),(3612,0,17,59),(3613,0,12,349),(3614,1,12,404),(3615,1,15,134),(3616,0,2,20),(3617,1,4,107),(3618,1,11,233),(3619,1,6,328),(3620,1,11,112),(3621,1,18,36),(3622,1,7,356),(3623,1,5,321),(3624,0,5,9),(3625,1,2,120),(3626,1,12,257),(3627,0,5,239),(3628,1,4,411),(3629,1,10,257),(3630,1,11,362),(3631,0,2,298),(3632,0,7,211),(3633,1,3,4),(3634,0,14,414),(3635,1,15,119),(3636,0,20,115),(3637,0,14,254),(3638,1,16,26),(3639,0,2,224),(3640,1,19,375),(3641,0,2,98),(3642,0,11,194),(3643,0,7,361),(3644,1,10,187),(3645,1,19,88),(3646,1,17,288),(3647,1,11,281),(3648,1,11,44),(3649,1,14,198),(3650,0,14,371),(3651,0,9,107),(3652,1,8,222),(3653,0,13,240),(3654,0,15,45),(3655,0,20,118),(3656,0,9,252),(3657,1,14,290),(3658,1,6,111),(3659,0,2,163),(3660,0,7,25),(3661,1,13,57),(3662,1,7,167),(3663,0,15,93),(3664,0,13,174),(3665,0,7,242),(3666,1,19,94),(3667,1,13,35),(3668,1,2,275),(3669,1,5,64),(3670,1,13,72),(3671,0,9,313),(3672,0,4,352),(3673,0,19,303),(3674,1,2,117),(3675,1,13,95),(3676,1,15,142),(3677,0,16,416),(3678,1,5,223),(3679,0,2,389),(3680,0,19,41),(3681,0,17,10),(3682,0,5,37),(3683,1,19,341),(3684,1,1,312),(3685,1,12,237),(3686,0,1,333),(3687,0,15,398),(3688,0,18,162),(3689,0,7,190),(3690,1,11,382),(3691,1,12,397),(3692,1,12,326),(3693,0,10,225),(3694,0,5,220),(3695,0,19,111),(3696,0,18,240),(3697,1,4,52),(3698,0,7,98),(3699,0,20,33),(3700,1,3,275),(3701,0,5,66),(3702,1,19,83),(3703,0,3,92),(3704,0,12,282),(3705,0,13,3),(3706,1,2,266),(3707,0,4,24),(3708,1,7,27),(3709,1,10,27),(3710,1,16,47),(3711,0,7,188),(3712,0,13,235),(3713,0,10,153),(3714,1,8,331),(3715,0,20,389),(3716,1,10,363),(3717,0,20,306),(3718,1,8,151),(3719,0,11,37),(3720,0,17,342),(3721,0,10,183),(3722,1,18,148),(3723,1,2,167),(3724,0,14,341),(3725,0,2,50),(3726,0,17,98),(3727,1,14,262),(3728,1,15,180),(3729,1,9,118),(3730,0,18,197),(3731,0,2,81),(3732,0,7,297),(3733,1,2,37),(3734,0,8,313),(3735,1,11,129),(3736,1,14,308),(3737,1,2,101),(3738,0,18,8),(3739,1,10,384),(3740,1,20,15),(3741,1,2,203),(3742,0,1,315),(3743,0,14,178),(3744,0,10,68),(3745,0,12,121),(3746,0,11,255),(3747,0,9,253),(3748,0,8,356),(3749,1,6,114),(3750,1,20,258),(3751,1,4,375),(3752,1,13,273),(3753,1,6,315),(3754,0,7,381),(3755,0,19,153),(3756,1,19,339),(3757,1,8,350),(3758,0,7,182),(3759,0,1,231),(3760,1,2,122),(3761,0,12,356),(3762,1,9,122),(3763,0,17,308),(3764,1,17,128),(3765,1,17,405),(3766,1,4,17),(3767,0,3,279),(3768,0,12,63),(3769,1,10,106),(3770,1,12,417),(3771,1,15,323),(3772,1,18,292),(3773,0,3,254),(3774,0,11,35),(3775,0,10,110),(3776,0,12,292),(3777,1,6,118),(3778,0,1,420),(3779,1,10,347),(3780,0,5,214),(3781,1,11,4),(3782,1,6,150),(3783,0,7,272),(3784,1,6,165),(3785,1,14,182),(3786,0,5,159),(3787,0,5,116),(3788,1,1,332),(3789,1,5,6),(3790,0,16,92),(3791,1,10,114),(3792,1,18,80),(3793,0,3,35),(3794,0,18,251),(3795,1,3,399),(3796,1,11,384),(3797,0,9,269),(3798,1,5,356),(3799,0,16,204),(3800,1,13,170),(3801,1,1,132),(3802,0,2,110),(3803,0,10,327),(3804,1,4,194),(3805,1,11,160),(3806,0,1,17),(3807,0,12,246),(3808,0,10,337),(3809,1,11,49),(3810,0,3,160),(3811,1,2,393),(3812,1,10,157),(3813,0,19,249),(3814,1,13,93),(3815,1,5,152),(3816,0,19,271),(3817,0,13,417),(3818,1,10,360),(3819,1,4,50),(3820,1,2,1),(3821,0,2,58),(3822,0,16,32),(3823,0,19,320),(3824,1,15,148),(3825,1,5,242),(3826,0,7,168),(3827,1,17,213),(3828,1,14,386),(3829,1,11,155),(3830,0,7,50),(3831,0,17,375),(3832,0,9,394),(3833,1,3,11),(3834,1,14,31),(3835,1,13,102),(3836,0,5,102),(3837,0,12,310),(3838,0,10,138),(3839,1,18,344),(3840,1,17,400),(3841,0,2,48),(3842,1,16,375),(3843,0,2,300),(3844,0,7,119),(3845,0,16,108),(3846,1,19,116),(3847,0,13,196),(3848,0,2,162),(3849,1,2,63),(3850,1,11,292),(3851,0,14,91),(3852,0,9,50),(3853,1,19,310),(3854,0,19,11),(3855,1,20,184),(3856,0,3,290),(3857,1,3,182),(3858,0,7,147),(3859,0,16,86),(3860,0,1,131),(3861,0,5,201),(3862,1,19,305),(3863,1,3,350),(3864,0,18,95),(3865,0,18,374),(3866,1,13,178),(3867,0,10,84),(3868,0,13,292),(3869,0,20,86),(3870,0,11,48),(3871,1,13,281),(3872,0,4,31),(3873,0,2,189),(3874,0,9,165),(3875,0,6,113),(3876,1,11,323),(3877,0,13,127),(3878,0,13,168),(3879,1,4,214),(3880,1,16,329),(3881,0,5,177),(3882,1,13,92),(3883,0,19,338),(3884,1,17,216),(3885,0,12,2),(3886,1,5,182),(3887,0,17,200),(3888,0,8,403),(3889,0,1,37),(3890,0,13,31),(3891,1,9,333),(3892,1,6,332),(3893,1,6,256),(3894,0,16,335),(3895,1,10,20),(3896,0,16,274),(3897,0,13,146),(3898,1,3,411),(3899,1,17,344),(3900,1,18,313),(3901,1,20,81),(3902,0,5,199),(3903,0,3,68),(3904,0,1,70),(3905,0,11,366),(3906,1,16,250),(3907,1,18,7),(3908,1,9,218),(3909,1,4,282),(3910,0,9,2),(3911,1,15,76),(3912,1,15,139),(3913,0,13,271),(3914,0,6,18),(3915,1,14,133),(3916,0,16,411),(3917,0,17,188),(3918,1,2,356),(3919,1,12,206),(3920,0,7,232),(3921,0,5,180),(3922,0,19,162),(3923,1,17,291),(3924,1,5,379),(3925,0,17,372),(3926,0,15,112),(3927,0,1,173),(3928,0,10,178),(3929,1,18,244),(3930,1,6,17),(3931,1,9,307),(3932,1,13,156),(3933,0,4,408),(3934,1,14,231),(3935,1,12,124),(3936,0,16,398),(3937,0,14,37),(3938,0,7,215),(3939,0,3,118),(3940,1,3,131),(3941,0,18,1),(3942,1,14,8),(3943,1,15,27),(3944,0,5,266),(3945,1,8,233),(3946,0,16,234),(3947,0,7,405),(3948,0,19,53),(3949,1,20,328),(3950,1,3,154),(3951,0,17,129),(3952,0,9,353),(3953,0,8,25),(3954,0,17,214),(3955,1,10,301),(3956,0,17,5),(3957,0,16,248),(3958,0,1,168),(3959,0,18,41),(3960,0,9,104),(3961,1,7,293),(3962,1,7,67),(3963,0,2,24),(3964,0,5,248),(3965,0,17,148),(3966,1,4,13),(3967,0,19,326),(3968,0,17,197),(3969,1,3,101),(3970,1,13,6),(3971,0,14,250),(3972,1,12,92),(3973,1,5,233),(3974,1,5,263),(3975,1,9,53),(3976,1,14,120),(3977,1,10,137),(3978,0,11,24),(3979,0,20,241),(3980,0,17,105),(3981,0,5,392),(3982,1,5,146),(3983,0,9,142),(3984,1,1,388),(3985,1,2,172),(3986,0,17,101),(3987,1,6,110),(3988,1,9,28),(3989,1,18,262),(3990,1,16,385),(3991,0,13,19),(3992,1,4,406),(3993,0,8,368),(3994,0,17,195),(3995,0,14,123),(3996,1,12,348),(3997,0,7,191),(3998,0,13,177),(3999,1,1,357),(4000,1,13,194),(4001,1,3,27),(4002,0,12,347),(4003,1,13,97),(4004,0,12,264),(4005,1,11,135),(4006,1,15,98),(4007,1,18,78),(4008,1,19,362),(4009,0,11,190),(4010,1,12,244),(4011,0,13,302),(4012,0,11,162),(4013,1,17,51),(4014,0,4,4),(4015,1,17,394),(4016,1,6,420),(4017,1,3,95),(4018,1,1,367),(4019,1,20,368),(4020,1,7,177),(4021,1,9,287),(4022,0,12,266),(4023,1,5,384),(4024,1,4,159),(4025,0,17,386),(4026,1,7,146),(4027,0,4,395),(4028,0,14,92),(4029,1,15,309),(4030,1,19,219),(4031,0,12,291),(4032,0,8,137),(4033,1,4,154),(4034,1,13,89),(4035,0,11,80),(4036,0,2,312),(4037,0,2,132),(4038,1,7,366),(4039,0,14,343),(4040,0,17,239),(4041,0,15,111),(4042,0,20,295),(4043,0,5,167),(4044,0,16,206),(4045,0,1,50),(4046,1,6,160),(4047,0,12,150),(4048,1,1,363),(4049,0,16,154),(4050,0,17,321),(4051,0,7,169),(4052,1,1,368),(4053,1,6,410),(4054,0,13,272),(4055,1,16,145),(4056,0,2,217),(4057,1,5,212),(4058,1,16,338),(4059,1,20,192),(4060,0,10,318),(4061,1,7,365),(4062,1,9,284),(4063,1,4,414),(4064,0,4,309),(4065,1,8,72),(4066,1,6,46),(4067,1,3,229),(4068,0,7,342),(4069,0,4,142),(4070,1,1,106),(4071,1,18,146),(4072,0,18,179),(4073,0,5,255),(4074,1,6,102),(4075,0,2,399),(4076,0,14,344),(4077,0,5,342),(4078,0,7,51),(4079,1,14,300),(4080,1,2,414),(4081,0,19,114),(4082,1,10,262),(4083,1,4,385),(4084,1,14,385),(4085,0,8,135),(4086,1,12,114),(4087,1,13,282),(4088,0,14,39),(4089,0,15,47),(4090,0,4,334),(4091,1,15,264),(4092,0,7,324),(4093,0,8,408),(4094,1,3,30),(4095,0,9,274),(4096,0,1,413),(4097,0,2,194),(4098,0,8,122),(4099,1,18,214),(4100,0,7,70),(4101,1,7,397),(4102,1,6,133),(4103,1,8,91),(4104,1,9,254),(4105,1,9,339),(4106,1,16,104),(4107,1,20,121),(4108,0,18,379),(4109,1,19,14),(4110,0,14,271),(4111,1,19,268),(4112,1,9,110),(4113,1,9,57),(4114,0,16,390),(4115,0,20,96),(4116,1,15,279),(4117,1,16,317),(4118,1,12,250),(4119,1,16,264),(4120,0,16,16),(4121,0,1,64),(4122,0,18,20),(4123,1,15,106),(4124,1,8,268),(4125,0,8,300),(4126,0,9,39),(4127,0,16,383),(4128,0,1,5),(4129,1,8,391),(4130,1,18,175),(4131,0,14,65),(4132,0,11,289),(4133,0,1,102),(4134,1,8,221),(4135,0,6,244),(4136,1,13,107),(4137,0,2,10),(4138,1,6,254),(4139,1,17,269),(4140,0,12,242),(4141,0,1,124),(4142,0,11,360),(4143,0,20,210),(4144,1,11,121),(4145,0,16,348),(4146,1,20,252),(4147,1,7,419),(4148,1,10,73),(4149,0,1,356),(4150,1,8,69),(4151,1,8,345),(4152,0,9,106),(4153,0,6,24),(4154,0,6,383),(4155,0,19,1),(4156,0,16,380),(4157,0,4,48),(4158,0,20,202),(4159,0,2,246),(4160,0,20,74),(4161,1,15,228),(4162,1,20,2),(4163,0,11,75),(4164,0,4,60),(4165,0,19,154),(4166,1,11,372),(4167,0,17,72),(4168,1,14,152),(4169,0,2,204),(4170,0,4,92),(4171,0,16,119),(4172,0,10,131),(4173,1,16,339),(4174,1,3,197),(4175,1,8,337),(4176,0,17,387),(4177,0,4,255),(4178,0,5,420),(4179,1,1,185),(4180,0,16,12),(4181,1,5,14),(4182,0,20,72),(4183,0,15,304),(4184,1,12,210),(4185,0,20,301),(4186,1,15,175),(4187,1,13,67),(4188,1,8,311),(4189,0,20,143),(4190,0,20,173),(4191,0,19,231),(4192,1,13,255),(4193,1,18,252),(4194,1,15,318),(4195,1,5,253),(4196,1,10,253),(4197,1,9,243),(4198,0,19,39),(4199,0,9,250),(4200,1,12,306),(4201,1,10,214),(4202,0,13,115),(4203,1,12,321),(4204,0,8,299),(4205,0,11,176),(4206,1,15,130),(4207,1,4,170),(4208,1,9,350),(4209,1,7,172),(4210,1,19,86),(4211,1,17,27),(4212,0,2,165),(4213,0,11,327),(4214,1,1,215),(4215,0,8,354),(4216,1,17,373),(4217,0,3,78),(4218,0,14,134),(4219,0,10,197),(4220,0,8,201),(4221,0,12,395),(4222,0,7,93),(4223,1,10,258),(4224,0,11,356),(4225,0,3,414),(4226,1,14,111),(4227,0,15,149),(4228,0,19,99),(4229,1,17,402),(4230,0,8,296),(4231,0,12,224),(4232,0,9,376),(4233,1,16,136),(4234,1,11,1),(4235,1,3,363),(4236,0,10,205),(4237,0,1,190),(4238,0,6,295),(4239,0,17,67),(4240,1,19,34),(4241,0,6,416),(4242,1,11,342),(4243,1,9,359),(4244,1,10,31),(4245,1,7,205),(4246,0,12,341),(4247,1,9,391),(4248,0,16,288),(4249,1,13,215),(4250,0,15,141),(4251,0,7,115),(4252,0,9,103),(4253,0,13,408),(4254,1,11,405),(4255,0,19,399),(4256,0,13,261),(4257,1,2,386),(4258,0,2,291),(4259,0,20,172),(4260,1,7,101),(4261,0,16,68),(4262,0,14,283),(4263,0,11,231),(4264,1,11,183),(4265,1,4,242),(4266,1,5,32),(4267,1,9,335),(4268,1,8,338),(4269,0,7,145),(4270,1,11,261),(4271,1,13,298),(4272,1,13,220),(4273,1,8,55),(4274,1,9,309),(4275,1,15,85),(4276,1,6,217),(4277,1,7,120),(4278,0,20,399),(4279,1,8,18),(4280,0,18,385),(4281,1,18,308),(4282,0,2,156),(4283,0,15,50),(4284,0,11,290),(4285,1,1,290),(4286,1,20,7),(4287,0,4,171),(4288,0,6,339),(4289,0,19,223),(4290,0,20,141),(4291,1,12,238),(4292,0,7,184),(4293,0,5,148),(4294,0,12,152),(4295,0,5,96),(4296,1,11,376),(4297,1,5,397),(4298,0,6,135),(4299,0,12,314),(4300,1,12,307),(4301,1,15,121),(4302,1,12,226),(4303,0,19,164),(4304,1,17,399),(4305,0,6,55),(4306,0,18,74),(4307,0,6,28),(4308,0,17,390),(4309,0,16,186),(4310,1,15,291),(4311,1,13,373),(4312,1,3,325),(4313,1,16,173),(4314,1,5,385),(4315,0,18,219),(4316,1,9,54),(4317,1,5,399),(4318,0,19,294),(4319,0,7,73),(4320,0,5,393),(4321,0,3,295),(4322,1,19,364),(4323,0,6,69),(4324,0,15,49),(4325,0,4,188),(4326,0,13,260),(4327,0,11,21),(4328,0,19,12),(4329,0,3,307),(4330,1,12,122),(4331,1,2,272),(4332,1,9,125),(4333,0,11,409),(4334,0,2,99),(4335,0,5,243),(4336,0,16,23),(4337,0,2,65),(4338,0,11,149),(4339,1,20,394),(4340,0,11,357),(4341,0,18,413),(4342,0,1,94),(4343,0,9,206),(4344,0,7,247),(4345,0,11,58),(4346,0,16,69),(4347,1,3,9),(4348,0,2,349),(4349,1,9,171),(4350,0,1,1),(4351,1,1,171),(4352,1,3,355),(4353,1,12,112),(4354,0,12,196),(4355,1,13,219),(4356,0,9,126),(4357,1,14,48),(4358,0,12,369),(4359,0,14,359),(4360,0,16,299),(4361,0,17,120),(4362,1,17,312),(4363,1,2,364),(4364,1,6,294),(4365,1,18,100),(4366,1,17,319),(4367,0,20,381),(4368,1,2,338),(4369,0,19,183),(4370,0,12,86),(4371,1,14,383),(4372,1,11,154),(4373,1,9,390),(4374,0,5,75),(4375,0,15,128),(4376,1,10,268),(4377,1,20,333),(4378,1,7,352),(4379,1,3,203),(4380,0,8,56),(4381,1,10,80),(4382,0,19,5),(4383,1,13,390),(4384,1,2,202),(4385,0,11,212),(4386,0,4,289),(4387,1,14,201),(4388,1,9,316),(4389,0,10,388),(4390,0,6,90),(4391,0,5,77),(4392,0,16,272),(4393,0,8,118),(4394,0,15,138),(4395,0,5,153),(4396,0,19,355),(4397,0,4,219),(4398,0,4,405),(4399,1,19,36),(4400,1,19,135),(4401,0,18,312),(4402,0,5,20),(4403,0,6,136),(4404,0,4,292),(4405,0,14,81),(4406,0,15,301),(4407,0,8,15),(4408,0,7,149),(4409,1,10,210),(4410,1,14,286),(4411,1,19,35),(4412,1,20,17),(4413,0,3,25),(4414,1,10,295),(4415,1,15,26),(4416,0,13,313),(4417,0,1,118),(4418,0,10,206),(4419,0,19,6),(4420,0,1,9),(4421,0,11,234),(4422,0,15,54),(4423,1,13,88),(4424,1,6,362),(4425,0,2,139),(4426,0,13,200),(4427,0,18,247),(4428,0,4,150),(4429,1,2,124),(4430,1,10,161),(4431,0,10,61),(4432,1,19,132),(4433,0,12,143),(4434,1,18,10),(4435,0,20,34),(4436,0,14,126),(4437,1,9,44),(4438,0,1,65),(4439,1,1,221),(4440,0,15,341),(4441,1,15,308),(4442,1,20,188),(4443,0,11,153),(4444,0,20,26),(4445,1,2,87),(4446,0,20,164),(4447,1,2,321),(4448,0,7,117),(4449,1,7,256),(4450,1,12,22),(4451,1,13,44),(4452,1,20,393),(4453,0,12,5),(4454,1,19,212),(4455,1,9,64),(4456,1,3,200),(4457,0,1,274),(4458,0,9,418),(4459,0,8,109),(4460,0,4,22),(4461,1,4,314),(4462,0,10,371),(4463,1,15,77),(4464,1,17,159),(4465,1,13,192),(4466,1,16,183),(4467,1,9,285),(4468,0,20,189),(4469,1,18,330),(4470,0,5,308),(4471,0,4,114),(4472,1,20,185),(4473,0,8,347),(4474,0,10,92),(4475,1,14,20),(4476,1,4,293),(4477,1,12,270),(4478,0,7,106),(4479,0,8,275),(4480,0,4,345),(4481,1,20,391),(4482,0,3,8),(4483,0,9,66),(4484,0,10,58),(4485,1,3,227),(4486,1,9,205),(4487,1,9,310),(4488,1,2,198),(4489,1,17,377),(4490,0,1,295),(4491,1,1,349),(4492,1,12,374),(4493,1,20,124),(4494,0,6,303),(4495,1,4,402),(4496,0,7,75),(4497,0,12,107),(4498,0,4,343),(4499,1,3,172),(4500,1,13,176),(4501,0,2,345),(4502,0,2,23),(4503,0,9,357),(4504,0,9,189),(4505,1,12,249),(4506,0,3,77),(4507,0,15,357),(4508,1,20,35),(4509,0,6,307),(4510,1,6,222),(4511,0,16,146),(4512,0,5,7),(4513,0,7,45),(4514,1,10,93),(4515,1,19,417),(4516,1,15,11),(4517,0,16,231),(4518,0,10,72),(4519,0,8,238),(4520,1,11,389),(4521,0,6,411),(4522,0,15,329),(4523,0,12,216),(4524,1,16,139),(4525,1,14,370),(4526,0,10,170),(4527,0,4,175),(4528,0,1,19),(4529,1,20,178),(4530,1,11,89),(4531,1,7,369),(4532,0,10,353),(4533,1,8,362),(4534,1,11,188),(4535,0,17,64),(4536,0,15,276),(4537,0,14,73),(4538,1,19,379),(4539,1,12,318),(4540,0,20,395),(4541,0,19,348),(4542,0,4,218),(4543,0,8,256),(4544,0,10,67),(4545,0,20,354),(4546,0,9,267),(4547,0,12,130),(4548,0,20,274),(4549,0,11,172),(4550,0,17,226),(4551,0,2,61),(4552,1,14,59),(4553,1,9,11),(4554,0,2,36),(4555,1,17,315),(4556,0,5,283),(4557,1,12,240),(4558,0,14,349),(4559,0,12,312),(4560,1,2,410),(4561,1,5,95),(4562,0,13,264),(4563,1,8,123),(4564,1,3,49),(4565,0,2,383),(4566,1,9,259),(4567,0,19,9),(4568,1,14,84),(4569,0,4,185),(4570,0,10,230),(4571,0,6,337),(4572,1,1,218),(4573,1,6,346),(4574,0,19,145),(4575,0,4,369),(4576,1,13,382),(4577,1,17,167),(4578,1,4,315),(4579,0,8,246),(4580,0,19,372),(4581,0,3,33),(4582,0,5,56),(4583,1,1,49),(4584,0,6,280),(4585,1,1,278),(4586,1,14,232),(4587,1,8,286),(4588,1,10,251),(4589,1,12,154),(4590,0,3,171),(4591,1,10,294),(4592,0,1,184),(4593,0,13,413),(4594,1,5,408),(4595,0,17,12),(4596,0,6,205),(4597,0,9,293),(4598,0,19,194),(4599,0,10,352),(4600,0,11,41),(4601,0,14,173),(4602,0,16,353),(4603,1,11,391),(4604,0,13,316),(4605,1,18,378),(4606,1,14,401),(4607,0,19,79),(4608,1,19,275),(4609,1,14,175),(4610,1,2,144),(4611,1,16,350),(4612,0,18,382),(4613,0,2,221),(4614,0,15,290),(4615,0,20,155),(4616,0,13,212),(4617,1,3,207),(4618,0,3,317),(4619,1,6,357),(4620,1,20,205),(4621,1,2,357),(4622,0,16,91),(4623,0,16,180),(4624,0,4,355),(4625,0,12,351),(4626,1,12,177),(4627,1,18,318),(4628,0,20,290),(4629,1,6,204),(4630,1,4,12),(4631,1,12,18),(4632,1,10,395),(4633,0,17,157),(4634,0,1,104),(4635,0,11,134),(4636,1,3,70),(4637,0,8,318),(4638,1,5,140),(4639,1,8,2),(4640,0,13,191),(4641,0,2,83),(4642,1,12,212),(4643,1,6,78),(4644,1,13,63),(4645,0,1,283),(4646,0,15,136),(4647,0,5,131),(4648,0,8,172),(4649,1,14,272),(4650,1,13,166),(4651,0,3,264),(4652,0,20,294),(4653,1,13,368),(4654,0,11,106),(4655,0,2,38),(4656,1,14,419),(4657,0,13,189),(4658,1,10,140),(4659,0,8,278),(4660,0,4,156),(4661,0,12,28),(4662,0,12,42),(4663,0,15,5),(4664,0,14,9),(4665,0,16,19),(4666,0,10,317),(4667,0,9,349),(4668,0,15,305),(4669,0,11,74),(4670,0,12,15),(4671,1,3,285),(4672,0,2,303),(4673,0,15,177),(4674,0,2,16),(4675,1,11,96),(4676,1,8,418),(4677,1,17,243),(4678,0,17,37),(4679,0,6,320),(4680,0,10,410),(4681,0,9,374),(4682,0,13,24),(4683,0,15,96),(4684,1,11,332),(4685,0,20,345),(4686,0,7,198),(4687,1,19,81),(4688,0,8,146),(4689,0,5,380),(4690,1,10,343),(4691,0,6,291),(4692,0,7,74),(4693,1,7,330),(4694,0,8,106),(4695,0,19,253),(4696,0,8,216),(4697,0,4,348),(4698,1,3,181),(4699,0,14,29),(4700,1,7,328),(4701,1,10,212),(4702,0,1,45),(4703,0,19,340),(4704,0,14,76),(4705,1,6,266),(4706,1,17,136),(4707,0,2,243),(4708,0,13,250),(4709,1,5,273),(4710,1,18,166),(4711,0,3,140),(4712,0,10,391),(4713,0,16,144),(4714,1,1,343),(4715,1,3,238),(4716,1,9,416),(4717,1,11,145),(4718,1,18,243),(4719,0,4,135),(4720,0,3,292),(4721,0,13,13),(4722,0,16,142),(4723,0,20,53),(4724,0,7,11),(4725,0,5,35),(4726,0,2,342),(4727,1,7,118),(4728,0,8,50),(4729,0,3,55),(4730,1,19,158),(4731,0,7,346),(4732,1,19,42),(4733,0,1,394),(4734,1,12,293),(4735,0,9,329),(4736,0,15,350),(4737,1,1,347),(4738,1,16,34),(4739,1,7,343),(4740,0,8,169),(4741,0,6,31),(4742,1,4,297),(4743,0,4,386),(4744,0,7,192),(4745,0,14,131),(4746,1,3,179),(4747,1,17,124),(4748,1,12,259),(4749,0,17,341),(4750,1,14,337),(4751,0,3,277),(4752,0,2,201),(4753,0,8,367),(4754,0,13,340),(4755,0,19,178),(4756,1,6,147),(4757,1,10,372),(4758,1,18,264),(4759,1,18,391),(4760,1,12,315),(4761,1,4,307),(4762,0,12,6),(4763,1,18,28),(4764,1,7,274),(4765,0,20,336),(4766,0,18,389),(4767,1,2,121),(4768,1,10,306),(4769,0,3,108),(4770,1,10,126),(4771,0,10,298),(4772,0,20,243),(4773,1,8,218),(4774,0,1,14),(4775,0,4,284),(4776,0,5,139),(4777,0,20,73),(4778,1,1,193),(4779,1,2,177),(4780,0,3,174),(4781,0,12,305),(4782,0,13,106),(4783,1,5,80),(4784,0,3,190),(4785,0,8,133),(4786,0,5,254),(4787,0,15,81),(4788,1,19,140),(4789,0,4,230),(4790,0,8,419),(4791,1,12,339),(4792,1,6,190),(4793,1,20,247),(4794,1,13,398),(4795,0,11,206),(4796,0,16,332),(4797,1,12,342),(4798,0,7,413),(4799,0,10,316),(4800,1,14,98),(4801,1,19,62),(4802,1,13,147),(4803,1,11,237),(4804,1,14,124),(4805,0,17,297),(4806,0,13,276),(4807,1,16,303),(4808,0,19,306),(4809,0,1,139),(4810,0,19,347),(4811,0,2,350),(4812,1,15,124),(4813,1,10,397),(4814,1,1,146),(4815,1,10,344),(4816,1,7,139),(4817,0,6,23),(4818,0,20,58),(4819,0,17,74),(4820,0,4,318),(4821,0,5,46),(4822,1,9,406),(4823,1,6,2),(4824,1,15,116),(4825,0,18,201),(4826,0,2,343),(4827,1,16,236),(4828,0,1,91),(4829,1,19,230),(4830,0,9,20),(4831,1,2,229),(4832,0,18,153),(4833,1,10,201),(4834,1,13,128),(4835,1,8,335),(4836,0,18,51),(4837,1,3,98),(4838,0,11,103),(4839,1,13,117),(4840,0,15,191),(4841,0,1,116),(4842,0,16,318),(4843,0,10,208),(4844,0,9,227),(4845,0,13,324),(4846,1,1,251),(4847,1,4,217),(4848,0,14,211),(4849,1,16,211),(4850,1,6,52),(4851,0,19,299),(4852,1,20,416),(4853,1,14,217),(4854,0,1,222),(4855,0,19,402),(4856,0,13,120),(4857,0,11,246),(4858,1,13,381),(4859,0,8,196),(4860,0,18,333),(4861,1,3,324),(4862,1,18,383),(4863,1,1,133),(4864,1,15,334),(4865,1,15,213),(4866,0,3,278),(4867,1,6,360),(4868,0,4,353),(4869,0,3,244),(4870,1,13,314),(4871,0,18,48),(4872,0,14,86),(4873,0,8,80),(4874,0,5,320),(4875,1,2,265),(4876,1,15,14),(4877,1,12,188),(4878,1,3,409),(4879,1,2,11),(4880,1,14,129),(4881,1,4,380),(4882,1,11,32),(4883,1,13,185),(4884,1,11,215),(4885,1,1,309),(4886,0,16,42),(4887,1,19,415),(4888,0,16,138),(4889,0,10,405),(4890,0,9,241),(4891,0,11,151),(4892,0,14,62),(4893,0,7,403),(4894,0,11,77),(4895,1,6,377),(4896,0,17,385),(4897,1,4,247),(4898,0,16,52),(4899,0,10,350),(4900,1,3,250),(4901,0,19,255),(4902,1,19,65),(4903,0,19,254),(4904,1,14,77),(4905,0,2,209),(4906,1,7,372),(4907,1,9,12),(4908,1,5,362),(4909,1,13,131),(4910,0,18,198),(4911,0,16,377),(4912,0,18,319),(4913,1,2,293),(4914,0,9,138),(4915,0,19,209),(4916,0,16,20),(4917,1,11,189),(4918,0,15,16),(4919,0,6,272),(4920,0,14,381),(4921,0,19,30),(4922,0,16,281),(4923,0,6,129),(4924,1,10,292),(4925,0,11,254),(4926,1,16,141),(4927,0,20,281),(4928,1,6,101),(4929,0,1,3),(4930,1,17,125),(4931,1,8,198),(4932,0,2,15),(4933,1,8,40),(4934,1,20,166),(4935,0,6,334),(4936,1,18,268),(4937,0,12,73),(4938,0,8,295),(4939,0,19,363),(4940,0,2,409),(4941,1,18,29),(4942,0,13,217),(4943,1,12,115),(4944,0,3,345),(4945,0,8,202),(4946,1,3,88),(4947,0,17,25),(4948,1,9,23),(4949,0,6,384),(4950,1,9,265),(4951,0,17,69),(4952,1,15,86),(4953,1,8,309),(4954,1,13,393),(4955,1,7,144),(4956,1,19,237),(4957,0,14,305),(4958,1,3,304),(4959,1,3,383),(4960,0,1,405),(4961,0,8,180),(4962,1,3,221),(4963,0,1,241),(4964,1,3,276),(4965,1,2,292),(4966,1,16,97),(4967,0,15,375),(4968,1,6,417),(4969,1,19,113),(4970,1,18,101),(4971,1,7,261),(4972,0,15,372),(4973,0,9,68),(4974,1,20,317),(4975,1,5,85),(4976,0,7,141),(4977,1,4,77),(4978,0,16,302),(4979,1,4,327),(4980,1,9,8),(4981,0,6,391),(4982,1,7,326),(4983,0,3,175),(4984,1,15,152),(4985,1,7,377),(4986,0,7,412),(4987,0,6,309),(4988,1,1,210),(4989,1,6,224),(4990,0,18,67),(4991,0,14,261),(4992,1,15,48),(4993,1,19,112),(4994,1,5,191),(4995,0,1,137),(4996,1,14,411),(4997,1,13,376),(4998,1,12,278),(4999,1,15,317),(5000,1,19,15),(5001,0,4,291),(5002,0,1,57),(5003,0,13,75),(5004,1,7,113),(5005,1,11,339),(5006,0,8,49),(5007,0,6,344),(5008,0,8,157),(5009,1,14,249),(5010,0,14,14),(5011,0,7,228),(5012,1,5,158),(5013,0,12,97),(5014,0,2,289),(5015,0,10,358),(5016,1,8,189),(5017,0,20,405),(5018,0,7,411),(5019,0,17,417),(5020,0,5,345),(5021,0,16,331),(5022,1,1,322),(5023,0,9,409),(5024,1,13,305),(5025,1,6,308),(5026,0,5,331),(5027,0,7,35),(5028,1,2,187),(5029,0,8,26),(5030,0,1,69),(5031,1,16,182),(5032,0,20,145),(5033,0,4,202),(5034,0,1,384),(5035,0,17,362),(5036,0,10,351),(5037,1,2,196),(5038,0,6,27),(5039,1,20,171),(5040,0,19,144),(5041,1,19,119),(5042,1,13,246),(5043,0,15,114),(5044,0,7,46),(5045,1,5,293),(5046,0,6,336),(5047,0,16,188),(5048,0,12,288),(5049,1,10,32),(5050,0,3,298),(5051,0,9,288),(5052,0,1,414),(5053,0,15,161),(5054,0,16,225),(5055,0,16,102),(5056,1,16,287),(5057,1,14,47),(5058,0,14,360),(5059,1,6,175),(5060,1,20,133),(5061,1,8,9),(5062,0,3,134),(5063,0,11,147),(5064,1,20,364),(5065,1,17,414),(5066,1,5,188),(5067,0,7,286),(5068,0,6,33),(5069,1,18,182),(5070,0,1,11),(5071,0,5,183),(5072,1,18,200),(5073,0,20,375),(5074,1,4,29),(5075,1,12,363),(5076,1,6,283),(5077,0,12,390),(5078,1,20,296),(5079,0,18,84),(5080,1,8,308),(5081,1,3,168),(5082,0,20,113),(5083,1,19,10),(5084,1,2,169),(5085,1,15,400),(5086,0,4,299),(5087,0,9,405),(5088,1,13,391),(5089,0,19,406),(5090,1,11,385),(5091,0,1,336),(5092,0,10,82),(5093,1,5,324),(5094,1,2,408),(5095,1,6,374),(5096,0,8,44),(5097,0,4,195),(5098,1,13,171),(5099,0,17,85),(5100,1,14,54),(5101,0,12,161),(5102,1,11,369),(5103,1,6,255),(5104,0,20,65),(5105,1,19,76),(5106,1,14,304),(5107,0,11,159),(5108,1,16,301),(5109,0,9,148),(5110,0,9,381),(5111,1,18,300),(5112,1,12,71),(5113,1,12,355),(5114,0,5,277),(5115,0,10,95),(5116,0,5,57),(5117,1,9,154),(5118,1,20,42),(5119,0,5,279),(5120,1,20,52),(5121,0,18,372),(5122,0,17,273),(5123,1,7,416),(5124,0,3,28),(5125,1,14,241),(5126,0,17,305),(5127,1,1,335),(5128,0,1,226),(5129,0,11,193),(5130,1,4,122),(5131,0,6,155),(5132,1,18,176),(5133,0,11,104),(5134,0,5,109),(5135,0,2,69),(5136,1,12,179),(5137,0,4,79),(5138,1,7,234),(5139,1,4,197),(5140,0,8,138),(5141,0,7,66),(5142,1,8,95),(5143,1,17,253),(5144,1,3,281),(5145,0,5,120),(5146,0,12,373),(5147,1,8,413),(5148,1,20,106),(5149,1,14,403),(5150,1,8,71),(5151,0,3,220),(5152,0,11,157),(5153,1,19,266),(5154,1,6,398),(5155,1,8,183),(5156,1,16,337),(5157,0,15,272),(5158,1,7,396),(5159,0,10,314),(5160,1,10,156),(5161,0,3,32),(5162,0,2,60),(5163,0,17,76),(5164,0,3,67),(5165,1,19,267),(5166,1,17,267),(5167,1,1,89),(5168,0,12,32),(5169,0,20,356),(5170,0,9,93),(5171,1,7,279),(5172,0,4,145),(5173,0,11,418),(5174,1,9,190),(5175,1,13,144),(5176,0,9,215),(5177,0,14,99),(5178,0,9,180),(5179,0,17,84),(5180,1,9,328),(5181,1,12,215),(5182,0,10,167),(5183,0,19,215),(5184,0,2,19),(5185,0,9,113),(5186,1,16,300),(5187,0,9,186),(5188,1,8,405),(5189,1,2,411),(5190,0,18,291),(5191,1,16,105),(5192,1,10,107),(5193,0,11,297),(5194,0,15,300),(5195,0,13,193),(5196,0,15,293),(5197,0,12,27),(5198,0,20,376),(5199,1,5,329),(5200,1,9,299),(5201,0,18,406),(5202,1,6,107),(5203,1,19,287),(5204,1,17,258),(5205,1,7,5),(5206,0,10,412),(5207,1,17,225),(5208,0,19,190),(5209,0,20,198),(5210,0,7,148),(5211,0,11,168),(5212,0,4,203),(5213,0,6,267),(5214,1,5,394),(5215,1,16,260),(5216,0,2,296),(5217,1,11,311),(5218,0,14,354),(5219,0,20,370),(5220,1,17,141),(5221,1,19,301),(5222,1,5,161),(5223,1,15,292),(5224,1,19,395),(5225,0,6,89),(5226,0,7,287),(5227,0,16,245),(5228,1,14,114),(5229,1,2,134),(5230,1,16,268),(5231,1,7,200),(5232,0,12,26),(5233,0,10,359),(5234,1,1,379),(5235,1,9,324),(5236,1,13,98),(5237,1,2,30),(5238,1,6,237),(5239,1,19,302),(5240,1,7,379),(5241,0,2,93),(5242,1,8,366),(5243,0,6,298),(5244,1,19,325),(5245,0,13,359),(5246,1,6,368),(5247,1,5,395),(5248,0,8,363),(5249,1,10,380),(5250,0,16,254),(5251,0,11,240),(5252,1,1,66),(5253,0,15,413),(5254,0,18,115),(5255,0,15,239),(5256,0,5,348),(5257,1,5,352),(5258,0,11,52),(5259,0,16,5),(5260,0,4,169),(5261,0,14,23),(5262,0,20,49),(5263,1,3,109),(5264,0,15,294),(5265,0,5,306),(5266,0,2,415),(5267,0,5,281),(5268,1,12,300),(5269,1,5,282),(5270,1,20,39),(5271,0,11,146),(5272,0,6,173),(5273,0,4,229),(5274,1,17,201),(5275,1,10,211),(5276,1,15,361),(5277,0,8,128),(5278,0,2,218),(5279,0,9,132),(5280,1,4,23),(5281,0,14,255),(5282,1,18,57),(5283,1,20,1),(5284,0,16,192),(5285,0,20,4),(5286,0,1,288),(5287,0,6,7),(5288,1,7,248),(5289,1,8,339),(5290,0,17,173),(5291,1,12,51),(5292,1,9,14),(5293,1,12,377),(5294,1,8,89),(5295,1,14,119),(5296,0,12,253),(5297,0,16,163),(5298,0,6,340),(5299,0,19,250),(5300,1,16,325),(5301,1,17,366),(5302,1,15,354),(5303,0,12,267),(5304,0,8,298),(5305,1,1,421),(5306,1,1,423),(5307,1,1,422);
/*!40000 ALTER TABLE `votes` ENABLE KEYS */;
UNLOCK TABLES;
COMMIT;

-- Dumped table `votes` with 5307 row(s)
--

/*!40103 SET TIME_ZONE=@OLD_TIME_ZONE */;
/*!40101 SET AUTOCOMMIT=@OLD_AUTOCOMMIT */;
/*!40101 SET SQL_MODE=@OLD_SQL_MODE */;
/*!40014 SET FOREIGN_KEY_CHECKS=@OLD_FOREIGN_KEY_CHECKS */;
/*!40014 SET UNIQUE_CHECKS=@OLD_UNIQUE_CHECKS */;
/*!40101 SET CHARACTER_SET_CLIENT=@OLD_CHARACTER_SET_CLIENT */;
/*!40101 SET CHARACTER_SET_RESULTS=@OLD_CHARACTER_SET_RESULTS */;
/*!40101 SET COLLATION_CONNECTION=@OLD_COLLATION_CONNECTION */;
/*!40111 SET SQL_NOTES=@OLD_SQL_NOTES */;

-- Dump completed on: Thu, 07 May 2026 22:24:19 +0000
