-- mysqldump-php https://github.com/ifsnop/mysqldump-php
--
-- Host: localhost	Database: 22158_91902
-- ------------------------------------------------------
-- Server version 	8.0.45-0ubuntu0.22.04.1
-- Date: Thu, 30 Apr 2026 00:58:03 +0000

/*!40101 SET @OLD_CHARACTER_SET_CLIENT=@@CHARACTER_SET_CLIENT */;
/*!40101 SET @OLD_CHARACTER_SET_RESULTS=@@CHARACTER_SET_RESULTS */;
/*!40101 SET @OLD_COLLATION_CONNECTION=@@COLLATION_CONNECTION */;
/*!40101 SET NAMES utf8 */;
/*!40103 SET @OLD_TIME_ZONE=@@TIME_ZONE */;
/*!40103 SET TIME_ZONE='+00:00' */;
/*!40101 SET @OLD_AUTOCOMMIT=@@AUTOCOMMIT */;
/*!40014 SET @OLD_UNIQUE_CHECKS=@@UNIQUE_CHECKS, UNIQUE_CHECKS=0 */;
/*!40014 SET @OLD_FOREIGN_KEY_CHECKS=@@FOREIGN_KEY_CHECKS, FOREIGN_KEY_CHECKS=0 */;
/*!40101 SET @OLD_SQL_MODE=@@SQL_MODE, SQL_MODE='NO_AUTO_VALUE_ON_ZERO' */;
/*!40111 SET @OLD_SQL_NOTES=@@SQL_NOTES, SQL_NOTES=0 */;

--
-- Table structure for table `admins`
--

/*!40101 SET @saved_cs_client     = @@character_set_client */;
/*!40101 SET character_set_client = utf8 */;
CREATE TABLE `admins` (
  `id` int unsigned NOT NULL AUTO_INCREMENT,
  `user_id` int unsigned DEFAULT NULL,
  PRIMARY KEY (`id`)
) ENGINE=InnoDB AUTO_INCREMENT=3 DEFAULT CHARSET=utf8mb4 COLLATE=utf8mb4_unicode_ci;
/*!40101 SET character_set_client = @saved_cs_client */;

--
-- Dumping data for table `admins`
--

LOCK TABLES `admins` WRITE;
/*!40000 ALTER TABLE `admins` DISABLE KEYS */;
SET autocommit=0;
INSERT INTO `admins` VALUES (1,1);
/*!40000 ALTER TABLE `admins` ENABLE KEYS */;
UNLOCK TABLES;
COMMIT;

-- Dumped table `admins` with 1 row(s)
--

--
-- Table structure for table `posts`
--

/*!40101 SET @saved_cs_client     = @@character_set_client */;
/*!40101 SET character_set_client = utf8 */;
CREATE TABLE `posts` (
  `id` int unsigned NOT NULL AUTO_INCREMENT,
  `user_id` int unsigned DEFAULT NULL,
  `description` varchar(256) COLLATE utf8mb4_unicode_ci DEFAULT NULL,
  `time_issued` timestamp NULL DEFAULT CURRENT_TIMESTAMP,
  `parent_id` int unsigned DEFAULT NULL,
  PRIMARY KEY (`id`),
  KEY `parent_id` (`parent_id`),
  CONSTRAINT `posts_ibfk_1` FOREIGN KEY (`parent_id`) REFERENCES `posts` (`id`) ON DELETE CASCADE
) ENGINE=InnoDB AUTO_INCREMENT=421 DEFAULT CHARSET=utf8mb4 COLLATE=utf8mb4_unicode_ci;
/*!40101 SET character_set_client = @saved_cs_client */;

--
-- Dumping data for table `posts`
--

LOCK TABLES `posts` WRITE;
/*!40000 ALTER TABLE `posts` DISABLE KEYS */;
SET autocommit=0;
INSERT INTO `posts` VALUES (1,2,'this is post #1','2026-04-27 23:40:29',NULL),(2,13,'this is post #2','2026-04-27 23:40:29',NULL),(3,15,'this is post #3','2026-04-27 23:40:29',NULL),(4,10,'this is post #4','2026-04-27 23:40:29',NULL),(5,6,'this is post #5','2026-04-27 23:40:29',NULL),(6,17,'this is post #6','2026-04-27 23:40:29',NULL),(7,14,'this is post #7','2026-04-27 23:40:29',NULL),(8,6,'this is post #8','2026-04-27 23:40:29',NULL),(9,2,'this is post #9','2026-04-27 23:40:29',NULL),(10,17,'this is post #10','2026-04-27 23:40:29',NULL),(11,3,'this is post #11','2026-04-27 23:40:29',NULL),(12,11,'this is post #12','2026-04-27 23:40:29',NULL),(13,13,'this is post #13','2026-04-27 23:40:29',NULL),(14,13,'this is post #14','2026-04-27 23:40:29',NULL),(15,12,'this is post #15','2026-04-27 23:40:29',NULL),(16,15,'this is post #16','2026-04-27 23:40:29',NULL),(17,7,'this is post #17','2026-04-27 23:40:29',NULL),(18,11,'this is post #18','2026-04-27 23:40:29',NULL),(19,8,'this is post #19','2026-04-27 23:40:29',NULL),(20,12,'this is post #20','2026-04-27 23:40:29',NULL),(21,13,'this is SUBpost #1-1','2026-04-27 23:40:29',3),(22,2,'this is SUBpost #1-2','2026-04-27 23:40:29',7),(23,15,'this is SUBpost #1-3','2026-04-27 23:40:29',1),(24,14,'this is SUBpost #1-4','2026-04-27 23:40:29',11),(25,11,'this is SUBpost #1-5','2026-04-27 23:40:29',16),(26,17,'this is SUBpost #1-6','2026-04-27 23:40:29',19),(27,16,'this is SUBpost #1-7','2026-04-27 23:40:29',9),(28,11,'this is SUBpost #1-8','2026-04-27 23:40:29',13),(29,11,'this is SUBpost #1-9','2026-04-27 23:40:29',12),(30,7,'this is SUBpost #1-10','2026-04-27 23:40:29',29),(31,3,'this is SUBpost #1-11','2026-04-27 23:40:29',28),(32,8,'this is SUBpost #1-12','2026-04-27 23:40:29',2),(33,12,'this is SUBpost #1-13','2026-04-27 23:40:29',23),(34,18,'this is SUBpost #1-14','2026-04-27 23:40:29',5),(35,19,'this is SUBpost #1-15','2026-04-27 23:40:29',26),(36,1,'this is SUBpost #1-16','2026-04-27 23:40:29',25),(37,2,'this is SUBpost #1-17','2026-04-27 23:40:29',8),(38,7,'this is SUBpost #1-18','2026-04-27 23:40:30',17),(39,15,'this is SUBpost #1-19','2026-04-27 23:40:30',6),(40,14,'this is SUBpost #1-20','2026-04-27 23:40:30',39),(41,2,'this is SUBpost #2-1','2026-04-27 23:40:30',32),(42,3,'this is SUBpost #2-2','2026-04-27 23:40:30',17),(43,6,'this is SUBpost #2-3','2026-04-27 23:40:30',2),(44,1,'this is SUBpost #2-4','2026-04-27 23:40:30',36),(45,18,'this is SUBpost #2-5','2026-04-27 23:40:30',33),(46,14,'this is SUBpost #2-6','2026-04-27 23:40:30',42),(47,8,'this is SUBpost #2-7','2026-04-27 23:40:30',19),(48,19,'this is SUBpost #2-8','2026-04-27 23:40:30',43),(49,14,'this is SUBpost #2-9','2026-04-27 23:40:30',20),(50,15,'this is SUBpost #2-10','2026-04-27 23:40:30',49),(51,4,'this is SUBpost #2-11','2026-04-27 23:40:30',46),(52,8,'this is SUBpost #2-12','2026-04-27 23:40:30',47),(53,14,'this is SUBpost #2-13','2026-04-27 23:40:30',12),(54,2,'this is SUBpost #2-14','2026-04-27 23:40:30',23),(55,6,'this is SUBpost #2-15','2026-04-27 23:40:30',32),(56,15,'this is SUBpost #2-16','2026-04-27 23:40:30',16),(57,18,'this is SUBpost #2-17','2026-04-27 23:40:30',12),(58,20,'this is SUBpost #2-18','2026-04-27 23:40:30',46),(59,11,'this is SUBpost #2-19','2026-04-27 23:40:30',35),(60,7,'this is SUBpost #2-20','2026-04-27 23:40:30',19),(61,6,'this is SUBpost #3-1','2026-04-27 23:40:30',35),(62,5,'this is SUBpost #3-2','2026-04-27 23:40:30',50),(63,19,'this is SUBpost #3-3','2026-04-27 23:40:30',44),(64,17,'this is SUBpost #3-4','2026-04-27 23:40:30',13),(65,13,'this is SUBpost #3-5','2026-04-27 23:40:30',1),(66,17,'this is SUBpost #3-6','2026-04-27 23:40:30',31),(67,10,'this is SUBpost #3-7','2026-04-27 23:40:30',60),(68,9,'this is SUBpost #3-8','2026-04-27 23:40:30',1),(69,15,'this is SUBpost #3-9','2026-04-27 23:40:30',17),(70,10,'this is SUBpost #3-10','2026-04-27 23:40:30',29),(71,15,'this is SUBpost #3-11','2026-04-27 23:40:30',12),(72,12,'this is SUBpost #3-12','2026-04-27 23:40:30',43),(73,19,'this is SUBpost #3-13','2026-04-27 23:40:30',39),(74,17,'this is SUBpost #3-14','2026-04-27 23:40:30',55),(75,10,'this is SUBpost #3-15','2026-04-27 23:40:30',53),(76,1,'this is SUBpost #3-16','2026-04-27 23:40:30',71),(77,10,'this is SUBpost #3-17','2026-04-27 23:40:30',46),(78,11,'this is SUBpost #3-18','2026-04-27 23:40:30',62),(79,16,'this is SUBpost #3-19','2026-04-27 23:40:30',39),(80,5,'this is SUBpost #3-20','2026-04-27 23:40:30',7),(81,7,'this is SUBpost #4-1','2026-04-27 23:40:30',9),(82,7,'this is SUBpost #4-2','2026-04-27 23:40:30',5),(83,7,'this is SUBpost #4-3','2026-04-27 23:40:30',32),(84,17,'this is SUBpost #4-4','2026-04-27 23:40:30',13),(85,11,'this is SUBpost #4-5','2026-04-27 23:40:30',39),(86,3,'this is SUBpost #4-6','2026-04-27 23:40:30',50),(87,8,'this is SUBpost #4-7','2026-04-27 23:40:30',56),(88,5,'this is SUBpost #4-8','2026-04-27 23:40:30',21),(89,20,'this is SUBpost #4-9','2026-04-27 23:40:30',82),(90,11,'this is SUBpost #4-10','2026-04-27 23:40:30',78),(91,8,'this is SUBpost #4-11','2026-04-27 23:40:30',30),(92,13,'this is SUBpost #4-12','2026-04-27 23:40:30',37),(93,2,'this is SUBpost #4-13','2026-04-27 23:40:30',24),(94,11,'this is SUBpost #4-14','2026-04-27 23:40:30',11),(95,16,'this is SUBpost #4-15','2026-04-27 23:40:30',28),(96,19,'this is SUBpost #4-16','2026-04-27 23:40:30',85),(97,9,'this is SUBpost #4-17','2026-04-27 23:40:30',30),(98,5,'this is SUBpost #4-18','2026-04-27 23:40:30',38),(99,11,'this is SUBpost #4-19','2026-04-27 23:40:30',27),(100,10,'this is SUBpost #4-20','2026-04-27 23:40:30',57),(101,11,'this is SUBpost #5-1','2026-04-27 23:40:30',34),(102,17,'this is SUBpost #5-2','2026-04-27 23:40:30',34),(103,12,'this is SUBpost #5-3','2026-04-27 23:40:30',92),(104,8,'this is SUBpost #5-4','2026-04-27 23:40:30',84),(105,18,'this is SUBpost #5-5','2026-04-27 23:40:30',31),(106,15,'this is SUBpost #5-6','2026-04-27 23:40:30',27),(107,11,'this is SUBpost #5-7','2026-04-27 23:40:30',33),(108,20,'this is SUBpost #5-8','2026-04-27 23:40:30',103),(109,13,'this is SUBpost #5-9','2026-04-27 23:40:30',36),(110,17,'this is SUBpost #5-10','2026-04-27 23:40:30',91),(111,10,'this is SUBpost #5-11','2026-04-27 23:40:30',75),(112,8,'this is SUBpost #5-12','2026-04-27 23:40:30',81),(113,13,'this is SUBpost #5-13','2026-04-27 23:40:30',47),(114,2,'this is SUBpost #5-14','2026-04-27 23:40:30',15),(115,14,'this is SUBpost #5-15','2026-04-27 23:40:30',108),(116,20,'this is SUBpost #5-16','2026-04-27 23:40:30',30),(117,16,'this is SUBpost #5-17','2026-04-27 23:40:30',102),(118,8,'this is SUBpost #5-18','2026-04-27 23:40:30',69),(119,9,'this is SUBpost #5-19','2026-04-27 23:40:30',83),(120,2,'this is SUBpost #5-20','2026-04-27 23:40:30',118),(121,19,'this is SUBpost #6-1','2026-04-27 23:40:30',31),(122,20,'this is SUBpost #6-2','2026-04-27 23:40:30',32),(123,11,'this is SUBpost #6-3','2026-04-27 23:40:30',18),(124,16,'this is SUBpost #6-4','2026-04-27 23:40:30',53),(125,14,'this is SUBpost #6-5','2026-04-27 23:40:30',69),(126,11,'this is SUBpost #6-6','2026-04-27 23:40:30',9),(127,14,'this is SUBpost #6-7','2026-04-27 23:40:30',116),(128,4,'this is SUBpost #6-8','2026-04-27 23:40:30',22),(129,13,'this is SUBpost #6-9','2026-04-27 23:40:30',34),(130,19,'this is SUBpost #6-10','2026-04-27 23:40:30',45),(131,18,'this is SUBpost #6-11','2026-04-27 23:40:30',36),(132,14,'this is SUBpost #6-12','2026-04-27 23:40:30',89),(133,8,'this is SUBpost #6-13','2026-04-27 23:40:30',75),(134,20,'this is SUBpost #6-14','2026-04-27 23:40:30',88),(135,7,'this is SUBpost #6-15','2026-04-27 23:40:30',64),(136,8,'this is SUBpost #6-16','2026-04-27 23:40:30',25),(137,13,'this is SUBpost #6-17','2026-04-27 23:40:30',136),(138,7,'this is SUBpost #6-18','2026-04-27 23:40:30',57),(139,18,'this is SUBpost #6-19','2026-04-27 23:40:30',105),(140,4,'this is SUBpost #6-20','2026-04-27 23:40:30',17),(141,10,'this is SUBpost #7-1','2026-04-27 23:40:30',121),(142,14,'this is SUBpost #7-2','2026-04-27 23:40:30',47),(143,19,'this is SUBpost #7-3','2026-04-27 23:40:30',58),(144,19,'this is SUBpost #7-4','2026-04-27 23:40:30',31),(145,8,'this is SUBpost #7-5','2026-04-27 23:40:30',101),(146,11,'this is SUBpost #7-6','2026-04-27 23:40:30',66),(147,13,'this is SUBpost #7-7','2026-04-27 23:40:30',68),(148,11,'this is SUBpost #7-8','2026-04-27 23:40:30',131),(149,16,'this is SUBpost #7-9','2026-04-27 23:40:30',58),(150,3,'this is SUBpost #7-10','2026-04-27 23:40:30',134),(151,11,'this is SUBpost #7-11','2026-04-27 23:40:30',29),(152,2,'this is SUBpost #7-12','2026-04-27 23:40:30',76),(153,16,'this is SUBpost #7-13','2026-04-27 23:40:30',120),(154,7,'this is SUBpost #7-14','2026-04-27 23:40:30',55),(155,10,'this is SUBpost #7-15','2026-04-27 23:40:30',142),(156,9,'this is SUBpost #7-16','2026-04-27 23:40:30',34),(157,1,'this is SUBpost #7-17','2026-04-27 23:40:30',142),(158,11,'this is SUBpost #7-18','2026-04-27 23:40:30',79),(159,13,'this is SUBpost #7-19','2026-04-27 23:40:30',90),(160,7,'this is SUBpost #7-20','2026-04-27 23:40:30',130),(161,8,'this is SUBpost #8-1','2026-04-27 23:40:30',59),(162,3,'this is SUBpost #8-2','2026-04-27 23:40:30',116),(163,2,'this is SUBpost #8-3','2026-04-27 23:40:30',146),(164,15,'this is SUBpost #8-4','2026-04-27 23:40:30',129),(165,15,'this is SUBpost #8-5','2026-04-27 23:40:30',12),(166,20,'this is SUBpost #8-6','2026-04-27 23:40:30',135),(167,13,'this is SUBpost #8-7','2026-04-27 23:40:30',21),(168,10,'this is SUBpost #8-8','2026-04-27 23:40:30',66),(169,10,'this is SUBpost #8-9','2026-04-27 23:40:30',75),(170,11,'this is SUBpost #8-10','2026-04-27 23:40:30',133),(171,14,'this is SUBpost #8-11','2026-04-27 23:40:30',117),(172,19,'this is SUBpost #8-12','2026-04-27 23:40:30',20),(173,12,'this is SUBpost #8-13','2026-04-27 23:40:30',70),(174,19,'this is SUBpost #8-14','2026-04-27 23:40:30',98),(175,14,'this is SUBpost #8-15','2026-04-27 23:40:30',113),(176,3,'this is SUBpost #8-16','2026-04-27 23:40:30',102),(177,2,'this is SUBpost #8-17','2026-04-27 23:40:30',94),(178,2,'this is SUBpost #8-18','2026-04-27 23:40:30',166),(179,14,'this is SUBpost #8-19','2026-04-27 23:40:30',44),(180,10,'this is SUBpost #8-20','2026-04-27 23:40:30',105),(181,2,'this is SUBpost #9-1','2026-04-27 23:40:30',8),(182,15,'this is SUBpost #9-2','2026-04-27 23:40:30',13),(183,10,'this is SUBpost #9-3','2026-04-27 23:40:30',2),(184,4,'this is SUBpost #9-4','2026-04-27 23:40:30',135),(185,17,'this is SUBpost #9-5','2026-04-27 23:40:30',24),(186,13,'this is SUBpost #9-6','2026-04-27 23:40:30',73),(187,14,'this is SUBpost #9-7','2026-04-27 23:40:30',61),(188,13,'this is SUBpost #9-8','2026-04-27 23:40:30',48),(189,19,'this is SUBpost #9-9','2026-04-27 23:40:30',113),(190,18,'this is SUBpost #9-10','2026-04-27 23:40:30',184),(191,4,'this is SUBpost #9-11','2026-04-27 23:40:30',30),(192,13,'this is SUBpost #9-12','2026-04-27 23:40:30',71),(193,20,'this is SUBpost #9-13','2026-04-27 23:40:30',108),(194,12,'this is SUBpost #9-14','2026-04-27 23:40:30',17),(195,13,'this is SUBpost #9-15','2026-04-27 23:40:30',170),(196,14,'this is SUBpost #9-16','2026-04-27 23:40:30',165),(197,1,'this is SUBpost #9-17','2026-04-27 23:40:30',174),(198,11,'this is SUBpost #9-18','2026-04-27 23:40:30',122),(199,8,'this is SUBpost #9-19','2026-04-27 23:40:30',186),(200,8,'this is SUBpost #9-20','2026-04-27 23:40:30',164),(201,17,'this is SUBpost #10-1','2026-04-27 23:40:30',123),(202,11,'this is SUBpost #10-2','2026-04-27 23:40:30',77),(203,3,'this is SUBpost #10-3','2026-04-27 23:40:30',10),(204,9,'this is SUBpost #10-4','2026-04-27 23:40:30',72),(205,5,'this is SUBpost #10-5','2026-04-27 23:40:30',171),(206,18,'this is SUBpost #10-6','2026-04-27 23:40:30',20),(207,12,'this is SUBpost #10-7','2026-04-27 23:40:30',129),(208,12,'this is SUBpost #10-8','2026-04-27 23:40:30',66),(209,7,'this is SUBpost #10-9','2026-04-27 23:40:30',20),(210,5,'this is SUBpost #10-10','2026-04-27 23:40:30',171),(211,18,'this is SUBpost #10-11','2026-04-27 23:40:30',54),(212,7,'this is SUBpost #10-12','2026-04-27 23:40:30',33),(213,18,'this is SUBpost #10-13','2026-04-27 23:40:30',90),(214,2,'this is SUBpost #10-14','2026-04-27 23:40:30',139),(215,19,'this is SUBpost #10-15','2026-04-27 23:40:30',151),(216,14,'this is SUBpost #10-16','2026-04-27 23:40:30',10),(217,4,'this is SUBpost #10-17','2026-04-27 23:40:30',48),(218,3,'this is SUBpost #10-18','2026-04-27 23:40:30',19),(219,9,'this is SUBpost #10-19','2026-04-27 23:40:30',72),(220,9,'this is SUBpost #10-20','2026-04-27 23:40:30',44),(221,19,'this is SUBpost #11-1','2026-04-27 23:40:30',116),(222,8,'this is SUBpost #11-2','2026-04-27 23:40:30',155),(223,12,'this is SUBpost #11-3','2026-04-27 23:40:30',200),(224,14,'this is SUBpost #11-4','2026-04-27 23:40:30',50),(225,15,'this is SUBpost #11-5','2026-04-27 23:40:30',20),(226,2,'this is SUBpost #11-6','2026-04-27 23:40:30',214),(227,9,'this is SUBpost #11-7','2026-04-27 23:40:30',26),(228,18,'this is SUBpost #11-8','2026-04-27 23:40:30',227),(229,19,'this is SUBpost #11-9','2026-04-27 23:40:30',32),(230,5,'this is SUBpost #11-10','2026-04-27 23:40:30',119),(231,9,'this is SUBpost #11-11','2026-04-27 23:40:30',218),(232,4,'this is SUBpost #11-12','2026-04-27 23:40:30',211),(233,9,'this is SUBpost #11-13','2026-04-27 23:40:30',162),(234,2,'this is SUBpost #11-14','2026-04-27 23:40:30',124),(235,4,'this is SUBpost #11-15','2026-04-27 23:40:30',71),(236,3,'this is SUBpost #11-16','2026-04-27 23:40:30',124),(237,10,'this is SUBpost #11-17','2026-04-27 23:40:30',69),(238,18,'this is SUBpost #11-18','2026-04-27 23:40:30',20),(239,11,'this is SUBpost #11-19','2026-04-27 23:40:30',131),(240,5,'this is SUBpost #11-20','2026-04-27 23:40:30',98),(241,9,'this is SUBpost #12-1','2026-04-27 23:40:30',143),(242,18,'this is SUBpost #12-2','2026-04-27 23:40:30',203),(243,11,'this is SUBpost #12-3','2026-04-27 23:40:30',91),(244,12,'this is SUBpost #12-4','2026-04-27 23:40:30',181),(245,3,'this is SUBpost #12-5','2026-04-27 23:40:30',182),(246,2,'this is SUBpost #12-6','2026-04-27 23:40:30',189),(247,7,'this is SUBpost #12-7','2026-04-27 23:40:30',117),(248,8,'this is SUBpost #12-8','2026-04-27 23:40:30',114),(249,11,'this is SUBpost #12-9','2026-04-27 23:40:30',235),(250,18,'this is SUBpost #12-10','2026-04-27 23:40:30',225),(251,19,'this is SUBpost #12-11','2026-04-27 23:40:30',165),(252,6,'this is SUBpost #12-12','2026-04-27 23:40:30',151),(253,13,'this is SUBpost #12-13','2026-04-27 23:40:30',50),(254,1,'this is SUBpost #12-14','2026-04-27 23:40:30',113),(255,19,'this is SUBpost #12-15','2026-04-27 23:40:30',32),(256,9,'this is SUBpost #12-16','2026-04-27 23:40:30',207),(257,16,'this is SUBpost #12-17','2026-04-27 23:40:30',95),(258,9,'this is SUBpost #12-18','2026-04-27 23:40:30',220),(259,14,'this is SUBpost #12-19','2026-04-27 23:40:30',44),(260,2,'this is SUBpost #12-20','2026-04-27 23:40:30',41),(261,11,'this is SUBpost #13-1','2026-04-27 23:40:30',89),(262,17,'this is SUBpost #13-2','2026-04-27 23:40:30',61),(263,12,'this is SUBpost #13-3','2026-04-27 23:40:30',244),(264,10,'this is SUBpost #13-4','2026-04-27 23:40:30',38),(265,17,'this is SUBpost #13-5','2026-04-27 23:40:30',3),(266,11,'this is SUBpost #13-6','2026-04-27 23:40:30',264),(267,19,'this is SUBpost #13-7','2026-04-27 23:40:30',50),(268,7,'this is SUBpost #13-8','2026-04-27 23:40:30',203),(269,10,'this is SUBpost #13-9','2026-04-27 23:40:30',60),(270,9,'this is SUBpost #13-10','2026-04-27 23:40:30',193),(271,19,'this is SUBpost #13-11','2026-04-27 23:40:30',221),(272,16,'this is SUBpost #13-12','2026-04-27 23:40:30',67),(273,3,'this is SUBpost #13-13','2026-04-27 23:40:30',113),(274,13,'this is SUBpost #13-14','2026-04-27 23:40:30',245),(275,13,'this is SUBpost #13-15','2026-04-27 23:40:30',37),(276,9,'this is SUBpost #13-16','2026-04-27 23:40:30',2),(277,8,'this is SUBpost #13-17','2026-04-27 23:40:30',262),(278,20,'this is SUBpost #13-18','2026-04-27 23:40:30',204),(279,15,'this is SUBpost #13-19','2026-04-27 23:40:30',159),(280,8,'this is SUBpost #13-20','2026-04-27 23:40:30',13),(281,5,'this is SUBpost #14-1','2026-04-27 23:40:30',230),(282,15,'this is SUBpost #14-2','2026-04-27 23:40:30',45),(283,16,'this is SUBpost #14-3','2026-04-27 23:40:30',52),(284,12,'this is SUBpost #14-4','2026-04-27 23:40:30',180),(285,7,'this is SUBpost #14-5','2026-04-27 23:40:30',171),(286,1,'this is SUBpost #14-6','2026-04-27 23:40:30',167),(287,11,'this is SUBpost #14-7','2026-04-27 23:40:30',52),(288,19,'this is SUBpost #14-8','2026-04-27 23:40:30',51),(289,20,'this is SUBpost #14-9','2026-04-27 23:40:30',248),(290,18,'this is SUBpost #14-10','2026-04-27 23:40:30',9),(291,2,'this is SUBpost #14-11','2026-04-27 23:40:30',95),(292,6,'this is SUBpost #14-12','2026-04-27 23:40:30',263),(293,11,'this is SUBpost #14-13','2026-04-27 23:40:30',252),(294,1,'this is SUBpost #14-14','2026-04-27 23:40:30',26),(295,11,'this is SUBpost #14-15','2026-04-27 23:40:30',48),(296,12,'this is SUBpost #14-16','2026-04-27 23:40:30',100),(297,11,'this is SUBpost #14-17','2026-04-27 23:40:30',226),(298,18,'this is SUBpost #14-18','2026-04-27 23:40:30',14),(299,12,'this is SUBpost #14-19','2026-04-27 23:40:30',108),(300,13,'this is SUBpost #14-20','2026-04-27 23:40:30',204),(301,2,'this is SUBpost #15-1','2026-04-27 23:40:30',2),(302,8,'this is SUBpost #15-2','2026-04-27 23:40:30',191),(303,5,'this is SUBpost #15-3','2026-04-27 23:40:30',158),(304,14,'this is SUBpost #15-4','2026-04-27 23:40:30',181),(305,7,'this is SUBpost #15-5','2026-04-27 23:40:30',238),(306,17,'this is SUBpost #15-6','2026-04-27 23:40:30',189),(307,1,'this is SUBpost #15-7','2026-04-27 23:40:30',46),(308,18,'this is SUBpost #15-8','2026-04-27 23:40:30',102),(309,11,'this is SUBpost #15-9','2026-04-27 23:40:30',272),(310,1,'this is SUBpost #15-10','2026-04-27 23:40:30',61),(311,15,'this is SUBpost #15-11','2026-04-27 23:40:30',107),(312,14,'this is SUBpost #15-12','2026-04-27 23:40:30',153),(313,1,'this is SUBpost #15-13','2026-04-27 23:40:30',221),(314,20,'this is SUBpost #15-14','2026-04-27 23:40:30',185),(315,13,'this is SUBpost #15-15','2026-04-27 23:40:30',274),(316,5,'this is SUBpost #15-16','2026-04-27 23:40:30',214),(317,7,'this is SUBpost #15-17','2026-04-27 23:40:30',158),(318,15,'this is SUBpost #15-18','2026-04-27 23:40:30',67),(319,7,'this is SUBpost #15-19','2026-04-27 23:40:30',291),(320,12,'this is SUBpost #15-20','2026-04-27 23:40:30',183),(321,15,'this is SUBpost #16-1','2026-04-27 23:40:30',293),(322,5,'this is SUBpost #16-2','2026-04-27 23:40:30',225),(323,12,'this is SUBpost #16-3','2026-04-27 23:40:30',188),(324,2,'this is SUBpost #16-4','2026-04-27 23:40:30',167),(325,4,'this is SUBpost #16-5','2026-04-27 23:40:30',93),(326,7,'this is SUBpost #16-6','2026-04-27 23:40:30',6),(327,16,'this is SUBpost #16-7','2026-04-27 23:40:30',278),(328,1,'this is SUBpost #16-8','2026-04-27 23:40:30',6),(329,7,'this is SUBpost #16-9','2026-04-27 23:40:30',35),(330,1,'this is SUBpost #16-10','2026-04-27 23:40:30',321),(331,14,'this is SUBpost #16-11','2026-04-27 23:40:30',109),(332,18,'this is SUBpost #16-12','2026-04-27 23:40:30',51),(333,5,'this is SUBpost #16-13','2026-04-27 23:40:30',9),(334,1,'this is SUBpost #16-14','2026-04-27 23:40:30',21),(335,6,'this is SUBpost #16-15','2026-04-27 23:40:30',221),(336,20,'this is SUBpost #16-16','2026-04-27 23:40:30',195),(337,14,'this is SUBpost #16-17','2026-04-27 23:40:30',162),(338,19,'this is SUBpost #16-18','2026-04-27 23:40:30',253),(339,18,'this is SUBpost #16-19','2026-04-27 23:40:30',98),(340,11,'this is SUBpost #16-20','2026-04-27 23:40:30',124),(341,6,'this is SUBpost #17-1','2026-04-27 23:40:30',43),(342,8,'this is SUBpost #17-2','2026-04-27 23:40:30',57),(343,17,'this is SUBpost #17-3','2026-04-27 23:40:30',174),(344,18,'this is SUBpost #17-4','2026-04-27 23:40:30',145),(345,1,'this is SUBpost #17-5','2026-04-27 23:40:30',31),(346,11,'this is SUBpost #17-6','2026-04-27 23:40:30',318),(347,7,'this is SUBpost #17-7','2026-04-27 23:40:30',177),(348,18,'this is SUBpost #17-8','2026-04-27 23:40:30',335),(349,19,'this is SUBpost #17-9','2026-04-27 23:40:30',40),(350,11,'this is SUBpost #17-10','2026-04-27 23:40:30',316),(351,3,'this is SUBpost #17-11','2026-04-27 23:40:30',217),(352,18,'this is SUBpost #17-12','2026-04-27 23:40:30',2),(353,10,'this is SUBpost #17-13','2026-04-27 23:40:30',94),(354,14,'this is SUBpost #17-14','2026-04-27 23:40:30',301),(355,19,'this is SUBpost #17-15','2026-04-27 23:40:30',162),(356,4,'this is SUBpost #17-16','2026-04-27 23:40:30',309),(357,13,'this is SUBpost #17-17','2026-04-27 23:40:30',37),(358,19,'this is SUBpost #17-18','2026-04-27 23:40:30',74),(359,9,'this is SUBpost #17-19','2026-04-27 23:40:30',187),(360,9,'this is SUBpost #17-20','2026-04-27 23:40:30',147),(361,9,'this is SUBpost #18-1','2026-04-27 23:40:30',86),(362,6,'this is SUBpost #18-2','2026-04-27 23:40:30',172),(363,13,'this is SUBpost #18-3','2026-04-27 23:40:30',64),(364,2,'this is SUBpost #18-4','2026-04-27 23:40:30',11),(365,9,'this is SUBpost #18-5','2026-04-27 23:40:30',341),(366,12,'this is SUBpost #18-6','2026-04-27 23:40:30',333),(367,17,'this is SUBpost #18-7','2026-04-27 23:40:30',300),(368,2,'this is SUBpost #18-8','2026-04-27 23:40:30',41),(369,1,'this is SUBpost #18-9','2026-04-27 23:40:30',334),(370,18,'this is SUBpost #18-10','2026-04-27 23:40:30',271),(371,13,'this is SUBpost #18-11','2026-04-27 23:40:30',165),(372,10,'this is SUBpost #18-12','2026-04-27 23:40:30',248),(373,20,'this is SUBpost #18-13','2026-04-27 23:40:30',212),(374,17,'this is SUBpost #18-14','2026-04-27 23:40:30',364),(375,13,'this is SUBpost #18-15','2026-04-27 23:40:30',245),(376,19,'this is SUBpost #18-16','2026-04-27 23:40:30',84),(377,12,'this is SUBpost #18-17','2026-04-27 23:40:30',145),(378,17,'this is SUBpost #18-18','2026-04-27 23:40:30',309),(379,9,'this is SUBpost #18-19','2026-04-27 23:40:30',100),(380,3,'this is SUBpost #18-20','2026-04-27 23:40:30',272),(381,2,'this is SUBpost #19-1','2026-04-27 23:40:30',333),(382,12,'this is SUBpost #19-2','2026-04-27 23:40:30',53),(383,12,'this is SUBpost #19-3','2026-04-27 23:40:30',355),(384,18,'this is SUBpost #19-4','2026-04-27 23:40:30',212),(385,6,'this is SUBpost #19-5','2026-04-27 23:40:30',30),(386,15,'this is SUBpost #19-6','2026-04-27 23:40:30',361),(387,5,'this is SUBpost #19-7','2026-04-27 23:40:30',26),(388,5,'this is SUBpost #19-8','2026-04-27 23:40:30',322),(389,7,'this is SUBpost #19-9','2026-04-27 23:40:30',352),(390,8,'this is SUBpost #19-10','2026-04-27 23:40:30',171),(391,14,'this is SUBpost #19-11','2026-04-27 23:40:30',268),(392,2,'this is SUBpost #19-12','2026-04-27 23:40:30',34),(393,14,'this is SUBpost #19-13','2026-04-27 23:40:30',77),(394,10,'this is SUBpost #19-14','2026-04-27 23:40:30',375),(395,19,'this is SUBpost #19-15','2026-04-27 23:40:30',162),(396,6,'this is SUBpost #19-16','2026-04-27 23:40:30',181),(397,2,'this is SUBpost #19-17','2026-04-27 23:40:30',378),(398,4,'this is SUBpost #19-18','2026-04-27 23:40:30',326),(399,4,'this is SUBpost #19-19','2026-04-27 23:40:30',191),(400,14,'this is SUBpost #19-20','2026-04-27 23:40:30',190),(401,6,'this is SUBpost #20-1','2026-04-27 23:40:30',310),(402,12,'this is SUBpost #20-2','2026-04-27 23:40:30',262),(403,11,'this is SUBpost #20-3','2026-04-27 23:40:30',161),(404,19,'this is SUBpost #20-4','2026-04-27 23:40:30',157),(405,20,'this is SUBpost #20-5','2026-04-27 23:40:30',159),(406,3,'this is SUBpost #20-6','2026-04-27 23:40:30',323),(407,10,'this is SUBpost #20-7','2026-04-27 23:40:30',152),(408,5,'this is SUBpost #20-8','2026-04-27 23:40:30',342),(409,10,'this is SUBpost #20-9','2026-04-27 23:40:30',289),(410,3,'this is SUBpost #20-10','2026-04-27 23:40:30',211),(411,14,'this is SUBpost #20-11','2026-04-27 23:40:30',125),(412,19,'this is SUBpost #20-12','2026-04-27 23:40:30',340),(413,12,'this is SUBpost #20-13','2026-04-27 23:40:30',109),(414,3,'this is SUBpost #20-14','2026-04-27 23:40:30',185),(415,12,'this is SUBpost #20-15','2026-04-27 23:40:30',342),(416,19,'this is SUBpost #20-16','2026-04-27 23:40:30',266),(417,9,'this is SUBpost #20-17','2026-04-27 23:40:30',23),(418,19,'this is SUBpost #20-18','2026-04-27 23:40:30',47),(419,8,'this is SUBpost #20-19','2026-04-27 23:40:30',276),(420,15,'this is SUBpost #20-20','2026-04-27 23:40:30',218);
/*!40000 ALTER TABLE `posts` ENABLE KEYS */;
UNLOCK TABLES;
COMMIT;

-- Dumped table `posts` with 420 row(s)
--

--
-- Table structure for table `users`
--

/*!40101 SET @saved_cs_client     = @@character_set_client */;
/*!40101 SET character_set_client = utf8 */;
CREATE TABLE `users` (
  `id` int unsigned NOT NULL AUTO_INCREMENT,
  `note` varchar(128) COLLATE utf8mb4_unicode_ci DEFAULT NULL,
  `username` varchar(32) COLLATE utf8mb4_unicode_ci NOT NULL,
  `password` varchar(64) COLLATE utf8mb4_unicode_ci NOT NULL,
  `display` varchar(64) COLLATE utf8mb4_unicode_ci DEFAULT NULL,
  PRIMARY KEY (`id`),
  UNIQUE KEY `username` (`username`)
) ENGINE=InnoDB AUTO_INCREMENT=21 DEFAULT CHARSET=utf8mb4 COLLATE=utf8mb4_unicode_ci;
/*!40101 SET character_set_client = @saved_cs_client */;

--
-- Dumping data for table `users`
--

LOCK TABLES `users` WRITE;
/*!40000 ALTER TABLE `users` DISABLE KEYS */;
SET autocommit=0;
INSERT INTO `users` VALUES (1,NULL,'coolguy1','0b14d501a594442a01c6859541bcb3e8164d183d32937b851835442f69d5c94e','Matua Haimay'),(5,NULL,'coolguy5','8b2c86ea9cf2ea4eb517fd1e06b74f399e7fec0fef92e3b482a6cf2e2b092023',NULL),(8,NULL,'coolguy8','57f3ebab63f156fd8f776ba645a55d96360a15eeffc8b0e4afe4c05fa88219aa',NULL),(9,NULL,'coolguy9','9323dd6786ebcbf3ac87357cc78ba1abfda6cf5e55cd01097b90d4a286cac90e',NULL),(13,NULL,'coolguy13','48caafb68583936afd0d78a7bfd7046d2492fad94f3c485915f74bb60128620d',NULL),(14,NULL,'coolguy14','c6863e1db9b396ed31a36988639513a1c73a065fab83681f4b77adb648fac3d6',NULL),(15,NULL,'coolguy15','c63c2d34ebe84032ad47b87af194fedd17dacf8222b2ea7f4ebfee3dd6db2dfb',NULL),(16,NULL,'coolguy16','17a3379984b560dc311bb921b7a46b28aa5cb495667382f887a44a7fdbca7a7a',NULL),(17,NULL,'coolguy17','69bfb918de05145fba9dcee9688dfb23f6115845885e48fa39945eebb99d8527',NULL),(18,NULL,'coolguy18','d2042d75a67922194c045da2600e1c92ff6d87e8fb6e0208606665f2d1dfa892',NULL),(19,NULL,'coolguy19','5790ac3d0b8ae8afc72c2c6fb97654f2b73651c328de0a3b74854ade562dd17a',NULL),(20,NULL,'coolguy20','7535d8f2d8c35d958995610f971287288ab5e8c82a3c4fdc2b6fb5d757a5b9f8',NULL);
/*!40000 ALTER TABLE `users` ENABLE KEYS */;
UNLOCK TABLES;
COMMIT;

-- Dumped table `users` with 12 row(s)
--

--
-- Table structure for table `votes`
--

/*!40101 SET @saved_cs_client     = @@character_set_client */;
/*!40101 SET character_set_client = utf8 */;
CREATE TABLE `votes` (
  `id` int unsigned NOT NULL AUTO_INCREMENT,
  `is_upvote` tinyint(1) DEFAULT '1',
  `user_id` int unsigned DEFAULT NULL,
  `post_id` int unsigned DEFAULT NULL,
  PRIMARY KEY (`id`),
  KEY `post_id` (`post_id`),
  CONSTRAINT `votes_ibfk_1` FOREIGN KEY (`post_id`) REFERENCES `posts` (`id`) ON DELETE CASCADE
) ENGINE=InnoDB AUTO_INCREMENT=8001 DEFAULT CHARSET=utf8mb4 COLLATE=utf8mb4_unicode_ci;
/*!40101 SET character_set_client = @saved_cs_client */;

--
-- Dumping data for table `votes`
--

LOCK TABLES `votes` WRITE;
/*!40000 ALTER TABLE `votes` DISABLE KEYS */;
SET autocommit=0;
INSERT INTO `votes` VALUES (1,0,1,103),(2,1,16,108),(3,1,20,120),(4,0,12,269),(5,0,1,249),(6,0,16,229),(7,1,11,300),(8,0,14,105),(9,1,20,72),(10,1,1,334),(11,0,17,326),(12,0,11,298),(13,1,20,321),(14,0,19,229),(15,1,13,370),(16,0,7,95),(17,0,14,382),(18,0,11,151),(19,0,3,42),(20,1,8,302),(21,0,10,206),(22,1,17,285),(23,0,2,346),(24,1,12,409),(25,0,8,119),(26,0,19,239),(27,0,20,93),(28,1,14,170),(29,1,5,395),(30,0,15,204),(31,0,11,317),(32,1,18,135),(33,0,13,135),(34,1,7,222),(35,0,18,286),(36,0,1,419),(37,1,19,418),(38,0,4,112),(39,0,11,56),(40,0,2,186),(41,1,1,148),(42,1,5,368),(43,1,10,366),(44,1,5,351),(45,0,8,249),(46,0,5,367),(47,0,17,163),(48,1,7,33),(49,1,4,207),(50,0,12,72),(51,1,1,163),(52,0,9,391),(53,1,10,321),(54,0,12,52),(55,0,5,152),(56,0,20,11),(57,0,10,74),(58,1,19,64),(59,1,9,418),(60,0,15,143),(61,1,13,152),(62,1,16,248),(63,1,13,113),(64,1,12,415),(65,0,19,81),(66,1,4,285),(67,1,6,395),(68,1,4,222),(69,1,17,257),(70,1,20,216),(71,1,12,74),(72,0,15,2),(73,1,20,322),(74,0,19,191),(75,1,19,368),(76,1,13,329),(77,0,4,64),(78,0,19,244),(79,1,17,154),(80,0,13,21),(81,0,10,222),(82,1,15,284),(83,0,13,320),(84,0,11,57),(85,1,2,367),(86,0,6,29),(87,0,2,104),(88,1,7,152),(89,0,19,349),(90,1,4,365),(91,1,15,176),(92,1,3,303),(93,0,5,347),(94,1,13,380),(95,0,15,415),(96,0,3,193),(97,1,13,319),(98,0,6,222),(99,0,9,89),(100,0,11,239),(101,1,3,398),(102,1,2,356),(103,0,16,333),(104,1,20,21),(105,1,17,16),(106,1,7,236),(107,0,6,286),(108,0,10,240),(109,0,2,372),(110,0,4,321),(111,1,9,101),(112,0,3,395),(113,1,17,45),(114,0,10,156),(115,1,16,375),(116,0,16,339),(117,0,4,386),(118,1,9,399),(119,1,10,73),(120,0,18,268),(121,0,5,85),(122,0,11,286),(123,0,5,316),(124,0,13,117),(125,1,7,350),(126,0,10,74),(127,1,17,60),(128,1,7,411),(129,1,17,311),(130,1,4,152),(131,1,13,165),(132,1,11,90),(133,0,3,15),(134,0,12,169),(135,0,17,157),(136,1,20,246),(137,0,8,47),(138,0,13,409),(139,1,12,127),(140,1,2,285),(141,1,12,222),(142,0,13,410),(143,1,8,42),(144,1,11,99),(145,1,4,279),(146,0,6,135),(147,1,7,280),(148,0,6,358),(149,0,17,362),(150,0,13,360),(151,1,8,17),(152,0,7,258),(153,0,6,243),(154,0,18,58),(155,0,14,288),(156,0,20,392),(157,1,12,404),(158,1,18,288),(159,0,6,156),(160,0,6,259),(161,0,7,174),(162,1,5,357),(163,0,11,179),(164,1,16,139),(165,1,7,192),(166,0,14,336),(167,0,14,195),(168,0,7,43),(169,0,2,389),(170,0,19,337),(171,1,9,395),(172,1,12,274),(173,1,13,59),(174,1,2,28),(175,1,19,406),(176,0,18,7),(177,0,12,33),(178,0,5,402),(179,1,4,157),(180,1,17,329),(181,1,20,309),(182,1,13,373),(183,0,14,314),(184,0,16,375),(185,1,9,20),(186,0,5,33),(187,0,15,413),(188,1,18,217),(189,0,10,401),(190,0,7,268),(191,0,8,316),(192,1,11,149),(193,0,14,236),(194,1,16,19),(195,1,12,97),(196,0,19,21),(197,1,9,63),(198,1,11,237),(199,1,11,29),(200,0,1,277),(201,1,13,144),(202,1,11,278),(203,1,5,350),(204,0,19,207),(205,0,2,304),(206,0,11,145),(207,0,16,19),(208,1,11,198),(209,0,18,385),(210,1,20,30),(211,1,3,406),(212,0,15,29),(213,0,10,131),(214,1,14,398),(215,0,18,322),(216,1,5,259),(217,0,12,205),(218,1,12,73),(219,0,9,377),(220,0,10,244),(221,1,15,319),(222,1,11,52),(223,0,1,92),(224,1,14,87),(225,1,12,160),(226,0,13,115),(227,0,1,303),(228,0,14,13),(229,0,2,63),(230,0,9,339),(231,1,11,416),(232,1,9,406),(233,1,5,153),(234,0,14,360),(235,0,12,328),(236,0,3,228),(237,0,11,212),(238,1,12,279),(239,1,17,169),(240,0,10,33),(241,1,12,33),(242,0,10,227),(243,1,15,347),(244,0,9,141),(245,0,8,252),(246,1,11,85),(247,1,8,389),(248,1,18,328),(249,1,8,120),(250,1,19,27),(251,1,4,78),(252,1,7,76),(253,0,6,33),(254,1,9,142),(255,0,5,89),(256,1,11,254),(257,1,10,315),(258,0,16,205),(259,1,20,350),(260,1,19,301),(261,0,15,395),(262,1,4,7),(263,1,17,152),(264,0,14,312),(265,0,1,6),(266,0,18,185),(267,1,7,378),(268,1,16,253),(269,1,19,327),(270,0,5,361),(271,0,16,101),(272,1,11,67),(273,0,9,338),(274,0,3,185),(275,1,10,90),(276,1,7,52),(277,0,3,173),(278,1,2,179),(279,0,20,316),(280,1,1,351),(281,0,18,214),(282,1,18,377),(283,0,6,76),(284,0,18,144),(285,1,15,98),(286,1,9,118),(287,1,4,412),(288,0,9,411),(289,1,12,155),(290,1,19,405),(291,0,13,6),(292,1,16,330),(293,1,2,176),(294,1,9,56),(295,0,16,11),(296,0,12,215),(297,0,6,199),(298,1,6,60),(299,0,9,268),(300,1,19,144),(301,1,2,70),(302,0,15,154),(303,0,1,207),(304,1,1,42),(305,1,7,234),(306,1,19,105),(307,1,15,188),(308,1,3,203),(309,0,5,369),(310,0,18,92),(311,1,13,184),(312,1,7,101),(313,1,12,373),(314,1,16,158),(315,1,14,173),(316,0,3,181),(317,1,17,335),(318,1,17,209),(319,1,20,294),(320,0,4,371),(321,0,18,32),(322,1,5,301),(323,0,3,20),(324,1,13,92),(325,0,17,366),(326,1,4,393),(327,0,7,42),(328,1,2,225),(329,0,9,379),(330,0,1,226),(331,0,9,316),(332,1,18,179),(333,0,6,5),(334,1,12,152),(335,0,18,267),(336,1,9,80),(337,0,8,232),(338,1,1,261),(339,1,20,363),(340,0,18,23),(341,1,11,64),(342,1,15,237),(343,1,18,193),(344,0,5,24),(345,1,3,306),(346,1,16,194),(347,1,15,380),(348,1,16,13),(349,0,14,252),(350,1,15,175),(351,0,14,21),(352,1,10,156),(353,0,19,115),(354,0,3,261),(355,0,16,184),(356,0,7,349),(357,1,19,153),(358,0,15,247),(359,0,8,224),(360,1,13,257),(361,1,9,4),(362,1,18,49),(363,1,15,77),(364,0,7,356),(365,0,10,163),(366,0,5,167),(367,1,18,385),(368,0,15,261),(369,1,13,84),(370,0,17,164),(371,0,18,316),(372,1,4,7),(373,1,5,223),(374,1,6,335),(375,0,6,66),(376,1,3,207),(377,0,3,84),(378,0,13,65),(379,0,5,401),(380,0,3,252),(381,1,17,136),(382,1,3,140),(383,1,19,357),(384,1,4,182),(385,1,6,72),(386,0,14,5),(387,0,13,143),(388,1,1,121),(389,1,8,413),(390,1,18,28),(391,0,20,151),(392,0,11,324),(393,0,7,252),(394,1,17,355),(395,1,3,73),(396,0,6,40),(397,1,3,290),(398,1,16,53),(399,0,18,271),(400,1,4,147),(401,0,10,105),(402,0,15,84),(403,1,13,84),(404,0,6,395),(405,1,8,40),(406,0,14,135),(407,1,20,353),(408,1,7,7),(409,1,20,279),(410,1,3,52),(411,1,6,420),(412,1,18,167),(413,1,14,152),(414,0,10,74),(415,1,1,302),(416,1,2,345),(417,1,15,75),(418,0,2,127),(419,0,13,22),(420,1,3,76),(421,0,20,237),(422,0,1,365),(423,0,9,318),(424,1,20,151),(425,1,9,147),(426,0,4,100),(427,0,1,5),(428,0,9,315),(429,0,9,134),(430,0,6,373),(431,1,1,185),(432,0,19,246),(433,0,20,215),(434,0,8,295),(435,0,8,213),(436,0,19,128),(437,0,20,224),(438,1,13,398),(439,0,3,113),(440,0,8,374),(441,0,2,325),(442,0,17,35),(443,1,13,318),(444,0,19,353),(445,0,20,120),(446,0,16,242),(447,1,5,194),(448,0,6,25),(449,1,4,74),(450,1,16,289),(451,1,3,181),(452,1,3,101),(453,1,15,381),(454,1,17,249),(455,0,5,133),(456,1,6,383),(457,1,1,36),(458,0,18,295),(459,1,4,11),(460,1,11,209),(461,1,8,24),(462,0,6,408),(463,1,13,404),(464,0,8,301),(465,0,16,313),(466,0,4,31),(467,0,17,15),(468,0,10,52),(469,0,12,310),(470,1,11,249),(471,1,18,88),(472,1,19,341),(473,1,6,334),(474,1,4,364),(475,1,17,40),(476,0,17,12),(477,0,11,47),(478,1,16,290),(479,1,2,25),(480,1,10,75),(481,0,3,386),(482,1,18,195),(483,1,13,267),(484,0,16,301),(485,1,11,92),(486,0,11,372),(487,0,11,310),(488,1,15,146),(489,0,1,93),(490,1,5,401),(491,1,14,75),(492,0,19,234),(493,1,12,321),(494,0,9,294),(495,0,10,330),(496,1,18,214),(497,0,19,96),(498,1,3,308),(499,1,19,223),(500,0,10,150),(501,0,3,170),(502,0,15,40),(503,0,18,409),(504,1,6,132),(505,0,9,51),(506,1,12,401),(507,0,8,365),(508,0,4,104),(509,1,17,381),(510,1,20,395),(511,1,13,138),(512,0,20,49),(513,0,6,278),(514,0,14,232),(515,1,2,81),(516,0,6,194),(517,0,6,235),(518,0,12,101),(519,0,10,414),(520,0,17,106),(521,1,14,46),(522,0,10,134),(523,0,19,326),(524,0,13,57),(525,1,1,375),(526,0,17,272),(527,1,6,358),(528,1,6,302),(529,1,20,335),(530,0,17,385),(531,0,7,322),(532,1,4,338),(533,0,16,68),(534,0,16,84),(535,1,11,409),(536,1,15,348),(537,1,12,404),(538,1,6,386),(539,1,14,367),(540,1,6,378),(541,1,8,217),(542,0,9,259),(543,0,3,391),(544,0,1,116),(545,0,13,307),(546,1,12,182),(547,0,11,366),(548,0,6,358),(549,0,20,231),(550,0,16,60),(551,1,17,300),(552,0,7,81),(553,0,13,326),(554,0,1,311),(555,1,11,164),(556,1,20,208),(557,0,8,36),(558,1,18,406),(559,0,20,378),(560,0,5,299),(561,1,17,4),(562,0,16,185),(563,1,9,1),(564,1,12,343),(565,0,15,43),(566,1,13,155),(567,0,2,352),(568,0,1,66),(569,1,16,380),(570,0,2,417),(571,0,2,228),(572,1,10,261),(573,1,11,41),(574,0,3,388),(575,0,10,235),(576,1,2,327),(577,0,14,65),(578,0,10,91),(579,1,19,8),(580,0,2,205),(581,0,2,296),(582,1,16,262),(583,1,8,298),(584,1,17,346),(585,0,12,46),(586,1,2,402),(587,1,1,191),(588,1,16,11),(589,1,15,108),(590,1,7,34),(591,1,20,164),(592,0,7,123),(593,1,18,268),(594,1,9,17),(595,1,2,292),(596,0,2,134),(597,0,18,148),(598,1,3,197),(599,1,20,122),(600,1,8,46),(601,0,17,391),(602,1,4,279),(603,1,4,48),(604,1,14,89),(605,0,20,113),(606,0,7,176),(607,1,3,156),(608,0,14,203),(609,0,9,166),(610,1,11,391),(611,1,6,309),(612,0,14,343),(613,1,10,244),(614,1,15,144),(615,1,9,273),(616,0,15,60),(617,0,1,62),(618,0,8,373),(619,0,14,227),(620,1,3,418),(621,1,18,7),(622,0,15,220),(623,1,2,29),(624,0,19,349),(625,0,5,189),(626,1,5,82),(627,1,10,26),(628,0,16,335),(629,1,7,307),(630,1,2,401),(631,0,13,128),(632,1,6,306),(633,1,10,152),(634,0,17,183),(635,1,17,175),(636,1,19,209),(637,1,1,122),(638,0,20,314),(639,1,2,220),(640,1,10,418),(641,1,11,318),(642,1,19,193),(643,0,8,244),(644,0,7,163),(645,0,18,176),(646,0,11,156),(647,1,2,99),(648,1,15,302),(649,0,13,258),(650,0,20,180),(651,1,18,290),(652,1,4,211),(653,0,14,361),(654,1,6,388),(655,0,2,233),(656,0,10,320),(657,0,4,292),(658,1,10,152),(659,1,15,313),(660,0,14,299),(661,0,18,91),(662,0,9,95),(663,0,9,311),(664,1,19,414),(665,1,6,405),(666,1,7,389),(667,0,6,219),(668,1,15,249),(669,0,19,284),(670,1,6,229),(671,0,20,408),(672,0,13,387),(673,0,17,247),(674,1,6,297),(675,1,13,68),(676,0,15,147),(677,0,12,216),(678,1,16,334),(679,1,14,400),(680,0,6,325),(681,0,7,320),(682,0,17,309),(683,0,4,219),(684,0,12,5),(685,0,19,397),(686,0,20,227),(687,0,5,155),(688,1,10,35),(689,1,8,280),(690,0,4,34),(691,1,2,114),(692,1,10,117),(693,0,20,137),(694,1,15,179),(695,1,9,417),(696,1,19,209),(697,0,1,194),(698,0,9,395),(699,1,19,339),(700,1,4,34),(701,1,15,242),(702,0,2,296),(703,1,7,210),(704,1,14,361),(705,1,10,192),(706,1,14,132),(707,0,8,319),(708,0,9,295),(709,0,11,222),(710,0,19,392),(711,0,5,255),(712,0,18,246),(713,0,20,222),(714,1,14,275),(715,0,17,127),(716,1,13,343),(717,0,16,264),(718,1,15,50),(719,1,20,256),(720,1,9,313),(721,0,1,163),(722,0,5,193),(723,0,9,342),(724,0,8,88),(725,1,6,160),(726,1,17,133),(727,0,3,375),(728,0,10,296),(729,0,17,378),(730,0,12,179),(731,1,14,37),(732,0,16,5),(733,1,7,308),(734,1,18,205),(735,0,7,332),(736,1,13,340),(737,1,15,242),(738,0,10,366),(739,1,13,173),(740,0,19,415),(741,0,5,334),(742,1,20,285),(743,0,9,203),(744,0,5,134),(745,1,17,301),(746,0,15,277),(747,0,18,5),(748,1,18,89),(749,0,9,162),(750,0,18,327),(751,1,15,128),(752,0,7,399),(753,0,3,109),(754,0,19,375),(755,0,2,301),(756,0,17,388),(757,1,8,148),(758,1,16,420),(759,1,15,289),(760,0,13,318),(761,1,10,409),(762,1,7,116),(763,1,5,350),(764,0,19,182),(765,0,20,231),(766,0,10,403),(767,0,11,392),(768,1,13,408),(769,1,4,188),(770,0,13,133),(771,1,1,83),(772,1,10,221),(773,1,17,397),(774,1,20,88),(775,1,1,43),(776,0,1,173),(777,0,3,43),(778,1,14,148),(779,0,9,302),(780,1,4,105),(781,1,18,268),(782,0,1,351),(783,0,10,168),(784,0,6,278),(785,0,2,391),(786,0,12,385),(787,0,10,346),(788,1,4,115),(789,1,10,379),(790,0,8,94),(791,1,4,317),(792,0,15,160),(793,1,15,48),(794,0,16,152),(795,1,19,19),(796,0,17,103),(797,0,4,117),(798,0,18,385),(799,1,11,330),(800,0,4,299),(801,0,19,68),(802,0,13,419),(803,0,19,329),(804,1,7,233),(805,1,18,221),(806,1,13,18),(807,1,16,390),(808,0,19,67),(809,1,17,237),(810,0,16,257),(811,1,15,93),(812,0,15,262),(813,0,13,5),(814,0,9,14),(815,0,5,62),(816,1,19,386),(817,1,19,174),(818,1,7,271),(819,0,12,204),(820,0,14,138),(821,0,11,206),(822,0,6,372),(823,1,17,156),(824,0,1,344),(825,1,19,276),(826,1,12,5),(827,0,15,110),(828,0,10,75),(829,0,9,226),(830,0,19,26),(831,0,16,370),(832,1,4,153),(833,0,1,17),(834,1,1,14),(835,1,10,413),(836,1,6,308),(837,1,15,114),(838,1,18,63),(839,1,18,381),(840,0,10,52),(841,1,14,404),(842,1,4,90),(843,1,10,80),(844,0,11,129),(845,1,5,55),(846,0,19,334),(847,0,20,131),(848,0,20,44),(849,1,4,192),(850,0,8,161),(851,0,6,313),(852,1,4,268),(853,0,9,275),(854,1,7,86),(855,1,20,360),(856,0,8,44),(857,0,15,181),(858,0,10,400),(859,1,3,12),(860,0,12,75),(861,1,5,4),(862,0,6,69),(863,0,20,168),(864,0,10,156),(865,1,20,401),(866,0,14,32),(867,0,10,395),(868,1,17,415),(869,1,9,12),(870,1,8,297),(871,1,6,285),(872,1,13,325),(873,1,8,121),(874,0,13,178),(875,0,7,298),(876,1,14,170),(877,1,3,368),(878,0,17,45),(879,1,19,211),(880,1,6,341),(881,1,14,301),(882,0,11,415),(883,0,10,359),(884,0,11,205),(885,0,16,162),(886,0,15,343),(887,0,10,306),(888,0,4,301),(889,0,6,177),(890,0,12,306),(891,1,18,185),(892,0,13,152),(893,1,5,394),(894,1,12,337),(895,1,6,223),(896,1,18,327),(897,1,13,177),(898,0,3,221),(899,1,4,6),(900,0,19,48),(901,1,18,311),(902,1,6,209),(903,1,11,17),(904,0,12,283),(905,0,19,384),(906,0,3,124),(907,1,4,241),(908,1,4,388),(909,1,20,53),(910,0,13,273),(911,0,14,362),(912,0,17,44),(913,1,6,403),(914,1,14,86),(915,1,4,361),(916,1,14,363),(917,0,1,412),(918,1,9,362),(919,0,19,27),(920,1,10,412),(921,0,2,76),(922,0,18,15),(923,0,6,334),(924,1,8,193),(925,1,7,110),(926,1,20,94),(927,0,7,287),(928,0,7,200),(929,0,7,224),(930,0,13,207),(931,1,16,249),(932,0,11,161),(933,0,11,177),(934,1,15,340),(935,0,3,33),(936,1,16,97),(937,1,14,36),(938,0,17,154),(939,0,10,156),(940,0,8,397),(941,0,10,61),(942,1,3,33),(943,1,3,208),(944,1,12,262),(945,1,13,40),(946,0,3,266),(947,1,1,367),(948,0,5,245),(949,0,3,327),(950,0,4,177),(951,0,3,393),(952,0,10,33),(953,1,6,375),(954,1,14,127),(955,0,5,195),(956,1,5,160),(957,0,3,224),(958,0,15,82),(959,0,5,364),(960,1,18,185),(961,1,14,407),(962,1,3,126),(963,1,20,325),(964,1,2,257),(965,0,20,60),(966,0,13,122),(967,0,13,38),(968,1,7,373),(969,0,20,370),(970,0,2,166),(971,1,20,202),(972,0,18,27),(973,0,15,263),(974,0,17,285),(975,0,5,400),(976,0,17,333),(977,0,9,399),(978,0,16,419),(979,0,7,53),(980,1,20,90),(981,1,8,136),(982,0,6,279),(983,0,3,312),(984,0,12,312),(985,0,10,19),(986,1,13,299),(987,0,12,120),(988,1,11,118),(989,1,18,53),(990,1,5,345),(991,1,16,395),(992,0,11,243),(993,0,20,390),(994,0,14,128),(995,1,4,180),(996,1,11,82),(997,1,19,400),(998,1,8,291),(999,1,7,63),(1000,1,10,39),(1001,0,20,48),(1002,0,1,118),(1003,0,15,215),(1004,1,14,47),(1005,1,14,290),(1006,0,8,131),(1007,0,19,342),(1008,0,12,332),(1009,0,11,26),(1010,1,9,144),(1011,1,12,115),(1012,0,4,55),(1013,0,20,414),(1014,1,17,105),(1015,0,11,397),(1016,0,14,245),(1017,1,13,414),(1018,0,13,403),(1019,1,10,7),(1020,1,10,130),(1021,0,16,404),(1022,1,13,275),(1023,1,6,111),(1024,1,18,295),(1025,1,3,85),(1026,1,7,94),(1027,1,18,165),(1028,0,17,320),(1029,0,7,302),(1030,1,2,146),(1031,1,16,355),(1032,1,19,46),(1033,1,12,167),(1034,1,5,63),(1035,1,17,42),(1036,0,9,289),(1037,0,11,280),(1038,1,13,273),(1039,1,3,30),(1040,1,19,125),(1041,1,20,78),(1042,0,9,100),(1043,0,19,42),(1044,0,15,206),(1045,0,11,325),(1046,0,6,398),(1047,1,8,4),(1048,1,7,255),(1049,0,9,322),(1050,1,4,165),(1051,1,17,106),(1052,0,16,17),(1053,0,11,291),(1054,0,15,401),(1055,1,7,413),(1056,0,5,294),(1057,1,2,169),(1058,1,2,101),(1059,1,17,31),(1060,0,3,2),(1061,1,5,347),(1062,1,8,309),(1063,0,13,70),(1064,0,4,96),(1065,1,18,361),(1066,0,1,258),(1067,1,3,346),(1068,0,5,375),(1069,1,8,227),(1070,1,5,302),(1071,0,5,235),(1072,0,13,118),(1073,0,9,330),(1074,1,10,110),(1075,0,3,93),(1076,1,18,41),(1077,0,17,162),(1078,0,3,211),(1079,1,14,32),(1080,1,2,64),(1081,0,3,367),(1082,1,1,78),(1083,0,18,255),(1084,0,5,336),(1085,1,15,212),(1086,0,13,40),(1087,1,12,181),(1088,1,4,320),(1089,0,2,266),(1090,1,16,89),(1091,1,15,9),(1092,1,15,319),(1093,0,7,260),(1094,0,3,208),(1095,1,9,367),(1096,1,10,3),(1097,0,12,347),(1098,0,7,281),(1099,0,20,49),(1100,0,6,16),(1101,1,20,48),(1102,0,11,78),(1103,1,18,372),(1104,0,14,60),(1105,1,10,101),(1106,0,7,29),(1107,0,20,179),(1108,0,3,158),(1109,1,11,200),(1110,1,6,357),(1111,1,8,249),(1112,1,19,186),(1113,1,19,306),(1114,0,16,407),(1115,0,5,11),(1116,0,17,84),(1117,0,8,269),(1118,0,17,384),(1119,0,10,47),(1120,0,2,356),(1121,0,4,398),(1122,0,18,322),(1123,0,2,195),(1124,0,11,304),(1125,0,18,229),(1126,0,19,76),(1127,1,12,420),(1128,0,12,53),(1129,0,15,122),(1130,1,10,65),(1131,0,16,170),(1132,1,1,59),(1133,0,11,309),(1134,0,19,331),(1135,0,18,110),(1136,1,14,31),(1137,0,14,224),(1138,0,15,333),(1139,0,20,388),(1140,1,16,61),(1141,0,3,281),(1142,0,10,256),(1143,0,13,239),(1144,1,10,95),(1145,0,4,245),(1146,1,8,200),(1147,1,11,385),(1148,1,12,389),(1149,0,13,32),(1150,1,11,332),(1151,0,10,63),(1152,0,12,9),(1153,0,13,253),(1154,1,7,1),(1155,1,15,168),(1156,1,5,380),(1157,1,10,276),(1158,0,13,35),(1159,0,16,279),(1160,0,17,179),(1161,0,5,171),(1162,0,12,293),(1163,0,3,229),(1164,0,17,32),(1165,0,2,333),(1166,0,15,358),(1167,0,10,15),(1168,0,13,133),(1169,0,4,45),(1170,0,16,242),(1171,0,14,320),(1172,0,2,38),(1173,0,8,101),(1174,1,6,95),(1175,0,4,124),(1176,1,8,401),(1177,1,6,24),(1178,1,6,377),(1179,1,18,343),(1180,0,5,375),(1181,1,3,33),(1182,1,17,79),(1183,1,11,376),(1184,0,8,150),(1185,0,20,247),(1186,0,13,365),(1187,0,5,224),(1188,0,15,20),(1189,0,13,409),(1190,0,10,293),(1191,1,4,193),(1192,1,9,63),(1193,1,7,78),(1194,0,2,2),(1195,1,18,247),(1196,0,17,327),(1197,0,5,306),(1198,0,5,205),(1199,0,1,332),(1200,0,18,242),(1201,1,15,54),(1202,0,14,47),(1203,1,20,197),(1204,0,9,307),(1205,1,20,202),(1206,0,3,391),(1207,0,18,54),(1208,0,15,261),(1209,0,5,228),(1210,1,5,383),(1211,0,12,101),(1212,0,9,38),(1213,1,19,240),(1214,1,16,403),(1215,1,13,131),(1216,1,16,6),(1217,1,20,272),(1218,0,19,180),(1219,0,6,39),(1220,1,17,405),(1221,1,7,314),(1222,1,11,379),(1223,1,20,354),(1224,1,4,254),(1225,0,19,108),(1226,0,20,3),(1227,0,20,279),(1228,1,2,104),(1229,1,7,307),(1230,0,5,249),(1231,0,11,159),(1232,0,19,39),(1233,1,12,389),(1234,1,19,10),(1235,0,10,318),(1236,0,3,300),(1237,0,17,130),(1238,1,7,288),(1239,1,3,92),(1240,1,5,103),(1241,1,19,85),(1242,1,19,398),(1243,0,20,283),(1244,1,9,356),(1245,0,2,184),(1246,1,13,3),(1247,0,5,202),(1248,0,20,331),(1249,0,4,20),(1250,0,14,84),(1251,0,8,418),(1252,1,10,213),(1253,0,20,355),(1254,1,10,152),(1255,0,1,341),(1256,0,3,184),(1257,0,7,158),(1258,0,20,108),(1259,1,10,313),(1260,1,20,228),(1261,0,9,149),(1262,0,15,34),(1263,0,2,328),(1264,0,19,410),(1265,0,7,394),(1266,1,7,128),(1267,1,18,26),(1268,1,18,407),(1269,0,16,147),(1270,0,5,369),(1271,0,8,287),(1272,1,17,295),(1273,0,12,390),(1274,1,5,396),(1275,0,9,289),(1276,1,14,346),(1277,1,17,27),(1278,0,13,210),(1279,1,20,8),(1280,1,9,393),(1281,1,11,379),(1282,0,8,248),(1283,0,7,359),(1284,0,9,124),(1285,0,2,407),(1286,1,1,142),(1287,0,6,288),(1288,1,14,157),(1289,0,19,370),(1290,1,2,351),(1291,1,5,256),(1292,1,7,79),(1293,1,1,256),(1294,1,18,368),(1295,1,19,419),(1296,0,5,355),(1297,0,12,374),(1298,0,19,39),(1299,1,19,92),(1300,1,19,64),(1301,1,3,384),(1302,0,4,94),(1303,0,11,21),(1304,0,10,413),(1305,0,12,207),(1306,1,10,183),(1307,0,20,132),(1308,0,6,212),(1309,0,4,99),(1310,0,7,103),(1311,0,16,52),(1312,0,17,136),(1313,0,19,263),(1314,1,10,71),(1315,1,14,400),(1316,1,18,217),(1317,1,10,213),(1318,1,5,80),(1319,0,12,407),(1320,0,6,335),(1321,0,7,315),(1322,0,4,118),(1323,0,6,100),(1324,1,13,305),(1325,1,12,17),(1326,1,17,60),(1327,0,8,379),(1328,0,6,275),(1329,0,6,290),(1330,1,18,220),(1331,0,1,283),(1332,1,8,385),(1333,0,13,3),(1334,0,7,94),(1335,0,19,128),(1336,0,17,331),(1337,1,18,415),(1338,0,13,327),(1339,1,14,58),(1340,1,2,289),(1341,1,8,24),(1342,0,12,60),(1343,1,2,40),(1344,0,17,230),(1345,0,3,381),(1346,0,1,157),(1347,0,19,99),(1348,0,2,410),(1349,1,7,203),(1350,0,20,337),(1351,1,5,338),(1352,0,3,386),(1353,1,6,419),(1354,0,11,195),(1355,0,13,60),(1356,1,20,131),(1357,1,5,243),(1358,0,6,390),(1359,1,5,402),(1360,0,2,374),(1361,0,16,145),(1362,1,8,405),(1363,1,19,201),(1364,0,10,184),(1365,0,16,32),(1366,0,1,392),(1367,1,18,224),(1368,0,2,384),(1369,0,4,279),(1370,1,18,45),(1371,0,16,27),(1372,0,13,64),(1373,1,3,407),(1374,1,19,226),(1375,0,1,197),(1376,1,13,298),(1377,1,7,233),(1378,0,15,76),(1379,0,1,168),(1380,0,17,203),(1381,1,6,24),(1382,1,17,59),(1383,0,3,106),(1384,0,20,134),(1385,1,8,148),(1386,1,15,335),(1387,0,19,248),(1388,1,11,133),(1389,0,15,3),(1390,1,2,270),(1391,0,10,359),(1392,0,16,224),(1393,1,20,259),(1394,0,13,202),(1395,0,14,346),(1396,1,4,30),(1397,1,9,81),(1398,0,12,202),(1399,0,18,360),(1400,0,16,296),(1401,0,20,131),(1402,0,14,32),(1403,0,16,291),(1404,1,13,125),(1405,1,17,181),(1406,0,11,174),(1407,1,15,289),(1408,1,8,155),(1409,0,9,232),(1410,0,9,19),(1411,1,10,36),(1412,0,16,9),(1413,1,8,115),(1414,1,18,214),(1415,1,6,13),(1416,1,12,120),(1417,0,1,120),(1418,1,18,383),(1419,1,15,21),(1420,0,1,244),(1421,0,20,400),(1422,1,3,118),(1423,0,10,107),(1424,0,20,408),(1425,1,5,302),(1426,0,16,257),(1427,1,15,357),(1428,0,19,305),(1429,0,4,296),(1430,1,1,116),(1431,0,9,100),(1432,1,12,345),(1433,1,6,14),(1434,1,8,194),(1435,0,13,175),(1436,1,20,217),(1437,0,9,359),(1438,1,8,24),(1439,0,3,254),(1440,1,12,43),(1441,0,9,184),(1442,1,16,42),(1443,0,15,315),(1444,1,10,115),(1445,0,1,214),(1446,0,9,323),(1447,0,5,305),(1448,0,19,199),(1449,1,6,332),(1450,1,17,178),(1451,1,2,269),(1452,0,13,403),(1453,1,18,186),(1454,1,18,373),(1455,0,9,141),(1456,0,10,193),(1457,1,18,123),(1458,1,10,273),(1459,1,17,253),(1460,1,12,63),(1461,0,7,121),(1462,1,3,82),(1463,1,9,67),(1464,0,1,57),(1465,0,10,21),(1466,0,13,67),(1467,0,4,102),(1468,0,6,95),(1469,0,20,393),(1470,1,16,106),(1471,1,15,17),(1472,0,10,256),(1473,0,13,80),(1474,1,10,288),(1475,0,9,356),(1476,0,8,21),(1477,0,9,191),(1478,0,16,107),(1479,1,19,393),(1480,0,1,173),(1481,0,8,242),(1482,1,4,243),(1483,0,18,123),(1484,1,20,46),(1485,0,18,4),(1486,1,7,81),(1487,0,12,225),(1488,0,15,71),(1489,0,12,91),(1490,0,17,226),(1491,1,17,184),(1492,1,8,157),(1493,0,6,228),(1494,1,4,55),(1495,1,17,266),(1496,0,11,182),(1497,1,5,155),(1498,0,12,331),(1499,1,14,209),(1500,1,2,405),(1501,1,13,15),(1502,0,2,386),(1503,1,6,206),(1504,1,19,147),(1505,0,8,294),(1506,1,8,106),(1507,0,11,304),(1508,1,11,280),(1509,0,17,364),(1510,1,1,102),(1511,0,15,234),(1512,1,16,194),(1513,1,9,71),(1514,0,9,300),(1515,0,12,274),(1516,1,16,97),(1517,1,10,290),(1518,0,10,183),(1519,1,15,174),(1520,1,19,292),(1521,0,14,163),(1522,0,17,75),(1523,0,9,20),(1524,0,10,111),(1525,0,6,150),(1526,0,20,371),(1527,1,13,337),(1528,0,7,24),(1529,0,14,309),(1530,1,2,336),(1531,1,2,115),(1532,1,1,15),(1533,0,14,269),(1534,0,18,308),(1535,0,2,414),(1536,0,9,336),(1537,1,4,118),(1538,1,1,302),(1539,1,15,118),(1540,0,8,227),(1541,0,13,35),(1542,0,8,158),(1543,1,17,276),(1544,0,7,76),(1545,1,20,366),(1546,0,12,91),(1547,1,19,238),(1548,1,13,13),(1549,0,8,43),(1550,1,15,177),(1551,1,9,277),(1552,0,19,356),(1553,1,8,87),(1554,0,11,366),(1555,1,18,234),(1556,1,4,383),(1557,1,9,261),(1558,0,8,53),(1559,0,2,112),(1560,0,13,149),(1561,1,20,142),(1562,1,6,373),(1563,1,3,318),(1564,1,11,344),(1565,1,20,354),(1566,0,2,245),(1567,1,11,147),(1568,0,19,238),(1569,1,12,99),(1570,0,19,223),(1571,0,19,367),(1572,1,17,357),(1573,0,15,339),(1574,1,1,212),(1575,1,15,268),(1576,0,19,150),(1577,1,6,242),(1578,1,8,174),(1579,1,17,57),(1580,0,5,64),(1581,1,20,103),(1582,0,11,318),(1583,0,6,10),(1584,1,11,1),(1585,0,9,82),(1586,1,6,350),(1587,1,15,16),(1588,0,2,146),(1589,0,14,372),(1590,0,10,29),(1591,1,5,197),(1592,0,1,193),(1593,1,4,148),(1594,0,20,180),(1595,0,19,357),(1596,0,9,55),(1597,1,9,122),(1598,0,10,103),(1599,0,17,312),(1600,0,15,326),(1601,1,20,164),(1602,0,6,399),(1603,1,20,280),(1604,0,7,106),(1605,1,9,79),(1606,1,4,76),(1607,1,11,206),(1608,0,14,114),(1609,1,4,159),(1610,0,3,76),(1611,0,9,315),(1612,0,19,225),(1613,0,10,255),(1614,1,8,2),(1615,0,6,403),(1616,0,19,239),(1617,0,3,271),(1618,1,5,385),(1619,1,10,149),(1620,0,19,28),(1621,0,4,142),(1622,0,18,112),(1623,0,2,186),(1624,0,7,317),(1625,1,13,51),(1626,1,5,102),(1627,0,13,316),(1628,0,13,177),(1629,1,9,59),(1630,0,8,200),(1631,1,4,129),(1632,0,4,237),(1633,1,13,292),(1634,1,8,286),(1635,1,7,215),(1636,1,6,66),(1637,1,20,364),(1638,0,20,154),(1639,1,17,176),(1640,0,15,389),(1641,0,8,343),(1642,1,11,401),(1643,0,6,230),(1644,1,6,191),(1645,0,17,117),(1646,0,4,318),(1647,1,4,11),(1648,1,19,403),(1649,1,18,373),(1650,0,19,358),(1651,0,16,62),(1652,0,19,410),(1653,0,17,388),(1654,1,8,378),(1655,1,7,414),(1656,0,2,8),(1657,1,17,123),(1658,0,18,202),(1659,1,8,260),(1660,0,8,225),(1661,1,12,417),(1662,1,13,282),(1663,1,7,221),(1664,1,18,127),(1665,1,15,46),(1666,0,16,146),(1667,1,13,16),(1668,0,1,23),(1669,1,7,125),(1670,0,14,151),(1671,1,6,244),(1672,1,7,188),(1673,0,8,177),(1674,0,18,270),(1675,0,5,123),(1676,0,10,329),(1677,1,8,414),(1678,1,18,170),(1679,1,7,278),(1680,0,8,386),(1681,0,19,6),(1682,0,9,143),(1683,0,1,416),(1684,1,9,41),(1685,1,13,21),(1686,0,1,329),(1687,0,12,298),(1688,0,2,350),(1689,1,13,245),(1690,1,20,176),(1691,1,6,186),(1692,1,3,229),(1693,0,19,353),(1694,1,18,174),(1695,1,5,69),(1696,1,9,324),(1697,1,3,27),(1698,1,5,84),(1699,1,8,256),(1700,1,2,352),(1701,1,9,191),(1702,0,2,222),(1703,0,4,143),(1704,0,19,364),(1705,1,17,235),(1706,1,4,81),(1707,0,7,374),(1708,1,20,307),(1709,1,15,349),(1710,0,14,403),(1711,1,9,153),(1712,1,6,98),(1713,0,4,283),(1714,0,5,151),(1715,0,14,272),(1716,1,2,23),(1717,1,7,183),(1718,1,17,373),(1719,0,10,339),(1720,1,17,166),(1721,0,13,218),(1722,1,12,312),(1723,1,5,53),(1724,0,16,411),(1725,1,4,124),(1726,1,16,281),(1727,1,13,3),(1728,0,6,96),(1729,0,2,377),(1730,0,14,80),(1731,1,4,362),(1732,0,2,125),(1733,1,17,151),(1734,0,3,140),(1735,0,7,2),(1736,1,13,9),(1737,1,14,406),(1738,0,9,165),(1739,0,9,412),(1740,1,6,128),(1741,1,18,42),(1742,0,12,170),(1743,0,10,105),(1744,1,9,278),(1745,1,14,193),(1746,1,12,382),(1747,0,6,365),(1748,0,16,373),(1749,0,8,219),(1750,0,13,397),(1751,1,18,398),(1752,0,14,374),(1753,0,13,99),(1754,0,8,332),(1755,0,3,153),(1756,0,3,345),(1757,0,16,303),(1758,1,5,127),(1759,1,15,340),(1760,1,14,311),(1761,0,1,216),(1762,1,6,206),(1763,0,18,368),(1764,0,18,59),(1765,0,11,365),(1766,1,7,13),(1767,0,19,338),(1768,0,16,24),(1769,0,20,129),(1770,1,4,306),(1771,0,13,299),(1772,1,10,324),(1773,0,16,73),(1774,0,5,88),(1775,0,14,78),(1776,0,16,306),(1777,1,6,407),(1778,1,13,111),(1779,0,15,268),(1780,1,13,60),(1781,1,1,268),(1782,0,5,27),(1783,1,17,96),(1784,0,13,416),(1785,0,6,92),(1786,0,11,98),(1787,0,1,203),(1788,0,14,292),(1789,0,19,4),(1790,0,16,345),(1791,1,20,276),(1792,0,11,340),(1793,0,19,188),(1794,0,14,313),(1795,0,9,6),(1796,1,11,292),(1797,1,8,27),(1798,0,10,178),(1799,0,13,252),(1800,0,6,329),(1801,1,17,263),(1802,0,18,253),(1803,0,6,395),(1804,1,14,103),(1805,1,17,312),(1806,0,2,331),(1807,1,12,138),(1808,1,12,327),(1809,0,19,295),(1810,0,7,334),(1811,1,7,21),(1812,0,14,70),(1813,1,15,198),(1814,0,20,286),(1815,0,13,150),(1816,1,2,179),(1817,1,19,299),(1818,0,16,103),(1819,1,14,165),(1820,0,6,9),(1821,0,18,105),(1822,0,2,242),(1823,1,1,84),(1824,1,7,336),(1825,0,6,75),(1826,1,19,52),(1827,0,18,184),(1828,1,11,217),(1829,0,17,316),(1830,0,9,210),(1831,0,4,412),(1832,1,10,159),(1833,1,14,233),(1834,1,17,7),(1835,0,16,384),(1836,0,10,160),(1837,1,1,104),(1838,0,4,194),(1839,1,15,312),(1840,1,14,197),(1841,1,2,282),(1842,1,11,139),(1843,1,4,308),(1844,0,9,203),(1845,1,7,419),(1846,1,15,379),(1847,1,8,167),(1848,0,12,247),(1849,1,18,343),(1850,1,20,48),(1851,1,9,127),(1852,0,2,282),(1853,0,9,366),(1854,1,2,348),(1855,1,1,33),(1856,1,14,306),(1857,0,13,269),(1858,0,4,415),(1859,1,8,236),(1860,1,15,186),(1861,1,11,118),(1862,0,3,335),(1863,0,10,291),(1864,1,12,417),(1865,0,13,258),(1866,0,17,37),(1867,1,11,162),(1868,1,7,140),(1869,1,12,273),(1870,0,18,345),(1871,0,16,299),(1872,0,13,114),(1873,1,19,152),(1874,1,4,167),(1875,0,9,26),(1876,0,18,386),(1877,1,10,228),(1878,1,8,77),(1879,1,8,325),(1880,0,18,265),(1881,0,4,46),(1882,0,15,246),(1883,1,20,278),(1884,0,5,247),(1885,1,2,287),(1886,0,2,353),(1887,0,1,330),(1888,1,15,138),(1889,1,10,94),(1890,0,3,96),(1891,0,13,29),(1892,1,18,192),(1893,0,11,268),(1894,1,10,42),(1895,1,8,101),(1896,1,15,323),(1897,1,19,156),(1898,0,8,250),(1899,0,13,258),(1900,1,13,356),(1901,0,11,89),(1902,0,5,288),(1903,0,15,160),(1904,1,2,141),(1905,0,11,290),(1906,1,10,346),(1907,0,2,303),(1908,1,10,360),(1909,0,5,384),(1910,1,1,90),(1911,1,15,292),(1912,1,8,97),(1913,0,5,100),(1914,0,17,323),(1915,0,20,129),(1916,1,4,411),(1917,0,12,39),(1918,0,9,316),(1919,0,16,105),(1920,1,3,345),(1921,0,16,67),(1922,1,11,344),(1923,0,9,293),(1924,1,20,364),(1925,0,17,25),(1926,0,5,176),(1927,1,10,344),(1928,0,3,178),(1929,0,2,212),(1930,1,6,138),(1931,0,3,120),(1932,1,13,260),(1933,1,2,163),(1934,0,10,151),(1935,0,7,21),(1936,0,6,242),(1937,1,20,409),(1938,1,4,214),(1939,1,8,390),(1940,0,14,291),(1941,1,19,411),(1942,1,13,241),(1943,1,9,158),(1944,0,10,14),(1945,1,15,140),(1946,0,2,11),(1947,0,6,346),(1948,0,17,252),(1949,0,4,317),(1950,1,10,82),(1951,1,10,259),(1952,0,16,262),(1953,0,13,73),(1954,1,19,105),(1955,1,6,213),(1956,1,8,96),(1957,1,10,21),(1958,1,12,237),(1959,0,12,187),(1960,0,20,409),(1961,1,11,157),(1962,1,8,223),(1963,0,19,378),(1964,1,5,86),(1965,0,3,334),(1966,0,4,411),(1967,0,11,3),(1968,0,3,81),(1969,0,14,156),(1970,1,3,120),(1971,0,5,376),(1972,1,18,355),(1973,0,13,50),(1974,1,4,197),(1975,0,12,49),(1976,0,1,346),(1977,0,4,73),(1978,0,10,336),(1979,0,20,258),(1980,0,11,116),(1981,0,16,249),(1982,0,1,218),(1983,1,5,168),(1984,0,2,381),(1985,0,10,153),(1986,1,14,294),(1987,0,2,209),(1988,0,10,348),(1989,0,17,349),(1990,1,8,107),(1991,1,20,314),(1992,0,1,21),(1993,1,12,150),(1994,0,14,79),(1995,1,5,413),(1996,1,19,86),(1997,0,17,19),(1998,1,16,358),(1999,1,6,327),(2000,1,14,309),(2001,0,10,225),(2002,1,9,31),(2003,1,14,22),(2004,1,11,233),(2005,1,6,69),(2006,0,8,153),(2007,1,5,77),(2008,1,6,84),(2009,0,12,342),(2010,0,6,103),(2011,1,15,158),(2012,1,11,326),(2013,0,3,271),(2014,1,4,231),(2015,1,18,184),(2016,0,1,258),(2017,0,3,99),(2018,1,8,18),(2019,0,16,268),(2020,1,20,325),(2021,1,19,137),(2022,0,14,123),(2023,0,20,135),(2024,1,19,117),(2025,0,11,53),(2026,0,14,112),(2027,1,20,185),(2028,0,4,215),(2029,0,4,365),(2030,1,16,419),(2031,0,17,75),(2032,0,15,270),(2033,1,4,70),(2034,1,14,200),(2035,0,2,420),(2036,1,1,23),(2037,0,4,246),(2038,1,17,164),(2039,0,15,127),(2040,1,4,30),(2041,1,10,36),(2042,0,15,174),(2043,1,2,225),(2044,0,13,299),(2045,0,9,116),(2046,0,6,95),(2047,0,11,58),(2048,0,6,21),(2049,1,20,239),(2050,1,5,185),(2051,1,14,15),(2052,0,7,76),(2053,1,3,164),(2054,0,6,387),(2055,1,11,96),(2056,1,17,92),(2057,1,11,377),(2058,1,17,283),(2059,1,6,194),(2060,1,1,2),(2061,1,10,385),(2062,0,11,160),(2063,1,16,132),(2064,0,14,315),(2065,1,7,76),(2066,0,3,96),(2067,1,1,328),(2068,0,15,151),(2069,1,13,348),(2070,0,7,103),(2071,0,13,161),(2072,1,16,72),(2073,1,4,313),(2074,1,20,209),(2075,0,9,375),(2076,1,2,136),(2077,1,18,149),(2078,1,19,107),(2079,1,2,175),(2080,1,6,4),(2081,1,4,370),(2082,0,14,299),(2083,1,15,368),(2084,0,2,413),(2085,1,4,10),(2086,0,10,169),(2087,1,12,266),(2088,1,5,97),(2089,1,6,158),(2090,1,8,214),(2091,1,7,162),(2092,0,1,21),(2093,0,13,154),(2094,0,11,357),(2095,1,16,25),(2096,1,18,363),(2097,1,9,55),(2098,0,16,263),(2099,0,4,74),(2100,0,17,223),(2101,0,5,10),(2102,1,1,24),(2103,0,14,347),(2104,1,5,306),(2105,1,9,218),(2106,0,6,102),(2107,0,2,88),(2108,0,8,140),(2109,1,11,298),(2110,0,8,360),(2111,0,2,295),(2112,0,5,293),(2113,0,15,59),(2114,1,5,160),(2115,1,12,101),(2116,0,16,270),(2117,1,17,340),(2118,0,3,75),(2119,0,5,295),(2120,1,19,73),(2121,0,20,358),(2122,1,7,394),(2123,0,9,127),(2124,1,11,97),(2125,1,2,241),(2126,1,20,413),(2127,0,8,273),(2128,1,7,125),(2129,0,16,291),(2130,1,11,238),(2131,0,8,141),(2132,1,11,331),(2133,1,19,362),(2134,1,9,279),(2135,1,6,145),(2136,0,1,93),(2137,0,14,128),(2138,1,3,169),(2139,0,19,346),(2140,1,4,413),(2141,1,9,401),(2142,1,20,389),(2143,1,11,205),(2144,1,8,186),(2145,1,14,140),(2146,0,6,355),(2147,0,9,241),(2148,1,15,81),(2149,0,16,139),(2150,1,17,285),(2151,1,16,248),(2152,1,7,178),(2153,0,7,244),(2154,0,13,263),(2155,1,13,393),(2156,0,15,112),(2157,1,5,155),(2158,0,20,109),(2159,1,20,236),(2160,0,2,149),(2161,1,11,77),(2162,0,4,250),(2163,1,2,215),(2164,0,3,6),(2165,1,11,217),(2166,0,1,122),(2167,0,20,336),(2168,0,14,332),(2169,1,3,39),(2170,0,15,10),(2171,1,13,30),(2172,1,16,17),(2173,0,19,179),(2174,1,6,71),(2175,0,18,252),(2176,0,2,111),(2177,0,2,151),(2178,0,11,324),(2179,0,5,53),(2180,0,13,37),(2181,1,14,94),(2182,1,17,265),(2183,1,1,149),(2184,1,1,157),(2185,1,17,10),(2186,1,5,412),(2187,0,15,355),(2188,1,13,141),(2189,1,8,211),(2190,1,11,350),(2191,0,2,219),(2192,1,2,326),(2193,0,19,308),(2194,1,18,120),(2195,0,7,218),(2196,1,2,99),(2197,0,9,225),(2198,0,6,373),(2199,0,7,155),(2200,1,5,344),(2201,0,4,279),(2202,1,2,387),(2203,1,7,161),(2204,1,2,291),(2205,1,9,139),(2206,1,4,257),(2207,1,1,357),(2208,0,14,185),(2209,1,17,330),(2210,1,20,35),(2211,0,11,24),(2212,0,2,284),(2213,0,14,381),(2214,1,1,176),(2215,0,6,222),(2216,1,17,109),(2217,0,12,202),(2218,1,2,372),(2219,0,17,407),(2220,0,9,51),(2221,0,7,321),(2222,0,20,213),(2223,1,8,133),(2224,1,4,75),(2225,1,13,231),(2226,1,3,118),(2227,0,13,44),(2228,0,17,247),(2229,1,7,207),(2230,0,18,183),(2231,0,3,251),(2232,1,19,204),(2233,1,4,82),(2234,1,14,392),(2235,1,5,308),(2236,1,12,260),(2237,0,17,101),(2238,0,16,330),(2239,0,1,240),(2240,0,15,327),(2241,1,3,288),(2242,1,5,77),(2243,0,11,119),(2244,1,20,226),(2245,0,17,331),(2246,1,19,366),(2247,0,6,129),(2248,0,5,94),(2249,1,12,285),(2250,1,1,296),(2251,0,3,149),(2252,0,11,245),(2253,1,9,136),(2254,0,20,36),(2255,1,13,154),(2256,1,12,345),(2257,1,4,39),(2258,1,2,60),(2259,1,7,385),(2260,0,19,354),(2261,0,17,237),(2262,1,13,8),(2263,1,15,269),(2264,0,6,214),(2265,1,14,419),(2266,0,4,26),(2267,1,4,407),(2268,1,11,278),(2269,0,9,204),(2270,1,19,164),(2271,1,9,75),(2272,0,11,278),(2273,0,2,304),(2274,0,19,352),(2275,1,8,322),(2276,0,20,181),(2277,1,19,22),(2278,0,7,52),(2279,0,18,312),(2280,1,4,70),(2281,0,4,403),(2282,0,2,325),(2283,0,5,95),(2284,0,7,326),(2285,0,8,74),(2286,0,10,325),(2287,0,9,104),(2288,1,2,366),(2289,0,10,390),(2290,0,12,37),(2291,1,11,47),(2292,0,15,333),(2293,1,7,288),(2294,1,2,95),(2295,0,17,62),(2296,1,19,21),(2297,0,1,87),(2298,1,1,62),(2299,0,16,4),(2300,0,10,173),(2301,1,20,335),(2302,1,14,109),(2303,1,14,122),(2304,1,11,200),(2305,1,2,397),(2306,0,18,266),(2307,0,11,121),(2308,0,3,332),(2309,0,19,81),(2310,1,5,238),(2311,1,14,379),(2312,0,18,401),(2313,1,17,333),(2314,1,12,121),(2315,1,3,22),(2316,1,12,381),(2317,1,14,86),(2318,1,5,279),(2319,0,4,100),(2320,0,2,286),(2321,0,15,208),(2322,0,8,116),(2323,1,8,380),(2324,1,11,358),(2325,0,9,317),(2326,0,8,64),(2327,1,7,111),(2328,0,20,194),(2329,0,12,91),(2330,0,18,93),(2331,1,12,341),(2332,0,14,178),(2333,0,13,355),(2334,0,9,241),(2335,1,10,388),(2336,0,16,15),(2337,1,10,268),(2338,0,5,369),(2339,0,16,190),(2340,0,20,76),(2341,0,16,142),(2342,0,11,239),(2343,1,13,66),(2344,0,3,122),(2345,1,15,119),(2346,1,18,305),(2347,0,10,126),(2348,1,5,264),(2349,1,13,418),(2350,0,2,349),(2351,0,16,408),(2352,0,14,269),(2353,1,11,106),(2354,0,19,30),(2355,0,12,76),(2356,0,15,76),(2357,1,12,97),(2358,1,13,106),(2359,0,11,160),(2360,0,1,231),(2361,0,14,302),(2362,1,7,320),(2363,1,1,65),(2364,1,4,368),(2365,1,7,203),(2366,0,6,378),(2367,1,14,30),(2368,1,9,375),(2369,0,1,166),(2370,1,9,41),(2371,1,17,418),(2372,1,11,106),(2373,1,10,38),(2374,0,15,359),(2375,0,10,388),(2376,0,7,4),(2377,1,16,232),(2378,0,8,176),(2379,0,1,251),(2380,1,17,210),(2381,0,20,137),(2382,1,13,145),(2383,0,20,64),(2384,1,13,68),(2385,1,2,384),(2386,1,3,88),(2387,0,17,121),(2388,1,12,86),(2389,0,16,152),(2390,1,18,122),(2391,0,18,305),(2392,1,6,1),(2393,1,14,374),(2394,0,20,114),(2395,1,5,107),(2396,1,2,43),(2397,1,6,317),(2398,0,2,176),(2399,1,13,263),(2400,0,15,380),(2401,0,15,182),(2402,0,12,172),(2403,1,18,113),(2404,1,14,397),(2405,0,19,389),(2406,1,17,69),(2407,1,17,103),(2408,1,6,243),(2409,0,13,377),(2410,1,7,405),(2411,0,15,351),(2412,0,5,382),(2413,0,2,63),(2414,0,13,416),(2415,1,11,141),(2416,1,12,126),(2417,1,19,380),(2418,0,13,258),(2419,0,20,88),(2420,0,5,250),(2421,0,18,279),(2422,1,7,62),(2423,0,19,56),(2424,0,8,134),(2425,0,9,314),(2426,0,5,39),(2427,0,4,109),(2428,0,15,403),(2429,0,11,24),(2430,1,1,6),(2431,1,20,152),(2432,1,11,366),(2433,0,18,185),(2434,0,8,145),(2435,1,13,74),(2436,1,10,288),(2437,1,3,134),(2438,0,20,271),(2439,1,3,223),(2440,0,10,317),(2441,1,1,17),(2442,0,7,113),(2443,0,8,281),(2444,1,4,244),(2445,1,5,275),(2446,1,12,2),(2447,0,16,281),(2448,1,16,101),(2449,1,19,37),(2450,0,4,195),(2451,0,10,135),(2452,0,16,88),(2453,0,5,201),(2454,1,6,59),(2455,0,11,189),(2456,0,16,361),(2457,1,3,48),(2458,0,1,289),(2459,0,17,191),(2460,1,14,349),(2461,1,5,385),(2462,1,17,82),(2463,1,19,147),(2464,0,15,205),(2465,0,13,415),(2466,1,9,399),(2467,1,19,400),(2468,1,12,53),(2469,1,14,36),(2470,1,16,410),(2471,1,3,47),(2472,1,4,10),(2473,1,5,169),(2474,0,10,17),(2475,0,17,259),(2476,0,11,417),(2477,0,8,268),(2478,1,15,262),(2479,1,17,289),(2480,1,1,90),(2481,1,11,84),(2482,0,14,297),(2483,0,17,95),(2484,1,3,404),(2485,1,16,118),(2486,1,12,250),(2487,1,20,173),(2488,1,18,409),(2489,0,14,13),(2490,1,5,214),(2491,0,8,9),(2492,0,10,397),(2493,1,12,335),(2494,0,2,327),(2495,1,15,69),(2496,0,9,207),(2497,0,17,22),(2498,0,20,210),(2499,1,8,305),(2500,0,18,239),(2501,1,7,5),(2502,1,16,165),(2503,1,19,144),(2504,1,3,69),(2505,0,4,61),(2506,0,17,405),(2507,0,20,191),(2508,1,12,395),(2509,0,9,404),(2510,0,8,411),(2511,0,7,364),(2512,0,11,335),(2513,0,13,286),(2514,0,8,377),(2515,1,16,364),(2516,1,5,346),(2517,0,20,250),(2518,1,6,281),(2519,1,17,276),(2520,1,7,227),(2521,0,15,229),(2522,1,16,187),(2523,0,5,229),(2524,0,12,84),(2525,1,4,306),(2526,0,4,326),(2527,0,15,59),(2528,1,3,196),(2529,0,16,33),(2530,0,4,416),(2531,0,18,158),(2532,0,20,301),(2533,0,5,262),(2534,0,8,69),(2535,0,17,154),(2536,1,17,153),(2537,1,7,337),(2538,1,3,63),(2539,0,7,409),(2540,1,17,358),(2541,0,15,412),(2542,1,2,419),(2543,1,1,164),(2544,0,15,171),(2545,0,12,138),(2546,1,6,67),(2547,1,2,390),(2548,1,12,303),(2549,0,20,303),(2550,1,4,279),(2551,0,19,188),(2552,0,11,125),(2553,1,7,151),(2554,0,2,106),(2555,0,3,407),(2556,0,15,35),(2557,0,20,26),(2558,1,16,58),(2559,1,20,134),(2560,1,8,51),(2561,1,20,234),(2562,1,15,150),(2563,1,6,106),(2564,1,15,266),(2565,1,5,187),(2566,1,19,155),(2567,0,11,351),(2568,1,12,72),(2569,0,3,129),(2570,0,18,375),(2571,0,15,128),(2572,1,13,411),(2573,0,13,95),(2574,0,12,327),(2575,1,11,69),(2576,1,15,361),(2577,1,1,315),(2578,1,14,121),(2579,1,9,384),(2580,0,7,92),(2581,0,12,240),(2582,0,19,407),(2583,1,3,179),(2584,0,12,114),(2585,0,15,234),(2586,1,14,354),(2587,1,14,70),(2588,1,1,269),(2589,0,15,250),(2590,0,6,157),(2591,0,8,50),(2592,0,4,367),(2593,0,2,405),(2594,0,15,322),(2595,0,3,363),(2596,1,18,330),(2597,0,5,406),(2598,1,19,132),(2599,1,2,386),(2600,1,10,289),(2601,0,13,203),(2602,0,14,290),(2603,1,3,48),(2604,1,18,301),(2605,0,5,254),(2606,1,18,350),(2607,0,11,225),(2608,0,12,285),(2609,0,6,282),(2610,0,1,315),(2611,0,7,415),(2612,1,6,128),(2613,1,6,299),(2614,0,16,162),(2615,1,14,18),(2616,1,3,107),(2617,1,1,115),(2618,0,11,340),(2619,0,11,409),(2620,1,14,241),(2621,0,3,290),(2622,1,3,90),(2623,1,13,416),(2624,0,8,45),(2625,1,6,273),(2626,1,19,411),(2627,1,16,132),(2628,0,10,260),(2629,1,6,39),(2630,1,14,186),(2631,0,7,18),(2632,1,14,307),(2633,1,14,122),(2634,1,8,43),(2635,1,15,37),(2636,0,19,56),(2637,0,6,258),(2638,1,13,363),(2639,0,5,408),(2640,0,9,20),(2641,1,13,320),(2642,1,17,319),(2643,1,5,343),(2644,0,7,405),(2645,1,12,379),(2646,1,14,320),(2647,0,9,129),(2648,0,16,359),(2649,1,19,267),(2650,1,16,70),(2651,0,17,320),(2652,0,16,46),(2653,1,17,48),(2654,0,13,280),(2655,1,4,58),(2656,0,4,113),(2657,1,3,264),(2658,0,19,141),(2659,1,9,305),(2660,1,5,46),(2661,1,9,366),(2662,1,12,13),(2663,0,8,414),(2664,0,3,359),(2665,0,17,236),(2666,0,9,328),(2667,0,15,297),(2668,0,11,272),(2669,0,17,377),(2670,1,3,98),(2671,0,17,355),(2672,1,10,75),(2673,1,16,342),(2674,1,8,88),(2675,1,5,398),(2676,0,15,101),(2677,0,4,206),(2678,1,11,171),(2679,1,15,53),(2680,1,18,227),(2681,1,3,47),(2682,0,8,272),(2683,1,5,218),(2684,0,19,264),(2685,0,18,106),(2686,0,7,46),(2687,1,5,10),(2688,1,14,360),(2689,0,14,209),(2690,0,14,355),(2691,0,11,364),(2692,1,12,148),(2693,1,15,22),(2694,1,2,231),(2695,1,4,93),(2696,0,20,96),(2697,0,18,85),(2698,1,4,162),(2699,0,4,218),(2700,1,18,216),(2701,0,3,125),(2702,0,14,60),(2703,0,15,49),(2704,0,19,213),(2705,1,18,148),(2706,1,16,231),(2707,1,3,61),(2708,1,1,110),(2709,1,2,257),(2710,1,5,224),(2711,0,13,126),(2712,1,18,380),(2713,1,20,300),(2714,1,18,344),(2715,0,16,315),(2716,0,9,78),(2717,0,12,296),(2718,1,4,222),(2719,0,4,191),(2720,0,6,360),(2721,0,12,321),(2722,1,10,389),(2723,1,16,247),(2724,0,20,143),(2725,0,1,11),(2726,0,10,84),(2727,1,12,143),(2728,1,13,304),(2729,1,19,247),(2730,0,17,116),(2731,0,1,122),(2732,0,1,269),(2733,0,5,179),(2734,0,13,343),(2735,1,9,181),(2736,0,5,76),(2737,0,16,64),(2738,1,6,274),(2739,0,7,229),(2740,0,12,64),(2741,0,3,84),(2742,1,10,305),(2743,1,9,137),(2744,1,3,185),(2745,0,1,267),(2746,0,1,405),(2747,1,13,126),(2748,0,10,295),(2749,1,5,227),(2750,1,10,103),(2751,1,19,406),(2752,1,15,75),(2753,0,1,59),(2754,0,19,9),(2755,1,7,132),(2756,0,14,183),(2757,0,12,139),(2758,1,17,270),(2759,0,15,179),(2760,1,7,156),(2761,0,13,246),(2762,0,3,175),(2763,0,1,70),(2764,0,17,246),(2765,1,5,86),(2766,0,3,90),(2767,1,4,274),(2768,0,2,305),(2769,1,15,372),(2770,0,9,213),(2771,1,18,284),(2772,1,17,181),(2773,1,18,48),(2774,0,7,263),(2775,1,13,241),(2776,1,7,114),(2777,0,13,374),(2778,1,4,414),(2779,0,1,294),(2780,1,7,169),(2781,0,4,87),(2782,0,9,195),(2783,1,16,272),(2784,0,16,178),(2785,0,20,32),(2786,1,9,85),(2787,0,2,353),(2788,0,4,49),(2789,1,14,328),(2790,0,13,142),(2791,0,17,393),(2792,1,4,167),(2793,1,13,175),(2794,1,1,33),(2795,1,16,154),(2796,1,12,238),(2797,0,20,25),(2798,0,17,130),(2799,1,15,44),(2800,0,3,190),(2801,1,14,109),(2802,0,6,48),(2803,0,17,52),(2804,1,16,344),(2805,0,19,25),(2806,1,19,320),(2807,0,17,218),(2808,1,15,391),(2809,1,3,228),(2810,1,16,381),(2811,0,16,61),(2812,0,14,228),(2813,1,4,112),(2814,0,17,100),(2815,0,13,336),(2816,0,17,359),(2817,1,15,52),(2818,0,6,117),(2819,1,17,286),(2820,0,19,341),(2821,0,16,67),(2822,1,14,388),(2823,0,11,97),(2824,0,14,410),(2825,1,10,414),(2826,1,6,237),(2827,1,12,420),(2828,1,16,31),(2829,1,12,65),(2830,1,19,185),(2831,0,10,333),(2832,1,7,144),(2833,0,16,279),(2834,1,2,398),(2835,0,14,92),(2836,0,13,44),(2837,1,18,232),(2838,0,7,288),(2839,1,11,351),(2840,1,12,390),(2841,0,7,302),(2842,1,1,334),(2843,0,13,244),(2844,0,14,4),(2845,1,18,328),(2846,1,13,75),(2847,0,3,412),(2848,1,19,231),(2849,1,5,141),(2850,1,11,323),(2851,0,20,97),(2852,1,16,229),(2853,1,19,331),(2854,1,14,408),(2855,1,10,81),(2856,0,17,155),(2857,1,17,355),(2858,1,5,414),(2859,1,9,101),(2860,1,8,254),(2861,1,5,56),(2862,1,9,364),(2863,0,9,107),(2864,0,18,253),(2865,0,6,342),(2866,1,7,293),(2867,0,9,329),(2868,0,16,130),(2869,1,17,179),(2870,1,16,234),(2871,1,16,158),(2872,1,10,33),(2873,1,18,275),(2874,1,12,212),(2875,0,12,44),(2876,0,17,35),(2877,0,4,280),(2878,0,9,307),(2879,1,18,415),(2880,0,7,75),(2881,1,4,384),(2882,1,17,276),(2883,0,4,157),(2884,1,13,126),(2885,1,11,161),(2886,0,7,105),(2887,1,13,314),(2888,1,16,258),(2889,1,10,109),(2890,1,3,214),(2891,1,10,322),(2892,0,3,326),(2893,0,5,222),(2894,0,13,69),(2895,1,3,332),(2896,1,12,346),(2897,1,6,310),(2898,1,16,296),(2899,0,15,6),(2900,0,4,411),(2901,0,13,182),(2902,1,5,347),(2903,1,10,372),(2904,0,11,196),(2905,1,6,293),(2906,1,8,265),(2907,1,2,332),(2908,1,11,103),(2909,1,20,347),(2910,0,9,312),(2911,0,11,249),(2912,0,10,260),(2913,0,12,307),(2914,1,16,200),(2915,1,4,308),(2916,0,6,2),(2917,1,17,79),(2918,1,3,271),(2919,0,10,169),(2920,0,9,151),(2921,1,4,396),(2922,0,2,267),(2923,0,3,140),(2924,1,15,352),(2925,0,8,334),(2926,0,4,283),(2927,0,20,117),(2928,0,4,149),(2929,0,2,260),(2930,1,9,24),(2931,1,9,211),(2932,1,20,62),(2933,0,4,319),(2934,1,3,237),(2935,0,8,329),(2936,0,18,281),(2937,0,13,79),(2938,0,20,93),(2939,0,14,404),(2940,0,20,64),(2941,1,3,37),(2942,1,4,87),(2943,1,13,378),(2944,0,10,362),(2945,1,3,105),(2946,0,12,38),(2947,1,5,191),(2948,1,2,122),(2949,0,9,368),(2950,1,5,254),(2951,1,12,315),(2952,0,4,232),(2953,1,3,81),(2954,0,11,119),(2955,1,11,325),(2956,0,3,106),(2957,0,16,170),(2958,1,6,192),(2959,1,4,85),(2960,0,6,374),(2961,0,6,407),(2962,1,1,24),(2963,1,14,339),(2964,0,19,218),(2965,1,14,332),(2966,1,2,44),(2967,1,9,251),(2968,1,11,25),(2969,0,1,255),(2970,1,4,151),(2971,0,9,246),(2972,1,2,185),(2973,1,10,140),(2974,1,7,293),(2975,1,3,90),(2976,0,15,41),(2977,0,10,216),(2978,1,2,417),(2979,1,2,400),(2980,0,5,27),(2981,0,19,312),(2982,1,11,165),(2983,1,19,242),(2984,1,4,390),(2985,1,5,357),(2986,0,15,282),(2987,1,5,145),(2988,1,7,384),(2989,1,7,397),(2990,1,18,160),(2991,1,10,231),(2992,1,2,411),(2993,0,11,250),(2994,1,6,192),(2995,1,19,411),(2996,1,9,180),(2997,0,20,361),(2998,1,6,99),(2999,1,10,221),(3000,1,11,169),(3001,0,15,113),(3002,0,12,268),(3003,0,1,100),(3004,1,14,59),(3005,0,8,101),(3006,1,17,309),(3007,0,9,88),(3008,1,16,380),(3009,0,3,189),(3010,0,7,273),(3011,1,13,184),(3012,0,6,190),(3013,0,16,259),(3014,1,11,378),(3015,0,8,313),(3016,0,7,235),(3017,1,20,330),(3018,1,12,47),(3019,1,9,62),(3020,1,9,197),(3021,1,16,81),(3022,1,10,409),(3023,0,20,132),(3024,0,16,157),(3025,0,6,205),(3026,1,15,261),(3027,1,2,274),(3028,1,16,237),(3029,0,6,66),(3030,1,5,58),(3031,0,7,415),(3032,1,9,350),(3033,1,12,294),(3034,1,12,268),(3035,1,9,370),(3036,1,17,353),(3037,1,9,413),(3038,1,10,177),(3039,0,11,61),(3040,1,4,248),(3041,0,8,343),(3042,1,16,74),(3043,1,12,362),(3044,1,18,35),(3045,1,1,28),(3046,1,17,118),(3047,0,10,342),(3048,0,10,387),(3049,0,9,64),(3050,0,16,295),(3051,1,2,156),(3052,0,3,46),(3053,0,10,153),(3054,0,4,419),(3055,1,20,382),(3056,1,7,225),(3057,0,19,295),(3058,1,19,214),(3059,0,16,29),(3060,0,1,215),(3061,1,15,307),(3062,0,13,227),(3063,1,9,277),(3064,0,4,120),(3065,0,9,188),(3066,0,13,337),(3067,0,13,406),(3068,1,12,263),(3069,0,14,14),(3070,0,6,80),(3071,1,11,200),(3072,0,3,249),(3073,1,16,158),(3074,1,11,257),(3075,1,6,101),(3076,1,10,370),(3077,0,4,261),(3078,0,13,389),(3079,0,9,197),(3080,0,12,362),(3081,0,14,24),(3082,1,3,392),(3083,0,20,307),(3084,1,13,8),(3085,1,5,289),(3086,1,18,326),(3087,0,10,315),(3088,1,16,316),(3089,0,6,141),(3090,1,1,203),(3091,1,4,298),(3092,0,18,349),(3093,0,14,289),(3094,1,2,215),(3095,0,5,361),(3096,1,11,279),(3097,0,8,348),(3098,1,14,319),(3099,1,2,271),(3100,1,12,9),(3101,0,12,90),(3102,1,4,265),(3103,1,11,303),(3104,1,8,373),(3105,1,14,340),(3106,1,8,360),(3107,0,6,148),(3108,0,20,53),(3109,0,7,17),(3110,0,16,137),(3111,0,5,419),(3112,1,5,132),(3113,1,3,217),(3114,1,12,106),(3115,0,15,308),(3116,0,8,146),(3117,0,10,152),(3118,1,3,219),(3119,0,20,290),(3120,0,4,14),(3121,0,2,250),(3122,0,7,232),(3123,1,9,76),(3124,1,17,113),(3125,0,6,118),(3126,0,7,345),(3127,1,5,238),(3128,0,9,52),(3129,1,10,349),(3130,0,3,281),(3131,1,19,150),(3132,1,19,326),(3133,0,7,231),(3134,0,18,261),(3135,1,14,334),(3136,0,4,327),(3137,1,10,175),(3138,0,8,233),(3139,0,16,403),(3140,1,2,262),(3141,1,9,87),(3142,0,5,320),(3143,0,19,103),(3144,0,4,19),(3145,1,1,312),(3146,1,12,76),(3147,0,5,275),(3148,0,2,304),(3149,1,3,278),(3150,1,1,112),(3151,0,13,363),(3152,0,20,364),(3153,1,19,9),(3154,1,4,355),(3155,1,4,360),(3156,1,20,345),(3157,1,18,340),(3158,0,17,271),(3159,1,17,128),(3160,1,9,189),(3161,1,20,295),(3162,0,6,74),(3163,1,10,402),(3164,1,10,144),(3165,1,8,300),(3166,1,5,227),(3167,1,1,183),(3168,0,13,201),(3169,0,4,370),(3170,0,11,7),(3171,1,19,209),(3172,1,2,418),(3173,1,1,352),(3174,1,13,97),(3175,1,8,288),(3176,0,7,279),(3177,1,8,241),(3178,1,5,371),(3179,0,8,71),(3180,1,5,229),(3181,1,15,107),(3182,1,16,8),(3183,1,7,178),(3184,0,11,64),(3185,0,11,260),(3186,0,14,171),(3187,0,6,292),(3188,1,19,148),(3189,0,8,386),(3190,1,14,43),(3191,0,4,166),(3192,1,10,187),(3193,0,13,404),(3194,0,16,164),(3195,0,14,338),(3196,1,11,228),(3197,0,1,69),(3198,0,4,349),(3199,0,10,12),(3200,1,19,332),(3201,0,11,188),(3202,1,5,415),(3203,1,14,173),(3204,0,2,372),(3205,0,6,40),(3206,0,16,83),(3207,1,5,217),(3208,1,13,370),(3209,1,18,56),(3210,0,9,236),(3211,1,16,93),(3212,0,8,360),(3213,1,17,33),(3214,1,5,171),(3215,1,7,329),(3216,0,7,210),(3217,1,10,302),(3218,0,16,18),(3219,0,2,166),(3220,1,6,95),(3221,0,12,78),(3222,1,13,353),(3223,1,9,376),(3224,0,3,209),(3225,1,8,255),(3226,0,20,203),(3227,0,13,381),(3228,0,5,277),(3229,1,17,315),(3230,1,3,163),(3231,0,9,3),(3232,1,17,389),(3233,0,12,263),(3234,0,9,245),(3235,1,16,56),(3236,1,9,387),(3237,0,3,67),(3238,0,5,373),(3239,1,4,201),(3240,0,2,106),(3241,1,9,27),(3242,0,17,105),(3243,1,2,39),(3244,0,17,242),(3245,0,6,70),(3246,1,20,203),(3247,0,3,145),(3248,0,12,86),(3249,1,8,186),(3250,0,17,283),(3251,0,9,116),(3252,1,6,83),(3253,1,15,105),(3254,0,1,9),(3255,0,15,44),(3256,0,3,412),(3257,0,15,392),(3258,0,14,87),(3259,1,2,279),(3260,1,18,239),(3261,0,4,217),(3262,1,3,150),(3263,0,15,161),(3264,1,2,100),(3265,0,12,27),(3266,1,18,314),(3267,0,3,272),(3268,1,11,205),(3269,1,8,189),(3270,0,12,212),(3271,0,10,205),(3272,0,17,309),(3273,0,19,81),(3274,0,8,37),(3275,0,17,49),(3276,0,2,202),(3277,0,2,245),(3278,1,10,249),(3279,1,16,255),(3280,1,18,263),(3281,1,1,400),(3282,0,5,229),(3283,1,4,73),(3284,0,10,398),(3285,0,7,358),(3286,1,17,145),(3287,0,12,132),(3288,1,5,226),(3289,0,11,76),(3290,0,10,83),(3291,0,8,222),(3292,0,4,56),(3293,0,16,168),(3294,1,10,190),(3295,0,7,379),(3296,1,9,166),(3297,0,10,345),(3298,0,11,228),(3299,1,5,112),(3300,1,6,32),(3301,0,12,1),(3302,0,13,132),(3303,0,3,26),(3304,1,9,119),(3305,0,7,180),(3306,1,17,352),(3307,0,6,408),(3308,0,11,144),(3309,1,2,170),(3310,1,1,236),(3311,1,15,29),(3312,0,9,191),(3313,0,15,277),(3314,1,2,252),(3315,1,7,54),(3316,1,20,16),(3317,0,4,316),(3318,0,13,68),(3319,1,14,323),(3320,0,3,276),(3321,1,1,299),(3322,0,16,410),(3323,1,20,367),(3324,1,1,338),(3325,0,17,49),(3326,1,16,388),(3327,1,16,291),(3328,0,6,307),(3329,0,15,75),(3330,1,5,161),(3331,0,8,129),(3332,0,15,57),(3333,1,11,225),(3334,0,12,224),(3335,0,2,208),(3336,0,20,410),(3337,1,8,326),(3338,1,14,204),(3339,0,1,369),(3340,1,10,336),(3341,1,14,78),(3342,0,3,301),(3343,1,6,354),(3344,0,20,280),(3345,1,5,364),(3346,1,13,107),(3347,0,6,124),(3348,0,9,291),(3349,0,6,231),(3350,0,15,316),(3351,0,2,36),(3352,1,13,383),(3353,0,18,199),(3354,0,20,385),(3355,0,2,156),(3356,0,8,188),(3357,1,20,82),(3358,1,11,420),(3359,1,16,68),(3360,1,5,344),(3361,1,6,392),(3362,1,8,111),(3363,0,10,319),(3364,0,17,115),(3365,1,5,75),(3366,0,11,243),(3367,1,2,130),(3368,0,18,148),(3369,0,10,103),(3370,0,18,109),(3371,0,4,2),(3372,0,11,1),(3373,0,12,56),(3374,1,16,393),(3375,1,16,3),(3376,0,19,403),(3377,1,15,121),(3378,1,3,265),(3379,0,4,171),(3380,0,14,56),(3381,0,13,132),(3382,1,1,246),(3383,1,6,370),(3384,1,11,396),(3385,0,14,108),(3386,1,7,216),(3387,1,6,143),(3388,0,19,72),(3389,1,9,415),(3390,0,8,273),(3391,0,17,149),(3392,0,16,1),(3393,0,2,140),(3394,1,4,51),(3395,1,13,13),(3396,1,3,6),(3397,1,13,159),(3398,0,9,388),(3399,0,6,372),(3400,0,1,157),(3401,1,9,197),(3402,1,5,59),(3403,0,12,152),(3404,0,15,261),(3405,1,9,129),(3406,1,11,267),(3407,1,3,235),(3408,1,12,173),(3409,1,11,169),(3410,1,15,193),(3411,1,8,300),(3412,1,11,293),(3413,1,15,43),(3414,0,2,410),(3415,0,16,417),(3416,1,15,385),(3417,0,1,94),(3418,0,6,51),(3419,1,4,342),(3420,0,2,186),(3421,1,18,229),(3422,1,9,246),(3423,1,13,129),(3424,1,18,129),(3425,1,12,251),(3426,0,12,181),(3427,1,16,76),(3428,1,18,42),(3429,0,7,143),(3430,0,13,360),(3431,1,9,324),(3432,0,11,211),(3433,1,17,20),(3434,0,17,111),(3435,0,15,222),(3436,1,18,363),(3437,1,1,395),(3438,1,7,280),(3439,0,19,234),(3440,1,10,325),(3441,0,12,291),(3442,0,4,169),(3443,1,1,50),(3444,1,15,306),(3445,0,14,99),(3446,1,8,169),(3447,0,5,328),(3448,1,17,189),(3449,1,14,6),(3450,1,8,151),(3451,0,9,5),(3452,0,11,184),(3453,0,4,388),(3454,0,16,3),(3455,0,10,244),(3456,0,19,379),(3457,1,3,209),(3458,0,4,303),(3459,0,20,336),(3460,0,4,206),(3461,1,4,376),(3462,1,8,401),(3463,0,7,246),(3464,1,16,340),(3465,0,18,50),(3466,1,8,185),(3467,1,8,11),(3468,1,3,204),(3469,1,11,266),(3470,1,7,109),(3471,0,16,272),(3472,1,12,120),(3473,1,9,265),(3474,1,16,174),(3475,0,11,307),(3476,1,16,327),(3477,0,5,8),(3478,1,6,407),(3479,1,8,104),(3480,1,2,286),(3481,0,18,86),(3482,0,7,312),(3483,0,3,183),(3484,0,8,347),(3485,0,11,20),(3486,1,4,273),(3487,0,9,320),(3488,1,18,378),(3489,1,12,68),(3490,0,15,292),(3491,1,6,66),(3492,1,5,261),(3493,1,1,326),(3494,0,2,118),(3495,1,4,24),(3496,1,11,391),(3497,0,14,348),(3498,1,11,209),(3499,1,14,63),(3500,0,20,371),(3501,1,8,107),(3502,1,11,153),(3503,0,7,280),(3504,1,12,192),(3505,0,18,122),(3506,0,19,43),(3507,1,18,145),(3508,0,9,317),(3509,0,7,146),(3510,0,2,85),(3511,1,3,364),(3512,1,17,419),(3513,0,4,297),(3514,1,13,47),(3515,0,3,228),(3516,1,12,336),(3517,0,15,340),(3518,1,18,148),(3519,0,19,275),(3520,0,17,201),(3521,0,6,21),(3522,1,9,302),(3523,0,20,299),(3524,0,18,120),(3525,1,13,188),(3526,0,4,170),(3527,1,19,198),(3528,0,14,231),(3529,1,4,159),(3530,1,6,103),(3531,1,1,92),(3532,0,2,414),(3533,0,13,391),(3534,1,3,288),(3535,0,14,166),(3536,0,17,127),(3537,0,17,317),(3538,1,10,210),(3539,0,10,191),(3540,1,7,82),(3541,1,12,37),(3542,1,8,235),(3543,0,8,67),(3544,0,5,308),(3545,1,4,271),(3546,0,6,9),(3547,1,4,392),(3548,1,9,75),(3549,1,9,86),(3550,0,15,178),(3551,0,1,376),(3552,1,17,172),(3553,1,15,188),(3554,1,8,401),(3555,0,1,221),(3556,0,8,201),(3557,0,11,92),(3558,1,17,97),(3559,1,17,215),(3560,0,19,62),(3561,0,18,322),(3562,1,17,418),(3563,1,20,184),(3564,1,1,40),(3565,0,3,156),(3566,0,20,116),(3567,0,12,220),(3568,0,3,64),(3569,1,2,113),(3570,0,7,109),(3571,1,18,353),(3572,0,11,72),(3573,0,15,325),(3574,1,7,397),(3575,0,11,263),(3576,1,12,339),(3577,0,7,140),(3578,0,4,86),(3579,1,9,97),(3580,0,8,230),(3581,1,1,121),(3582,0,11,206),(3583,0,8,319),(3584,0,6,268),(3585,0,19,112),(3586,1,1,180),(3587,1,17,255),(3588,0,17,205),(3589,0,3,105),(3590,0,10,328),(3591,1,15,74),(3592,0,18,211),(3593,0,2,93),(3594,0,20,59),(3595,1,20,306),(3596,0,18,217),(3597,1,16,303),(3598,0,5,145),(3599,0,8,193),(3600,0,6,248),(3601,1,11,343),(3602,0,1,129),(3603,0,5,294),(3604,0,19,242),(3605,0,2,344),(3606,1,2,367),(3607,1,1,24),(3608,1,14,273),(3609,1,13,351),(3610,0,7,103),(3611,0,17,208),(3612,0,13,320),(3613,0,16,354),(3614,0,7,245),(3615,0,11,200),(3616,1,6,154),(3617,0,16,418),(3618,1,2,285),(3619,0,2,141),(3620,1,14,372),(3621,1,6,267),(3622,1,11,53),(3623,1,17,197),(3624,0,15,239),(3625,0,7,70),(3626,1,3,111),(3627,0,8,58),(3628,0,6,196),(3629,1,5,57),(3630,1,3,13),(3631,1,19,158),(3632,1,3,111),(3633,0,11,272),(3634,0,19,142),(3635,1,4,132),(3636,1,20,251),(3637,0,13,51),(3638,1,1,197),(3639,1,15,225),(3640,1,13,328),(3641,0,1,10),(3642,0,17,281),(3643,1,2,88),(3644,0,4,268),(3645,1,5,231),(3646,1,16,317),(3647,1,15,302),(3648,1,2,98),(3649,1,17,262),(3650,1,15,98),(3651,1,18,195),(3652,1,20,363),(3653,1,17,207),(3654,1,13,61),(3655,0,20,155),(3656,0,9,187),(3657,0,13,359),(3658,1,3,169),(3659,0,1,222),(3660,0,8,394),(3661,1,4,215),(3662,0,19,362),(3663,1,7,395),(3664,1,20,246),(3665,0,18,252),(3666,0,7,93),(3667,1,18,289),(3668,1,18,33),(3669,1,12,285),(3670,1,19,378),(3671,0,10,120),(3672,0,13,6),(3673,0,8,46),(3674,1,16,98),(3675,0,14,19),(3676,1,2,299),(3677,1,13,20),(3678,1,18,71),(3679,1,10,153),(3680,0,7,207),(3681,0,1,47),(3682,0,2,106),(3683,1,19,229),(3684,0,8,14),(3685,0,8,244),(3686,0,13,265),(3687,1,8,360),(3688,0,10,297),(3689,1,3,273),(3690,1,7,186),(3691,1,2,328),(3692,1,15,303),(3693,1,5,298),(3694,1,17,330),(3695,1,1,284),(3696,1,10,315),(3697,1,8,42),(3698,0,7,347),(3699,1,18,247),(3700,0,7,155),(3701,0,12,124),(3702,1,3,249),(3703,1,10,276),(3704,1,8,48),(3705,0,13,102),(3706,1,3,144),(3707,1,4,217),(3708,1,5,194),(3709,1,1,121),(3710,0,17,131),(3711,0,14,176),(3712,0,18,101),(3713,0,8,58),(3714,0,3,362),(3715,1,13,400),(3716,1,1,47),(3717,0,11,146),(3718,1,7,384),(3719,1,10,205),(3720,1,19,408),(3721,1,13,348),(3722,0,12,132),(3723,1,16,375),(3724,0,20,57),(3725,1,1,186),(3726,0,18,263),(3727,0,12,181),(3728,1,17,212),(3729,1,18,101),(3730,1,17,251),(3731,1,3,7),(3732,1,10,394),(3733,0,8,282),(3734,0,5,205),(3735,1,3,221),(3736,0,1,16),(3737,0,1,22),(3738,1,14,249),(3739,1,1,96),(3740,0,18,398),(3741,1,20,241),(3742,1,2,115),(3743,0,6,246),(3744,1,15,278),(3745,0,4,332),(3746,0,14,83),(3747,0,17,208),(3748,0,2,419),(3749,1,3,148),(3750,0,19,262),(3751,0,5,309),(3752,1,14,15),(3753,1,1,48),(3754,1,13,291),(3755,1,8,358),(3756,1,12,328),(3757,1,17,191),(3758,0,12,79),(3759,1,2,249),(3760,0,18,18),(3761,0,20,192),(3762,0,10,69),(3763,0,16,146),(3764,0,3,250),(3765,0,20,201),(3766,1,19,294),(3767,1,5,287),(3768,0,8,80),(3769,1,6,300),(3770,0,6,143),(3771,0,16,84),(3772,0,12,94),(3773,1,6,283),(3774,1,3,319),(3775,1,15,158),(3776,1,4,189),(3777,1,1,327),(3778,0,12,43),(3779,1,10,376),(3780,1,19,371),(3781,0,14,389),(3782,0,2,286),(3783,1,4,406),(3784,0,1,101),(3785,1,10,354),(3786,1,3,29),(3787,0,7,336),(3788,0,12,355),(3789,1,7,91),(3790,1,9,5),(3791,1,11,7),(3792,0,2,399),(3793,1,8,121),(3794,0,8,384),(3795,0,9,157),(3796,1,7,77),(3797,0,8,144),(3798,0,5,279),(3799,0,14,115),(3800,1,18,19),(3801,0,16,398),(3802,0,7,95),(3803,0,4,180),(3804,0,11,142),(3805,1,12,351),(3806,0,8,81),(3807,0,17,41),(3808,0,13,13),(3809,0,16,166),(3810,1,7,47),(3811,1,9,135),(3812,0,19,337),(3813,0,7,352),(3814,0,20,118),(3815,1,15,238),(3816,0,13,394),(3817,1,15,51),(3818,0,8,330),(3819,1,19,360),(3820,1,19,229),(3821,0,13,336),(3822,1,9,233),(3823,1,9,417),(3824,0,14,263),(3825,0,2,180),(3826,0,19,201),(3827,1,11,28),(3828,1,7,113),(3829,1,8,124),(3830,0,7,190),(3831,1,8,48),(3832,1,13,98),(3833,1,18,336),(3834,1,20,190),(3835,1,9,278),(3836,1,2,157),(3837,1,6,126),(3838,1,8,47),(3839,0,15,272),(3840,1,9,343),(3841,1,13,171),(3842,1,4,108),(3843,1,18,121),(3844,0,8,372),(3845,1,13,8),(3846,1,19,241),(3847,1,5,142),(3848,0,18,169),(3849,0,13,303),(3850,1,4,275),(3851,0,2,229),(3852,1,11,141),(3853,0,5,5),(3854,1,5,367),(3855,0,10,168),(3856,1,19,385),(3857,0,11,149),(3858,0,8,62),(3859,0,9,286),(3860,0,14,171),(3861,1,5,186),(3862,0,5,150),(3863,1,14,169),(3864,0,7,418),(3865,1,9,44),(3866,1,8,118),(3867,1,2,214),(3868,1,5,346),(3869,0,11,74),(3870,0,16,359),(3871,1,8,273),(3872,1,18,185),(3873,1,17,36),(3874,1,5,368),(3875,0,20,194),(3876,1,2,264),(3877,1,13,298),(3878,0,4,319),(3879,1,15,286),(3880,1,4,293),(3881,0,8,100),(3882,0,18,87),(3883,1,17,347),(3884,0,18,277),(3885,0,9,368),(3886,0,9,127),(3887,1,12,121),(3888,1,3,194),(3889,1,19,41),(3890,0,8,41),(3891,1,17,206),(3892,1,17,109),(3893,0,17,122),(3894,1,20,391),(3895,0,8,27),(3896,0,15,333),(3897,0,1,4),(3898,0,9,5),(3899,1,7,291),(3900,1,1,112),(3901,1,2,92),(3902,1,6,176),(3903,1,7,97),(3904,0,7,374),(3905,1,7,8),(3906,1,16,121),(3907,1,13,26),(3908,0,12,351),(3909,1,5,69),(3910,0,7,274),(3911,1,4,345),(3912,1,9,52),(3913,0,13,99),(3914,0,17,410),(3915,1,6,139),(3916,1,17,214),(3917,1,15,370),(3918,0,12,332),(3919,0,4,165),(3920,0,6,20),(3921,0,13,156),(3922,0,8,316),(3923,1,14,169),(3924,1,2,411),(3925,0,20,300),(3926,0,17,111),(3927,1,18,137),(3928,1,13,250),(3929,1,2,357),(3930,0,12,139),(3931,1,1,207),(3932,0,20,346),(3933,1,1,150),(3934,0,6,346),(3935,0,15,191),(3936,1,6,202),(3937,0,15,363),(3938,1,8,276),(3939,1,17,251),(3940,1,14,406),(3941,1,13,294),(3942,1,13,88),(3943,1,7,319),(3944,0,14,362),(3945,1,2,107),(3946,1,7,16),(3947,0,18,207),(3948,1,12,284),(3949,0,10,184),(3950,1,12,190),(3951,0,7,419),(3952,0,3,5),(3953,0,5,163),(3954,0,7,162),(3955,1,10,1),(3956,0,7,43),(3957,0,5,218),(3958,1,3,200),(3959,1,7,410),(3960,1,12,409),(3961,0,17,112),(3962,0,12,293),(3963,1,10,349),(3964,0,7,183),(3965,1,1,399),(3966,0,10,22),(3967,1,6,184),(3968,1,5,86),(3969,1,13,148),(3970,1,7,400),(3971,0,8,120),(3972,1,4,43),(3973,0,18,86),(3974,1,10,194),(3975,1,9,359),(3976,0,5,392),(3977,0,2,232),(3978,0,7,71),(3979,0,3,209),(3980,1,17,120),(3981,0,20,368),(3982,1,7,417),(3983,0,18,171),(3984,0,6,117),(3985,1,19,203),(3986,1,3,83),(3987,0,10,22),(3988,0,12,275),(3989,0,10,17),(3990,1,8,161),(3991,1,19,357),(3992,0,17,387),(3993,0,15,229),(3994,0,16,84),(3995,0,8,122),(3996,1,13,299),(3997,1,11,249),(3998,1,3,340),(3999,1,18,342),(4000,0,6,21),(4001,1,13,114),(4002,0,14,78),(4003,0,7,25),(4004,0,17,205),(4005,1,11,322),(4006,1,11,345),(4007,0,20,94),(4008,1,13,161),(4009,0,15,240),(4010,0,3,179),(4011,1,5,10),(4012,1,20,43),(4013,0,19,403),(4014,0,7,100),(4015,0,3,261),(4016,1,5,122),(4017,1,19,403),(4018,0,10,172),(4019,1,15,365),(4020,1,11,249),(4021,1,9,24),(4022,0,8,217),(4023,0,16,351),(4024,1,9,69),(4025,0,17,393),(4026,0,13,397),(4027,0,13,1),(4028,0,13,21),(4029,1,2,362),(4030,1,5,22),(4031,0,10,275),(4032,0,13,275),(4033,1,9,294),(4034,0,8,122),(4035,0,16,156),(4036,0,14,272),(4037,0,4,89),(4038,0,18,238),(4039,1,20,329),(4040,0,17,307),(4041,0,15,177),(4042,0,8,38),(4043,1,4,197),(4044,0,7,167),(4045,1,10,359),(4046,1,13,309),(4047,1,5,199),(4048,1,5,121),(4049,0,16,208),(4050,0,10,386),(4051,1,17,95),(4052,0,4,79),(4053,0,17,208),(4054,0,17,2),(4055,0,13,320),(4056,0,15,344),(4057,1,17,338),(4058,0,6,199),(4059,0,4,195),(4060,0,7,131),(4061,1,4,355),(4062,0,8,62),(4063,1,5,389),(4064,0,15,14),(4065,1,18,185),(4066,1,12,271),(4067,1,19,52),(4068,1,4,98),(4069,1,18,172),(4070,1,9,20),(4071,0,15,37),(4072,0,2,317),(4073,1,9,90),(4074,0,9,149),(4075,1,4,107),(4076,1,20,68),(4077,0,16,81),(4078,0,2,169),(4079,1,3,57),(4080,1,4,305),(4081,0,14,273),(4082,1,4,3),(4083,0,6,246),(4084,0,2,271),(4085,0,1,89),(4086,1,13,38),(4087,1,3,191),(4088,1,16,73),(4089,0,11,149),(4090,1,11,129),(4091,1,11,73),(4092,1,3,321),(4093,1,1,320),(4094,1,16,287),(4095,0,17,353),(4096,1,15,302),(4097,1,16,237),(4098,0,19,323),(4099,0,10,144),(4100,0,14,155),(4101,0,4,178),(4102,1,6,31),(4103,1,14,371),(4104,0,11,252),(4105,0,12,309),(4106,1,12,152),(4107,0,8,331),(4108,0,11,378),(4109,1,12,392),(4110,0,14,17),(4111,0,10,14),(4112,0,13,287),(4113,1,9,159),(4114,1,17,289),(4115,0,20,127),(4116,0,3,109),(4117,0,17,419),(4118,0,7,90),(4119,1,13,216),(4120,0,10,313),(4121,0,4,418),(4122,0,3,273),(4123,1,11,135),(4124,1,1,76),(4125,0,15,41),(4126,1,13,141),(4127,1,15,231),(4128,0,9,288),(4129,0,20,419),(4130,1,11,288),(4131,0,13,325),(4132,1,6,365),(4133,0,17,112),(4134,1,20,285),(4135,1,6,111),(4136,1,19,240),(4137,1,5,417),(4138,1,8,184),(4139,1,4,46),(4140,1,19,58),(4141,1,13,196),(4142,0,6,235),(4143,0,19,394),(4144,0,8,15),(4145,0,15,236),(4146,1,1,342),(4147,1,5,164),(4148,0,4,262),(4149,0,7,77),(4150,1,19,141),(4151,1,9,168),(4152,1,5,222),(4153,1,2,225),(4154,1,18,214),(4155,1,14,397),(4156,1,20,316),(4157,0,17,132),(4158,0,10,343),(4159,1,18,263),(4160,0,10,336),(4161,0,9,361),(4162,0,16,341),(4163,0,18,157),(4164,1,1,27),(4165,0,11,144),(4166,1,8,341),(4167,1,10,292),(4168,0,17,372),(4169,0,14,265),(4170,0,5,377),(4171,1,1,343),(4172,1,7,60),(4173,1,19,420),(4174,0,14,53),(4175,0,8,98),(4176,0,1,295),(4177,0,7,373),(4178,0,15,252),(4179,0,1,332),(4180,1,11,321),(4181,1,20,415),(4182,0,8,6),(4183,0,9,217),(4184,0,2,282),(4185,1,11,370),(4186,0,19,397),(4187,1,19,349),(4188,1,9,113),(4189,1,18,100),(4190,1,16,79),(4191,0,7,293),(4192,0,20,33),(4193,0,8,289),(4194,0,4,207),(4195,0,19,351),(4196,0,18,277),(4197,0,12,237),(4198,0,19,342),(4199,0,15,91),(4200,0,18,107),(4201,0,13,160),(4202,1,6,46),(4203,0,15,71),(4204,0,1,281),(4205,0,13,349),(4206,0,3,52),(4207,1,12,5),(4208,1,9,242),(4209,0,5,403),(4210,0,9,26),(4211,1,20,317),(4212,1,4,48),(4213,1,11,46),(4214,0,13,335),(4215,0,7,304),(4216,1,19,180),(4217,1,5,211),(4218,1,16,49),(4219,1,9,126),(4220,0,6,6),(4221,0,3,48),(4222,0,4,62),(4223,0,14,28),(4224,1,12,83),(4225,0,2,114),(4226,0,18,219),(4227,0,16,383),(4228,0,3,55),(4229,1,2,78),(4230,1,2,335),(4231,0,4,301),(4232,1,2,251),(4233,1,1,231),(4234,1,1,185),(4235,1,12,367),(4236,0,13,188),(4237,0,10,298),(4238,1,15,175),(4239,0,8,6),(4240,0,4,104),(4241,1,20,410),(4242,1,5,321),(4243,0,12,230),(4244,0,17,179),(4245,0,8,217),(4246,1,15,6),(4247,0,4,285),(4248,0,3,130),(4249,1,1,7),(4250,1,9,185),(4251,0,18,229),(4252,1,9,417),(4253,1,13,333),(4254,1,12,111),(4255,1,16,53),(4256,0,4,364),(4257,0,7,143),(4258,0,15,134),(4259,1,20,256),(4260,0,15,105),(4261,0,8,93),(4262,1,13,123),(4263,1,19,160),(4264,1,7,350),(4265,1,6,32),(4266,0,14,385),(4267,0,6,231),(4268,0,11,176),(4269,1,13,217),(4270,1,1,255),(4271,0,8,310),(4272,0,11,418),(4273,1,10,400),(4274,1,3,41),(4275,1,11,245),(4276,1,17,291),(4277,0,4,12),(4278,1,1,89),(4279,1,4,315),(4280,1,16,246),(4281,1,14,5),(4282,0,19,180),(4283,0,15,38),(4284,1,14,17),(4285,0,17,137),(4286,1,6,140),(4287,0,19,283),(4288,1,15,310),(4289,1,17,143),(4290,1,3,43),(4291,0,9,117),(4292,0,1,37),(4293,0,7,316),(4294,1,6,110),(4295,1,4,59),(4296,0,17,256),(4297,0,13,147),(4298,1,11,310),(4299,1,14,398),(4300,0,6,290),(4301,1,17,162),(4302,1,12,158),(4303,1,7,363),(4304,1,10,243),(4305,1,5,150),(4306,1,19,307),(4307,1,1,210),(4308,1,4,59),(4309,0,7,55),(4310,0,4,279),(4311,0,13,80),(4312,0,2,400),(4313,0,5,390),(4314,0,1,196),(4315,0,12,364),(4316,1,15,328),(4317,1,10,349),(4318,1,2,409),(4319,0,6,84),(4320,1,5,219),(4321,0,2,401),(4322,1,9,276),(4323,0,10,135),(4324,0,6,395),(4325,1,11,319),(4326,1,8,344),(4327,1,1,233),(4328,1,2,416),(4329,0,13,354),(4330,1,15,165),(4331,0,16,148),(4332,1,14,168),(4333,0,9,202),(4334,1,13,412),(4335,0,6,386),(4336,1,13,33),(4337,1,6,336),(4338,0,8,390),(4339,0,10,355),(4340,1,13,58),(4341,1,4,29),(4342,1,1,399),(4343,0,7,199),(4344,1,3,108),(4345,0,19,349),(4346,0,2,193),(4347,1,11,372),(4348,1,4,244),(4349,0,17,208),(4350,1,6,27),(4351,1,18,181),(4352,1,8,69),(4353,1,17,337),(4354,1,4,368),(4355,1,13,204),(4356,1,3,323),(4357,0,6,83),(4358,0,16,122),(4359,1,1,258),(4360,1,8,91),(4361,0,2,236),(4362,0,13,247),(4363,0,4,74),(4364,0,16,284),(4365,0,19,352),(4366,1,19,36),(4367,1,14,258),(4368,0,3,241),(4369,0,7,205),(4370,0,19,52),(4371,0,20,246),(4372,0,15,261),(4373,0,9,198),(4374,1,3,123),(4375,1,8,175),(4376,0,10,412),(4377,0,12,133),(4378,0,8,417),(4379,0,5,77),(4380,0,1,125),(4381,0,15,97),(4382,0,1,261),(4383,0,4,237),(4384,1,5,202),(4385,0,10,31),(4386,1,18,345),(4387,1,20,61),(4388,1,1,299),(4389,1,12,355),(4390,1,16,136),(4391,0,15,376),(4392,0,4,353),(4393,0,15,380),(4394,0,14,219),(4395,0,18,242),(4396,0,13,16),(4397,0,18,87),(4398,0,5,394),(4399,0,20,385),(4400,0,15,247),(4401,0,6,380),(4402,1,15,279),(4403,0,12,73),(4404,1,17,362),(4405,1,4,122),(4406,0,15,269),(4407,0,16,220),(4408,1,16,33),(4409,0,17,359),(4410,0,17,267),(4411,1,16,88),(4412,0,1,198),(4413,0,18,199),(4414,0,13,249),(4415,0,6,32),(4416,1,17,224),(4417,0,8,158),(4418,0,4,233),(4419,1,3,31),(4420,1,13,201),(4421,0,7,372),(4422,0,4,414),(4423,1,1,409),(4424,0,6,31),(4425,0,18,420),(4426,0,8,135),(4427,0,2,218),(4428,0,7,267),(4429,0,3,67),(4430,0,14,356),(4431,0,12,337),(4432,0,13,194),(4433,1,10,104),(4434,1,5,23),(4435,0,14,339),(4436,1,11,106),(4437,0,4,133),(4438,0,4,417),(4439,0,1,82),(4440,1,19,8),(4441,1,17,38),(4442,0,7,89),(4443,0,3,266),(4444,0,1,85),(4445,1,6,413),(4446,1,7,109),(4447,0,12,225),(4448,0,6,299),(4449,1,4,130),(4450,1,19,418),(4451,1,2,163),(4452,0,16,220),(4453,0,14,269),(4454,0,10,84),(4455,0,7,67),(4456,0,7,335),(4457,1,11,241),(4458,1,5,352),(4459,1,16,252),(4460,1,15,56),(4461,0,19,264),(4462,0,7,254),(4463,1,1,303),(4464,0,14,403),(4465,0,10,88),(4466,1,20,297),(4467,0,13,129),(4468,1,16,23),(4469,1,17,288),(4470,0,8,13),(4471,0,8,20),(4472,1,5,158),(4473,1,13,277),(4474,0,17,34),(4475,1,5,83),(4476,1,11,336),(4477,0,20,232),(4478,1,16,368),(4479,1,4,95),(4480,0,20,95),(4481,0,16,55),(4482,0,10,314),(4483,1,18,296),(4484,0,19,405),(4485,0,16,357),(4486,1,16,323),(4487,1,9,266),(4488,0,6,248),(4489,1,17,306),(4490,0,19,397),(4491,0,11,361),(4492,0,12,416),(4493,1,2,42),(4494,0,20,80),(4495,1,18,117),(4496,1,12,16),(4497,0,11,283),(4498,0,8,205),(4499,0,1,109),(4500,1,4,368),(4501,1,20,68),(4502,1,18,19),(4503,0,20,37),(4504,1,9,84),(4505,0,16,249),(4506,0,15,185),(4507,0,20,185),(4508,1,2,119),(4509,0,8,30),(4510,1,10,135),(4511,0,3,28),(4512,0,8,290),(4513,1,4,322),(4514,0,15,151),(4515,1,9,262),(4516,0,9,94),(4517,1,7,106),(4518,1,5,253),(4519,1,19,14),(4520,1,3,18),(4521,1,19,123),(4522,0,1,391),(4523,0,19,54),(4524,1,7,299),(4525,1,19,386),(4526,0,3,416),(4527,0,3,339),(4528,1,9,111),(4529,1,5,335),(4530,1,4,221),(4531,1,3,211),(4532,1,19,235),(4533,1,17,229),(4534,0,4,415),(4535,0,19,34),(4536,1,5,18),(4537,0,1,85),(4538,0,10,368),(4539,1,15,290),(4540,1,15,98),(4541,0,7,28),(4542,0,20,302),(4543,0,8,244),(4544,1,14,190),(4545,0,10,372),(4546,1,9,213),(4547,1,6,68),(4548,1,18,29),(4549,0,13,57),(4550,1,19,156),(4551,1,17,224),(4552,0,15,199),(4553,1,3,189),(4554,1,20,378),(4555,1,2,233),(4556,1,18,142),(4557,0,9,353),(4558,1,4,164),(4559,0,1,145),(4560,1,12,21),(4561,1,19,411),(4562,0,6,80),(4563,0,12,146),(4564,1,10,33),(4565,0,19,154),(4566,1,7,74),(4567,1,20,169),(4568,0,11,85),(4569,0,5,298),(4570,1,3,115),(4571,1,17,223),(4572,0,17,398),(4573,0,5,136),(4574,0,11,287),(4575,1,1,307),(4576,0,4,415),(4577,1,3,62),(4578,1,6,374),(4579,1,7,132),(4580,1,18,172),(4581,0,12,337),(4582,1,4,152),(4583,0,2,129),(4584,0,18,15),(4585,0,19,264),(4586,1,18,202),(4587,0,9,95),(4588,0,19,203),(4589,1,16,61),(4590,1,6,202),(4591,1,9,294),(4592,1,13,397),(4593,1,10,290),(4594,0,3,3),(4595,1,9,113),(4596,0,15,99),(4597,1,4,264),(4598,0,1,293),(4599,1,10,1),(4600,1,10,2),(4601,1,6,213),(4602,0,18,201),(4603,0,10,133),(4604,0,12,162),(4605,0,11,146),(4606,0,1,117),(4607,1,13,201),(4608,0,13,148),(4609,0,12,64),(4610,1,2,123),(4611,0,18,251),(4612,0,1,321),(4613,1,18,285),(4614,0,5,256),(4615,0,2,232),(4616,1,8,223),(4617,0,9,376),(4618,1,3,111),(4619,0,11,294),(4620,1,1,94),(4621,0,18,252),(4622,1,1,405),(4623,0,3,336),(4624,0,19,226),(4625,0,5,193),(4626,1,13,358),(4627,0,5,220),(4628,1,12,157),(4629,1,18,299),(4630,0,3,387),(4631,1,3,354),(4632,0,16,155),(4633,1,6,167),(4634,0,13,77),(4635,0,15,151),(4636,0,8,247),(4637,1,7,6),(4638,0,14,224),(4639,0,17,366),(4640,1,19,312),(4641,1,2,136),(4642,1,7,22),(4643,1,8,245),(4644,0,3,142),(4645,0,20,26),(4646,1,1,328),(4647,1,13,99),(4648,0,9,94),(4649,0,2,329),(4650,1,16,292),(4651,1,4,377),(4652,0,2,365),(4653,1,19,329),(4654,0,2,325),(4655,0,9,272),(4656,1,10,249),(4657,1,10,409),(4658,1,14,139),(4659,0,20,59),(4660,0,1,211),(4661,1,19,364),(4662,1,9,229),(4663,0,1,6),(4664,1,3,64),(4665,1,16,267),(4666,1,8,352),(4667,0,4,139),(4668,1,7,102),(4669,1,11,209),(4670,0,15,250),(4671,0,5,61),(4672,1,15,129),(4673,1,16,152),(4674,1,20,140),(4675,0,7,108),(4676,0,14,199),(4677,0,18,138),(4678,1,15,35),(4679,1,11,400),(4680,0,16,393),(4681,1,2,415),(4682,0,20,327),(4683,0,12,106),(4684,1,8,217),(4685,0,12,314),(4686,0,15,300),(4687,1,7,348),(4688,0,14,203),(4689,0,4,320),(4690,0,10,238),(4691,0,7,180),(4692,1,4,235),(4693,0,18,98),(4694,1,16,96),(4695,0,6,213),(4696,0,19,187),(4697,0,19,116),(4698,0,10,390),(4699,0,15,160),(4700,1,16,149),(4701,1,11,58),(4702,0,1,311),(4703,1,1,306),(4704,0,2,187),(4705,1,13,187),(4706,1,15,309),(4707,0,7,409),(4708,0,19,107),(4709,1,13,323),(4710,1,6,199),(4711,1,16,406),(4712,1,13,81),(4713,1,13,8),(4714,0,2,315),(4715,1,3,220),(4716,0,4,245),(4717,0,20,222),(4718,0,17,128),(4719,0,1,146),(4720,1,14,75),(4721,0,8,40),(4722,0,10,269),(4723,0,16,81),(4724,0,12,228),(4725,1,20,108),(4726,0,8,229),(4727,1,20,279),(4728,1,4,248),(4729,0,15,57),(4730,0,3,358),(4731,1,17,322),(4732,1,7,194),(4733,0,8,91),(4734,1,6,203),(4735,0,17,92),(4736,0,17,90),(4737,1,9,73),(4738,1,8,118),(4739,0,12,206),(4740,0,1,137),(4741,1,7,284),(4742,1,6,377),(4743,1,12,141),(4744,1,15,217),(4745,0,17,418),(4746,1,12,382),(4747,1,19,106),(4748,1,4,291),(4749,1,10,316),(4750,0,14,164),(4751,1,10,119),(4752,1,18,390),(4753,0,10,165),(4754,1,4,52),(4755,0,3,377),(4756,0,13,394),(4757,0,14,385),(4758,0,7,295),(4759,0,8,309),(4760,0,5,56),(4761,0,18,206),(4762,0,15,11),(4763,0,4,136),(4764,0,16,3),(4765,1,12,199),(4766,0,19,156),(4767,1,14,12),(4768,0,10,54),(4769,1,19,86),(4770,1,17,248),(4771,1,6,69),(4772,1,11,252),(4773,0,4,283),(4774,0,10,9),(4775,1,15,159),(4776,0,13,276),(4777,1,6,19),(4778,1,17,388),(4779,0,17,408),(4780,0,19,5),(4781,0,19,167),(4782,0,5,30),(4783,0,6,140),(4784,0,20,87),(4785,1,9,158),(4786,0,3,368),(4787,0,17,345),(4788,1,4,39),(4789,1,18,65),(4790,1,15,190),(4791,0,16,391),(4792,1,12,201),(4793,0,6,100),(4794,1,12,133),(4795,0,11,389),(4796,0,11,293),(4797,0,10,206),(4798,1,9,72),(4799,1,8,66),(4800,1,11,316),(4801,0,5,188),(4802,1,9,372),(4803,1,13,232),(4804,0,3,369),(4805,0,10,89),(4806,0,13,355),(4807,1,17,325),(4808,1,7,294),(4809,1,14,191),(4810,0,2,290),(4811,0,19,33),(4812,1,13,193),(4813,0,13,299),(4814,0,9,153),(4815,0,18,232),(4816,1,3,261),(4817,1,7,380),(4818,0,10,93),(4819,0,20,383),(4820,1,9,309),(4821,0,7,170),(4822,1,3,414),(4823,0,15,233),(4824,1,16,359),(4825,0,14,199),(4826,1,15,70),(4827,1,10,58),(4828,0,16,410),(4829,0,19,358),(4830,1,4,176),(4831,1,1,306),(4832,1,1,340),(4833,0,1,145),(4834,0,8,351),(4835,0,6,288),(4836,1,8,64),(4837,1,13,362),(4838,0,13,95),(4839,1,10,99),(4840,1,3,302),(4841,0,2,300),(4842,1,15,28),(4843,1,16,88),(4844,0,3,145),(4845,1,16,176),(4846,1,7,88),(4847,0,18,83),(4848,0,4,345),(4849,0,5,41),(4850,1,12,249),(4851,1,15,296),(4852,1,1,308),(4853,0,17,83),(4854,1,18,100),(4855,1,15,122),(4856,1,12,289),(4857,1,6,296),(4858,1,17,114),(4859,0,9,163),(4860,0,7,351),(4861,0,18,355),(4862,1,16,25),(4863,1,7,206),(4864,0,13,140),(4865,1,15,326),(4866,0,13,346),(4867,0,8,278),(4868,1,19,104),(4869,1,19,101),(4870,0,1,207),(4871,0,11,142),(4872,1,5,65),(4873,0,15,331),(4874,1,19,23),(4875,0,3,77),(4876,0,10,107),(4877,1,7,38),(4878,0,16,59),(4879,0,7,291),(4880,1,16,141),(4881,1,7,212),(4882,1,19,43),(4883,0,15,63),(4884,0,12,222),(4885,0,20,56),(4886,1,13,15),(4887,0,14,203),(4888,1,4,184),(4889,0,15,182),(4890,1,17,42),(4891,1,9,264),(4892,0,1,223),(4893,0,8,360),(4894,1,12,70),(4895,0,4,312),(4896,1,1,198),(4897,1,2,17),(4898,1,10,99),(4899,0,12,52),(4900,0,4,69),(4901,0,14,339),(4902,0,8,29),(4903,1,4,306),(4904,1,3,225),(4905,1,13,65),(4906,1,2,21),(4907,1,6,372),(4908,1,1,350),(4909,1,10,393),(4910,1,15,317),(4911,0,13,199),(4912,1,7,88),(4913,0,9,249),(4914,0,6,267),(4915,0,19,164),(4916,1,8,198),(4917,1,9,174),(4918,1,13,398),(4919,0,15,371),(4920,0,18,236),(4921,0,15,181),(4922,0,15,24),(4923,1,8,152),(4924,0,5,219),(4925,0,17,276),(4926,1,4,65),(4927,1,11,381),(4928,0,19,415),(4929,0,10,211),(4930,0,14,164),(4931,1,12,21),(4932,1,8,209),(4933,1,16,165),(4934,0,16,116),(4935,1,8,57),(4936,1,12,389),(4937,1,14,162),(4938,0,11,29),(4939,1,2,194),(4940,1,19,228),(4941,1,20,371),(4942,1,2,229),(4943,0,17,98),(4944,0,16,252),(4945,1,14,126),(4946,1,8,149),(4947,1,3,186),(4948,0,5,209),(4949,1,6,198),(4950,1,7,50),(4951,0,3,338),(4952,0,7,276),(4953,0,12,388),(4954,1,6,118),(4955,1,6,343),(4956,0,9,202),(4957,0,19,361),(4958,0,18,245),(4959,0,1,185),(4960,1,16,71),(4961,1,8,200),(4962,0,8,14),(4963,1,7,102),(4964,0,11,87),(4965,1,9,215),(4966,1,16,109),(4967,0,12,88),(4968,1,11,386),(4969,0,15,286),(4970,0,2,30),(4971,0,1,215),(4972,1,2,414),(4973,1,8,153),(4974,0,8,230),(4975,0,18,324),(4976,1,9,291),(4977,0,8,158),(4978,0,9,199),(4979,1,3,48),(4980,0,13,311),(4981,1,3,336),(4982,0,14,86),(4983,0,7,167),(4984,1,4,169),(4985,1,12,18),(4986,0,15,282),(4987,1,4,213),(4988,0,9,85),(4989,0,20,203),(4990,1,12,46),(4991,1,16,317),(4992,0,8,107),(4993,1,8,3),(4994,0,13,387),(4995,0,20,65),(4996,1,14,122),(4997,0,3,392),(4998,0,4,315),(4999,1,7,229),(5000,0,10,66),(5001,1,8,303),(5002,0,7,232),(5003,0,1,264),(5004,0,1,354),(5005,0,16,319),(5006,1,12,258),(5007,0,8,181),(5008,0,16,353),(5009,1,8,74),(5010,0,7,289),(5011,1,6,8),(5012,1,6,21),(5013,0,8,289),(5014,0,9,297),(5015,0,8,122),(5016,0,17,43),(5017,1,9,295),(5018,1,20,276),(5019,0,6,325),(5020,0,7,263),(5021,1,10,107),(5022,1,11,306),(5023,0,6,317),(5024,1,8,108),(5025,1,1,69),(5026,1,5,344),(5027,1,10,54),(5028,1,5,143),(5029,0,10,122),(5030,0,4,192),(5031,0,16,100),(5032,1,3,206),(5033,0,5,104),(5034,0,10,91),(5035,0,16,76),(5036,0,10,305),(5037,0,5,277),(5038,1,2,124),(5039,1,20,57),(5040,1,7,357),(5041,1,5,51),(5042,0,13,150),(5043,0,15,88),(5044,1,12,197),(5045,1,20,228),(5046,0,19,70),(5047,0,2,352),(5048,0,8,5),(5049,1,20,59),(5050,0,6,224),(5051,0,4,154),(5052,1,16,33),(5053,0,1,80),(5054,1,18,301),(5055,1,3,414),(5056,1,4,94),(5057,0,2,307),(5058,1,8,103),(5059,1,14,374),(5060,1,16,404),(5061,1,15,179),(5062,0,20,111),(5063,0,11,150),(5064,1,3,16),(5065,0,10,211),(5066,0,5,45),(5067,1,3,355),(5068,0,9,126),(5069,0,2,317),(5070,0,2,299),(5071,0,10,97),(5072,0,13,233),(5073,1,9,232),(5074,1,16,351),(5075,0,17,31),(5076,0,15,380),(5077,1,14,307),(5078,0,18,263),(5079,0,14,115),(5080,1,6,164),(5081,1,17,356),(5082,1,10,129),(5083,0,7,330),(5084,1,15,273),(5085,1,17,395),(5086,1,9,187),(5087,1,7,140),(5088,0,19,341),(5089,0,1,332),(5090,0,4,311),(5091,1,1,337),(5092,0,7,77),(5093,1,8,168),(5094,1,20,40),(5095,0,3,9),(5096,1,18,96),(5097,1,5,41),(5098,0,18,77),(5099,1,2,323),(5100,1,5,192),(5101,1,14,264),(5102,1,10,175),(5103,0,17,77),(5104,0,19,369),(5105,0,5,106),(5106,1,2,314),(5107,1,3,73),(5108,0,19,331),(5109,0,7,323),(5110,0,11,258),(5111,0,10,371),(5112,1,10,289),(5113,1,5,91),(5114,1,17,241),(5115,1,5,65),(5116,0,4,361),(5117,1,4,42),(5118,0,13,363),(5119,1,10,240),(5120,1,7,319),(5121,0,7,290),(5122,0,17,4),(5123,0,12,179),(5124,1,15,406),(5125,0,7,18),(5126,1,4,4),(5127,1,17,385),(5128,0,6,288),(5129,0,6,178),(5130,1,2,232),(5131,1,1,128),(5132,0,14,383),(5133,0,15,5),(5134,0,8,386),(5135,0,13,224),(5136,1,10,331),(5137,1,3,71),(5138,0,11,87),(5139,0,8,400),(5140,1,3,386),(5141,0,7,80),(5142,1,7,248),(5143,0,13,219),(5144,1,18,353),(5145,1,12,51),(5146,1,20,215),(5147,1,5,311),(5148,1,5,27),(5149,0,2,289),(5150,1,13,242),(5151,1,13,176),(5152,1,7,276),(5153,0,11,98),(5154,0,10,50),(5155,1,14,136),(5156,1,13,402),(5157,0,12,55),(5158,1,14,118),(5159,1,8,42),(5160,0,1,353),(5161,1,15,108),(5162,0,1,182),(5163,0,10,138),(5164,0,10,209),(5165,0,19,140),(5166,1,12,337),(5167,1,8,232),(5168,1,7,293),(5169,1,14,253),(5170,0,20,285),(5171,1,19,236),(5172,1,18,177),(5173,0,2,9),(5174,0,13,80),(5175,1,12,247),(5176,0,19,124),(5177,0,11,66),(5178,0,11,228),(5179,1,8,313),(5180,0,8,239),(5181,0,13,416),(5182,1,8,370),(5183,1,18,150),(5184,0,16,304),(5185,1,7,97),(5186,1,10,114),(5187,1,18,218),(5188,1,3,388),(5189,1,4,340),(5190,0,1,250),(5191,0,8,229),(5192,0,10,264),(5193,0,8,43),(5194,1,4,133),(5195,1,13,87),(5196,1,19,328),(5197,0,4,105),(5198,0,8,234),(5199,0,17,335),(5200,0,15,115),(5201,1,12,37),(5202,0,20,50),(5203,1,1,385),(5204,1,2,24),(5205,0,1,342),(5206,0,6,364),(5207,0,5,233),(5208,0,8,126),(5209,1,7,337),(5210,0,4,206),(5211,0,3,269),(5212,0,3,58),(5213,0,10,296),(5214,1,10,182),(5215,0,7,389),(5216,1,14,136),(5217,0,11,242),(5218,0,12,136),(5219,1,1,133),(5220,1,3,199),(5221,0,18,241),(5222,0,13,310),(5223,0,19,41),(5224,0,4,39),(5225,1,10,158),(5226,1,5,5),(5227,1,4,224),(5228,0,1,357),(5229,1,7,57),(5230,0,4,51),(5231,0,12,284),(5232,0,3,114),(5233,0,5,134),(5234,1,1,400),(5235,1,15,241),(5236,1,10,273),(5237,0,3,208),(5238,0,19,237),(5239,0,12,384),(5240,1,16,171),(5241,1,15,23),(5242,0,7,411),(5243,0,2,157),(5244,0,10,27),(5245,1,18,243),(5246,0,13,3),(5247,1,7,333),(5248,0,18,337),(5249,0,4,174),(5250,1,16,60),(5251,1,10,290),(5252,1,12,269),(5253,0,20,381),(5254,0,13,21),(5255,1,13,195),(5256,1,2,27),(5257,0,4,48),(5258,0,16,298),(5259,0,5,53),(5260,0,10,131),(5261,1,18,297),(5262,0,11,183),(5263,1,12,259),(5264,1,6,362),(5265,0,12,1),(5266,0,18,30),(5267,0,20,147),(5268,0,9,187),(5269,1,8,316),(5270,1,1,187),(5271,0,15,305),(5272,0,8,153),(5273,1,4,62),(5274,1,5,76),(5275,0,12,123),(5276,0,15,291),(5277,0,3,47),(5278,1,15,56),(5279,1,6,215),(5280,0,4,12),(5281,1,10,105),(5282,0,1,309),(5283,0,14,138),(5284,0,20,87),(5285,0,2,149),(5286,1,10,282),(5287,0,6,358),(5288,0,20,99),(5289,0,14,371),(5290,1,19,132),(5291,1,6,64),(5292,0,12,419),(5293,1,3,396),(5294,0,13,275),(5295,1,19,318),(5296,0,14,82),(5297,1,2,319),(5298,1,3,413),(5299,0,4,416),(5300,0,5,395),(5301,0,20,160),(5302,0,19,133),(5303,1,18,369),(5304,0,9,239),(5305,1,8,381),(5306,0,20,390),(5307,1,7,32),(5308,1,5,335),(5309,1,16,192),(5310,0,17,417),(5311,1,13,110),(5312,0,10,281),(5313,0,17,400),(5314,1,19,74),(5315,1,15,238),(5316,1,16,296),(5317,1,3,35),(5318,0,12,215),(5319,1,3,340),(5320,0,10,110),(5321,1,10,258),(5322,1,17,296),(5323,0,8,102),(5324,0,5,62),(5325,0,11,334),(5326,1,11,383),(5327,1,2,281),(5328,1,2,98),(5329,1,2,221),(5330,0,9,102),(5331,0,18,154),(5332,0,15,295),(5333,1,11,352),(5334,1,1,20),(5335,0,6,136),(5336,0,2,181),(5337,1,3,125),(5338,1,18,155),(5339,0,13,214),(5340,1,6,113),(5341,0,17,135),(5342,0,12,284),(5343,1,1,180),(5344,1,20,167),(5345,1,16,54),(5346,1,19,342),(5347,0,18,332),(5348,1,3,214),(5349,0,17,169),(5350,0,12,207),(5351,0,17,145),(5352,0,1,202),(5353,1,8,38),(5354,0,15,392),(5355,1,6,405),(5356,0,14,115),(5357,0,11,320),(5358,1,11,274),(5359,1,11,95),(5360,0,20,301),(5361,1,17,99),(5362,1,6,109),(5363,0,6,189),(5364,1,2,3),(5365,1,15,208),(5366,1,18,299),(5367,1,15,189),(5368,1,2,54),(5369,1,9,317),(5370,1,15,138),(5371,0,3,241),(5372,0,8,402),(5373,0,8,260),(5374,1,9,57),(5375,1,12,282),(5376,0,16,144),(5377,0,16,54),(5378,1,4,132),(5379,1,5,279),(5380,1,15,278),(5381,0,7,122),(5382,1,17,367),(5383,0,18,53),(5384,0,14,86),(5385,1,17,229),(5386,1,12,325),(5387,0,11,168),(5388,1,6,20),(5389,1,20,264),(5390,1,7,2),(5391,1,20,167),(5392,1,7,148),(5393,1,12,251),(5394,1,15,12),(5395,1,3,401),(5396,0,1,244),(5397,0,14,360),(5398,0,18,76),(5399,1,17,18),(5400,1,3,212),(5401,0,19,172),(5402,1,12,95),(5403,0,11,302),(5404,1,17,398),(5405,1,6,291),(5406,1,3,192),(5407,1,10,390),(5408,0,11,221),(5409,0,5,68),(5410,1,18,17),(5411,1,9,401),(5412,1,6,131),(5413,0,15,122),(5414,1,1,207),(5415,1,2,211),(5416,1,6,193),(5417,0,16,170),(5418,1,3,24),(5419,1,20,320),(5420,0,11,26),(5421,1,6,144),(5422,0,4,116),(5423,1,9,155),(5424,1,14,321),(5425,0,19,314),(5426,1,20,329),(5427,0,7,410),(5428,0,14,76),(5429,1,19,7),(5430,0,17,398),(5431,1,8,225),(5432,0,20,392),(5433,0,11,70),(5434,0,13,144),(5435,0,17,22),(5436,0,3,241),(5437,1,20,273),(5438,1,17,162),(5439,0,2,46),(5440,1,9,61),(5441,1,4,152),(5442,1,16,355),(5443,0,18,378),(5444,0,8,11),(5445,0,16,251),(5446,1,7,60),(5447,1,2,144),(5448,0,5,115),(5449,1,13,106),(5450,1,12,9),(5451,1,13,94),(5452,0,11,254),(5453,1,14,404),(5454,0,13,151),(5455,0,3,27),(5456,0,1,138),(5457,0,16,131),(5458,1,2,223),(5459,1,10,150),(5460,0,9,162),(5461,1,8,69),(5462,1,10,120),(5463,1,11,363),(5464,1,20,104),(5465,0,10,357),(5466,1,16,57),(5467,1,12,395),(5468,0,10,117),(5469,1,12,41),(5470,1,17,7),(5471,1,7,418),(5472,0,15,188),(5473,1,7,231),(5474,0,9,297),(5475,0,11,221),(5476,0,16,366),(5477,0,5,67),(5478,1,9,361),(5479,0,16,156),(5480,1,12,410),(5481,1,19,179),(5482,0,9,100),(5483,1,15,279),(5484,0,7,392),(5485,1,15,107),(5486,1,8,408),(5487,0,10,306),(5488,0,2,381),(5489,1,13,90),(5490,0,10,119),(5491,0,17,258),(5492,0,14,76),(5493,1,11,122),(5494,1,15,369),(5495,1,15,310),(5496,0,17,256),(5497,1,6,326),(5498,0,17,100),(5499,1,1,203),(5500,0,14,323),(5501,1,10,184),(5502,1,9,4),(5503,1,7,185),(5504,1,18,290),(5505,0,6,350),(5506,0,6,75),(5507,0,5,418),(5508,1,16,332),(5509,1,5,373),(5510,0,11,392),(5511,1,9,15),(5512,0,2,296),(5513,0,4,289),(5514,1,13,292),(5515,1,20,266),(5516,0,10,366),(5517,0,1,130),(5518,0,1,76),(5519,1,1,340),(5520,1,6,351),(5521,0,19,349),(5522,0,6,192),(5523,1,8,299),(5524,1,8,219),(5525,0,4,217),(5526,1,14,9),(5527,0,9,243),(5528,0,16,371),(5529,1,2,183),(5530,0,4,18),(5531,1,5,382),(5532,0,12,193),(5533,0,6,410),(5534,0,19,417),(5535,1,1,217),(5536,0,5,285),(5537,0,20,132),(5538,1,16,334),(5539,1,9,227),(5540,0,2,323),(5541,0,15,300),(5542,0,15,53),(5543,0,16,332),(5544,1,15,293),(5545,1,17,60),(5546,0,16,163),(5547,1,8,147),(5548,1,16,316),(5549,1,7,395),(5550,1,6,26),(5551,1,12,329),(5552,0,8,99),(5553,0,19,311),(5554,1,4,148),(5555,0,4,218),(5556,0,1,386),(5557,0,3,201),(5558,1,8,239),(5559,1,19,280),(5560,0,5,135),(5561,0,8,258),(5562,0,15,334),(5563,0,9,417),(5564,0,2,11),(5565,0,9,143),(5566,0,20,91),(5567,0,8,114),(5568,0,15,353),(5569,0,16,133),(5570,1,15,318),(5571,1,5,108),(5572,0,15,183),(5573,1,19,131),(5574,1,18,198),(5575,1,4,125),(5576,0,6,386),(5577,1,20,349),(5578,0,4,126),(5579,1,8,318),(5580,0,11,334),(5581,0,12,162),(5582,0,14,1),(5583,1,3,294),(5584,0,12,100),(5585,0,5,400),(5586,1,18,379),(5587,0,3,16),(5588,0,1,191),(5589,0,12,350),(5590,1,19,309),(5591,1,5,245),(5592,0,12,384),(5593,0,2,57),(5594,0,9,208),(5595,1,16,299),(5596,0,12,290),(5597,1,6,148),(5598,0,6,191),(5599,0,10,115),(5600,1,16,119),(5601,0,18,382),(5602,1,20,170),(5603,0,13,107),(5604,0,15,400),(5605,1,6,353),(5606,1,1,377),(5607,1,2,110),(5608,1,14,81),(5609,1,13,82),(5610,0,3,30),(5611,0,6,9),(5612,1,20,130),(5613,0,7,378),(5614,1,11,124),(5615,0,10,209),(5616,1,9,74),(5617,0,15,141),(5618,1,1,308),(5619,1,8,221),(5620,1,14,408),(5621,1,11,20),(5622,1,18,378),(5623,1,5,354),(5624,1,19,213),(5625,1,15,73),(5626,1,1,109),(5627,1,5,259),(5628,0,3,327),(5629,1,17,236),(5630,0,14,252),(5631,0,6,397),(5632,1,8,377),(5633,1,20,111),(5634,0,4,170),(5635,0,2,308),(5636,0,6,250),(5637,0,9,173),(5638,0,6,205),(5639,1,18,82),(5640,1,16,119),(5641,0,7,410),(5642,1,16,396),(5643,0,6,11),(5644,1,4,215),(5645,1,6,374),(5646,0,5,93),(5647,1,1,347),(5648,1,20,217),(5649,1,2,139),(5650,0,17,245),(5651,1,18,253),(5652,1,19,127),(5653,0,17,414),(5654,1,5,291),(5655,1,20,149),(5656,1,12,379),(5657,1,15,31),(5658,1,16,286),(5659,1,11,320),(5660,1,2,168),(5661,0,16,403),(5662,1,13,108),(5663,1,17,335),(5664,0,16,358),(5665,1,6,323),(5666,0,14,72),(5667,0,3,187),(5668,0,5,311),(5669,0,11,292),(5670,0,10,237),(5671,1,18,254),(5672,0,5,409),(5673,1,4,40),(5674,1,6,252),(5675,0,17,337),(5676,0,19,22),(5677,0,18,278),(5678,1,4,206),(5679,1,10,197),(5680,0,2,148),(5681,1,10,126),(5682,0,4,83),(5683,1,20,232),(5684,1,3,338),(5685,1,4,115),(5686,1,19,390),(5687,0,12,258),(5688,1,16,54),(5689,0,5,49),(5690,1,8,88),(5691,1,18,242),(5692,0,18,1),(5693,1,12,48),(5694,1,5,20),(5695,0,12,385),(5696,1,1,219),(5697,0,13,255),(5698,0,8,31),(5699,1,4,87),(5700,0,20,257),(5701,1,3,104),(5702,0,19,380),(5703,1,15,416),(5704,0,15,115),(5705,0,20,248),(5706,0,20,180),(5707,0,2,106),(5708,0,14,250),(5709,0,14,10),(5710,1,18,45),(5711,1,16,21),(5712,0,16,281),(5713,1,7,178),(5714,0,1,79),(5715,1,3,416),(5716,1,7,300),(5717,1,9,20),(5718,0,8,54),(5719,0,10,55),(5720,0,19,327),(5721,1,3,157),(5722,0,6,312),(5723,0,17,24),(5724,0,3,285),(5725,1,5,204),(5726,0,1,110),(5727,0,4,379),(5728,0,20,275),(5729,0,19,119),(5730,0,6,244),(5731,1,5,43),(5732,1,13,357),(5733,1,2,359),(5734,1,1,167),(5735,1,20,56),(5736,0,11,109),(5737,1,16,400),(5738,1,14,318),(5739,0,18,15),(5740,0,1,375),(5741,0,18,157),(5742,0,6,264),(5743,0,9,419),(5744,1,20,17),(5745,1,2,394),(5746,0,6,146),(5747,0,18,43),(5748,0,17,271),(5749,0,15,233),(5750,1,18,39),(5751,0,4,280),(5752,1,20,151),(5753,0,11,50),(5754,0,10,13),(5755,0,7,326),(5756,1,6,103),(5757,1,17,124),(5758,0,11,18),(5759,0,8,168),(5760,0,10,62),(5761,0,13,178),(5762,1,13,272),(5763,0,17,21),(5764,0,10,54),(5765,0,12,303),(5766,0,1,247),(5767,1,4,135),(5768,1,13,418),(5769,1,20,211),(5770,0,14,274),(5771,0,8,202),(5772,0,5,357),(5773,1,3,212),(5774,1,13,26),(5775,1,7,90),(5776,0,19,130),(5777,1,16,331),(5778,0,10,308),(5779,1,20,296),(5780,0,12,113),(5781,1,2,109),(5782,0,13,369),(5783,1,3,288),(5784,0,7,404),(5785,0,8,120),(5786,0,11,28),(5787,0,13,273),(5788,0,18,297),(5789,0,5,298),(5790,0,8,402),(5791,1,12,400),(5792,0,12,416),(5793,1,20,158),(5794,0,2,399),(5795,0,19,216),(5796,1,18,332),(5797,0,1,227),(5798,1,18,84),(5799,1,20,366),(5800,0,3,188),(5801,0,15,393),(5802,1,11,180),(5803,1,6,330),(5804,0,3,217),(5805,1,13,174),(5806,0,13,57),(5807,1,11,220),(5808,1,10,52),(5809,0,6,235),(5810,0,11,232),(5811,1,10,206),(5812,1,13,402),(5813,0,9,218),(5814,0,13,270),(5815,1,6,199),(5816,0,19,264),(5817,0,3,168),(5818,0,12,269),(5819,0,17,29),(5820,0,11,207),(5821,1,14,91),(5822,0,6,232),(5823,0,18,239),(5824,0,3,93),(5825,0,5,271),(5826,1,9,111),(5827,0,4,281),(5828,0,18,254),(5829,1,16,6),(5830,1,4,248),(5831,0,3,347),(5832,0,4,140),(5833,1,5,285),(5834,0,2,368),(5835,1,14,332),(5836,0,1,420),(5837,1,12,286),(5838,1,15,107),(5839,0,1,213),(5840,0,15,353),(5841,0,13,350),(5842,1,11,332),(5843,0,3,45),(5844,1,8,237),(5845,1,3,211),(5846,1,17,277),(5847,0,6,44),(5848,0,5,379),(5849,1,14,294),(5850,1,19,357),(5851,1,5,37),(5852,1,20,148),(5853,1,17,53),(5854,1,2,382),(5855,1,17,88),(5856,0,14,418),(5857,1,10,153),(5858,1,8,261),(5859,1,20,397),(5860,0,5,371),(5861,0,1,401),(5862,0,19,393),(5863,1,12,349),(5864,0,5,254),(5865,1,8,190),(5866,1,9,239),(5867,1,8,355),(5868,1,10,74),(5869,0,3,268),(5870,0,10,359),(5871,1,2,408),(5872,0,20,263),(5873,0,9,113),(5874,1,9,289),(5875,0,12,298),(5876,0,13,308),(5877,1,8,262),(5878,1,16,4),(5879,1,8,320),(5880,1,8,103),(5881,1,12,336),(5882,1,16,8),(5883,0,19,88),(5884,0,8,234),(5885,1,15,331),(5886,1,13,392),(5887,0,13,105),(5888,0,12,108),(5889,0,7,254),(5890,0,6,371),(5891,0,9,176),(5892,0,3,127),(5893,0,11,365),(5894,1,4,212),(5895,1,14,407),(5896,1,16,172),(5897,0,15,324),(5898,1,6,385),(5899,1,7,315),(5900,0,15,343),(5901,1,2,60),(5902,0,19,67),(5903,0,19,69),(5904,0,11,397),(5905,0,9,175),(5906,0,7,353),(5907,1,7,42),(5908,0,8,174),(5909,1,10,375),(5910,1,4,12),(5911,0,13,260),(5912,0,19,177),(5913,0,14,261),(5914,1,7,97),(5915,0,19,112),(5916,1,14,15),(5917,1,11,409),(5918,0,5,230),(5919,0,7,95),(5920,0,7,380),(5921,1,12,221),(5922,1,19,359),(5923,1,1,210),(5924,1,19,84),(5925,0,17,128),(5926,0,19,346),(5927,1,2,10),(5928,0,9,326),(5929,1,11,376),(5930,0,13,198),(5931,0,12,362),(5932,0,6,145),(5933,1,20,161),(5934,1,17,406),(5935,1,18,297),(5936,0,7,244),(5937,0,6,139),(5938,1,20,23),(5939,0,6,337),(5940,1,9,244),(5941,1,15,120),(5942,0,14,218),(5943,1,9,176),(5944,0,19,330),(5945,1,18,369),(5946,0,18,280),(5947,0,20,80),(5948,0,14,36),(5949,0,19,272),(5950,1,9,10),(5951,0,18,110),(5952,0,20,281),(5953,1,7,304),(5954,0,12,210),(5955,1,5,219),(5956,0,1,117),(5957,0,11,318),(5958,1,16,171),(5959,0,3,337),(5960,1,20,339),(5961,1,1,404),(5962,0,5,261),(5963,0,15,157),(5964,0,10,251),(5965,1,9,329),(5966,0,3,146),(5967,0,15,86),(5968,1,3,31),(5969,1,6,94),(5970,0,3,283),(5971,1,8,109),(5972,0,5,20),(5973,0,19,93),(5974,1,5,364),(5975,0,17,349),(5976,1,18,205),(5977,1,17,34),(5978,1,1,73),(5979,0,10,259),(5980,1,7,228),(5981,0,13,129),(5982,1,19,293),(5983,1,10,209),(5984,1,14,124),(5985,0,8,165),(5986,0,4,160),(5987,0,5,391),(5988,1,20,154),(5989,1,17,94),(5990,1,13,78),(5991,1,12,72),(5992,1,5,182),(5993,1,20,119),(5994,1,5,380),(5995,1,16,311),(5996,1,16,49),(5997,1,2,327),(5998,0,12,232),(5999,1,10,354),(6000,1,10,140),(6001,0,9,90),(6002,0,3,4),(6003,1,14,212),(6004,1,8,408),(6005,0,5,334),(6006,0,2,376),(6007,0,19,178),(6008,1,16,391),(6009,1,20,23),(6010,1,13,43),(6011,0,6,248),(6012,1,14,204),(6013,0,17,306),(6014,0,18,240),(6015,0,17,210),(6016,1,12,101),(6017,1,3,71),(6018,0,3,394),(6019,0,16,381),(6020,0,10,324),(6021,1,17,115),(6022,1,9,400),(6023,0,7,251),(6024,0,9,39),(6025,1,13,18),(6026,0,15,351),(6027,0,5,333),(6028,0,1,211),(6029,0,5,380),(6030,0,18,230),(6031,0,16,223),(6032,1,3,156),(6033,0,20,73),(6034,0,14,281),(6035,1,9,248),(6036,0,9,30),(6037,0,7,356),(6038,1,8,60),(6039,1,15,78),(6040,1,17,114),(6041,0,8,370),(6042,1,19,41),(6043,0,10,408),(6044,0,3,355),(6045,0,16,70),(6046,1,17,46),(6047,1,20,192),(6048,0,3,235),(6049,0,11,347),(6050,0,5,62),(6051,1,18,18),(6052,0,14,315),(6053,0,17,407),(6054,1,5,269),(6055,0,20,35),(6056,0,17,345),(6057,0,3,289),(6058,0,14,287),(6059,1,8,73),(6060,0,7,172),(6061,1,18,57),(6062,1,12,309),(6063,1,10,231),(6064,0,20,87),(6065,1,5,366),(6066,0,12,65),(6067,1,19,278),(6068,1,5,57),(6069,1,5,269),(6070,0,17,213),(6071,0,17,162),(6072,1,18,367),(6073,0,10,178),(6074,0,19,243),(6075,0,6,94),(6076,1,15,109),(6077,0,12,115),(6078,1,18,51),(6079,1,3,380),(6080,0,7,264),(6081,0,12,359),(6082,0,11,200),(6083,1,1,70),(6084,0,7,195),(6085,0,5,16),(6086,1,3,361),(6087,0,8,3),(6088,1,11,344),(6089,0,15,379),(6090,0,18,230),(6091,0,8,338),(6092,1,2,130),(6093,0,13,259),(6094,0,10,119),(6095,1,1,375),(6096,0,7,331),(6097,0,19,394),(6098,1,20,110),(6099,0,2,394),(6100,1,16,65),(6101,0,7,49),(6102,0,13,353),(6103,0,13,69),(6104,0,17,205),(6105,0,10,379),(6106,0,6,198),(6107,1,8,102),(6108,0,20,294),(6109,0,11,275),(6110,0,3,18),(6111,0,1,345),(6112,0,1,139),(6113,1,4,284),(6114,0,12,333),(6115,1,10,289),(6116,0,20,62),(6117,0,17,414),(6118,0,17,342),(6119,1,17,106),(6120,1,20,335),(6121,0,19,364),(6122,1,19,104),(6123,1,18,249),(6124,1,10,302),(6125,0,19,331),(6126,0,1,22),(6127,1,18,128),(6128,1,12,236),(6129,0,13,287),(6130,1,14,405),(6131,1,2,119),(6132,1,8,200),(6133,1,10,355),(6134,1,4,76),(6135,1,15,296),(6136,1,5,136),(6137,1,13,291),(6138,1,20,94),(6139,0,1,336),(6140,1,8,389),(6141,0,3,339),(6142,1,1,322),(6143,1,2,412),(6144,1,7,365),(6145,1,19,153),(6146,0,1,60),(6147,0,17,19),(6148,1,6,209),(6149,1,10,236),(6150,1,5,331),(6151,1,15,93),(6152,1,15,215),(6153,0,3,418),(6154,0,14,253),(6155,0,17,15),(6156,1,18,235),(6157,1,20,92),(6158,1,19,112),(6159,1,19,112),(6160,0,15,385),(6161,0,3,396),(6162,1,14,321),(6163,0,14,10),(6164,0,17,5),(6165,0,19,76),(6166,1,8,119),(6167,0,15,179),(6168,0,6,381),(6169,0,17,86),(6170,0,7,167),(6171,0,16,159),(6172,0,15,12),(6173,0,7,266),(6174,0,13,262),(6175,0,10,35),(6176,1,10,147),(6177,0,2,327),(6178,0,16,23),(6179,0,3,48),(6180,1,16,67),(6181,1,19,314),(6182,0,15,3),(6183,0,18,216),(6184,0,14,384),(6185,1,20,165),(6186,0,18,102),(6187,0,5,30),(6188,1,15,232),(6189,1,2,171),(6190,0,5,79),(6191,1,18,171),(6192,0,17,378),(6193,1,16,341),(6194,1,14,68),(6195,0,9,227),(6196,0,5,13),(6197,1,19,386),(6198,1,1,363),(6199,1,16,386),(6200,0,5,336),(6201,0,6,149),(6202,0,9,105),(6203,1,14,275),(6204,0,5,360),(6205,0,10,389),(6206,0,9,334),(6207,0,9,52),(6208,1,9,358),(6209,0,12,31),(6210,1,16,12),(6211,0,15,389),(6212,1,20,226),(6213,1,5,79),(6214,1,18,238),(6215,0,16,241),(6216,1,13,146),(6217,1,9,289),(6218,1,13,77),(6219,1,4,391),(6220,1,8,89),(6221,1,12,161),(6222,1,1,6),(6223,0,7,82),(6224,1,14,221),(6225,0,6,135),(6226,0,20,94),(6227,0,5,412),(6228,0,7,166),(6229,0,1,157),(6230,1,13,167),(6231,0,17,80),(6232,1,5,170),(6233,0,15,413),(6234,0,4,220),(6235,0,6,376),(6236,1,6,127),(6237,1,1,218),(6238,0,8,336),(6239,1,7,220),(6240,1,15,123),(6241,1,15,388),(6242,1,13,152),(6243,1,3,237),(6244,0,20,147),(6245,1,13,391),(6246,0,2,36),(6247,1,20,299),(6248,1,7,186),(6249,1,14,295),(6250,0,7,215),(6251,1,17,55),(6252,0,3,15),(6253,1,3,307),(6254,0,19,61),(6255,0,4,99),(6256,0,3,194),(6257,1,12,343),(6258,1,14,324),(6259,1,8,27),(6260,1,13,274),(6261,0,6,234),(6262,0,2,315),(6263,0,1,250),(6264,0,10,366),(6265,1,9,380),(6266,1,15,224),(6267,1,12,217),(6268,1,7,110),(6269,0,7,310),(6270,0,10,311),(6271,1,16,293),(6272,1,20,306),(6273,1,10,51),(6274,1,12,50),(6275,0,15,10),(6276,0,18,105),(6277,1,11,174),(6278,1,2,43),(6279,0,20,139),(6280,1,12,23),(6281,1,4,404),(6282,1,15,417),(6283,1,20,395),(6284,0,12,98),(6285,0,4,194),(6286,1,12,166),(6287,0,20,322),(6288,1,1,420),(6289,0,13,209),(6290,0,8,240),(6291,0,9,233),(6292,0,7,157),(6293,0,3,369),(6294,0,20,366),(6295,0,2,322),(6296,0,17,295),(6297,1,5,410),(6298,0,4,189),(6299,1,10,306),(6300,1,4,392),(6301,1,2,317),(6302,1,10,178),(6303,1,13,414),(6304,0,14,220),(6305,1,5,261),(6306,0,8,115),(6307,1,1,286),(6308,1,1,11),(6309,1,10,336),(6310,1,12,95),(6311,1,7,268),(6312,1,9,175),(6313,1,8,13),(6314,1,9,32),(6315,1,8,413),(6316,1,7,269),(6317,0,13,59),(6318,0,10,76),(6319,0,3,148),(6320,1,19,367),(6321,1,3,206),(6322,1,15,265),(6323,1,3,408),(6324,1,14,266),(6325,0,8,414),(6326,0,20,76),(6327,1,17,385),(6328,1,16,108),(6329,0,7,34),(6330,0,16,94),(6331,1,1,357),(6332,0,2,5),(6333,1,2,363),(6334,0,15,66),(6335,1,1,402),(6336,0,17,19),(6337,1,6,166),(6338,0,1,276),(6339,0,1,241),(6340,0,17,290),(6341,0,1,68),(6342,0,4,223),(6343,0,15,183),(6344,1,8,281),(6345,1,6,44),(6346,0,17,3),(6347,0,3,218),(6348,1,18,111),(6349,0,2,307),(6350,0,18,43),(6351,0,15,218),(6352,0,15,303),(6353,0,1,307),(6354,1,10,402),(6355,0,14,417),(6356,0,19,125),(6357,1,19,358),(6358,0,20,46),(6359,0,19,225),(6360,1,12,271),(6361,1,7,209),(6362,1,1,133),(6363,0,8,14),(6364,0,18,119),(6365,1,16,346),(6366,0,16,386),(6367,1,5,144),(6368,1,7,306),(6369,1,20,393),(6370,1,7,83),(6371,0,20,340),(6372,1,2,419),(6373,1,8,386),(6374,1,13,419),(6375,0,16,202),(6376,0,3,49),(6377,0,2,22),(6378,0,11,108),(6379,0,5,174),(6380,0,20,408),(6381,1,14,168),(6382,0,10,46),(6383,0,10,279),(6384,0,2,286),(6385,1,6,125),(6386,1,10,65),(6387,0,10,418),(6388,0,5,118),(6389,0,10,411),(6390,0,8,251),(6391,1,2,28),(6392,0,11,120),(6393,1,8,54),(6394,0,11,208),(6395,1,11,297),(6396,1,20,244),(6397,1,8,174),(6398,1,14,107),(6399,1,20,133),(6400,0,10,187),(6401,1,11,354),(6402,0,3,42),(6403,0,5,322),(6404,0,14,311),(6405,1,18,226),(6406,0,18,232),(6407,1,16,60),(6408,0,10,329),(6409,0,10,400),(6410,0,4,38),(6411,0,17,44),(6412,0,9,368),(6413,1,19,167),(6414,0,16,49),(6415,1,6,58),(6416,0,7,74),(6417,1,19,105),(6418,0,16,84),(6419,0,12,334),(6420,0,1,196),(6421,0,6,112),(6422,0,11,86),(6423,1,4,415),(6424,1,17,420),(6425,0,14,74),(6426,1,15,13),(6427,1,6,395),(6428,1,12,244),(6429,0,15,224),(6430,0,6,153),(6431,0,9,306),(6432,0,2,29),(6433,1,2,42),(6434,0,13,45),(6435,1,19,343),(6436,0,12,260),(6437,1,20,190),(6438,1,11,208),(6439,0,3,173),(6440,0,3,163),(6441,0,10,266),(6442,1,13,186),(6443,0,15,301),(6444,0,6,45),(6445,1,8,140),(6446,0,17,363),(6447,0,12,31),(6448,0,9,64),(6449,1,18,335),(6450,1,20,263),(6451,1,16,160),(6452,0,13,97),(6453,1,13,384),(6454,0,4,392),(6455,0,5,98),(6456,1,20,328),(6457,1,10,257),(6458,1,5,77),(6459,0,13,209),(6460,1,18,349),(6461,1,15,182),(6462,1,13,318),(6463,0,12,388),(6464,0,20,372),(6465,1,12,88),(6466,0,13,286),(6467,1,8,217),(6468,1,7,64),(6469,1,11,410),(6470,0,16,298),(6471,1,8,52),(6472,1,14,410),(6473,0,6,377),(6474,1,10,128),(6475,0,17,79),(6476,1,14,102),(6477,1,19,74),(6478,1,19,142),(6479,0,17,159),(6480,0,18,32),(6481,0,8,276),(6482,1,4,196),(6483,1,10,324),(6484,0,10,159),(6485,0,1,21),(6486,0,10,378),(6487,1,16,254),(6488,0,9,339),(6489,0,16,91),(6490,1,15,412),(6491,1,14,145),(6492,0,10,287),(6493,1,6,321),(6494,0,9,164),(6495,0,7,255),(6496,1,6,37),(6497,0,9,149),(6498,1,10,289),(6499,0,13,376),(6500,1,14,329),(6501,1,3,126),(6502,0,12,147),(6503,1,7,28),(6504,0,10,69),(6505,0,15,246),(6506,0,20,335),(6507,0,18,301),(6508,0,12,221),(6509,1,11,228),(6510,0,6,167),(6511,0,4,242),(6512,1,3,249),(6513,0,14,200),(6514,0,20,14),(6515,0,13,386),(6516,0,9,366),(6517,1,10,311),(6518,0,8,302),(6519,1,9,58),(6520,1,15,111),(6521,1,4,285),(6522,1,2,292),(6523,1,1,162),(6524,0,1,233),(6525,1,15,291),(6526,0,16,380),(6527,0,10,13),(6528,1,13,297),(6529,0,12,69),(6530,1,5,138),(6531,0,9,153),(6532,0,6,55),(6533,1,18,36),(6534,0,1,23),(6535,1,16,1),(6536,1,1,90),(6537,1,17,225),(6538,0,4,33),(6539,1,17,134),(6540,1,18,14),(6541,1,6,220),(6542,1,7,11),(6543,1,16,117),(6544,0,13,241),(6545,0,6,268),(6546,0,18,279),(6547,0,16,28),(6548,0,8,157),(6549,1,5,348),(6550,0,6,346),(6551,0,7,58),(6552,0,5,168),(6553,0,12,314),(6554,1,10,270),(6555,1,20,249),(6556,1,2,37),(6557,0,19,341),(6558,0,2,183),(6559,0,13,233),(6560,1,19,94),(6561,0,17,67),(6562,1,4,338),(6563,0,20,369),(6564,0,2,412),(6565,1,1,281),(6566,1,6,212),(6567,1,8,312),(6568,0,8,45),(6569,1,15,411),(6570,0,10,219),(6571,0,13,129),(6572,0,11,258),(6573,0,5,158),(6574,0,20,33),(6575,0,4,109),(6576,1,10,251),(6577,1,8,407),(6578,0,3,70),(6579,1,4,376),(6580,0,11,87),(6581,1,6,244),(6582,1,1,395),(6583,1,15,125),(6584,0,14,300),(6585,1,3,14),(6586,0,16,389),(6587,0,19,29),(6588,0,15,186),(6589,1,10,93),(6590,1,8,122),(6591,0,16,18),(6592,0,11,255),(6593,0,18,16),(6594,1,11,95),(6595,1,4,215),(6596,1,14,362),(6597,1,2,150),(6598,0,16,272),(6599,1,13,367),(6600,0,16,291),(6601,0,1,404),(6602,1,18,82),(6603,1,13,270),(6604,0,11,280),(6605,0,12,268),(6606,0,2,13),(6607,1,2,384),(6608,1,9,204),(6609,1,8,227),(6610,1,12,363),(6611,0,14,254),(6612,0,5,370),(6613,0,16,148),(6614,0,12,42),(6615,0,19,254),(6616,0,6,289),(6617,0,17,92),(6618,0,4,260),(6619,0,6,318),(6620,1,18,209),(6621,1,1,112),(6622,1,9,26),(6623,1,7,229),(6624,0,7,145),(6625,0,11,279),(6626,1,7,340),(6627,1,6,96),(6628,1,17,350),(6629,0,17,163),(6630,1,16,274),(6631,1,9,42),(6632,1,15,139),(6633,1,9,16),(6634,0,20,171),(6635,1,12,278),(6636,1,9,278),(6637,1,8,256),(6638,1,8,191),(6639,0,13,189),(6640,1,3,14),(6641,1,3,397),(6642,0,14,81),(6643,0,11,82),(6644,1,17,175),(6645,1,9,387),(6646,0,4,348),(6647,1,2,97),(6648,1,15,112),(6649,0,13,23),(6650,1,3,197),(6651,1,13,143),(6652,0,18,390),(6653,1,4,216),(6654,0,7,67),(6655,1,2,189),(6656,0,13,165),(6657,1,9,120),(6658,0,20,320),(6659,1,2,113),(6660,1,11,169),(6661,1,14,154),(6662,0,1,163),(6663,0,11,263),(6664,0,11,281),(6665,0,18,44),(6666,0,9,72),(6667,0,5,10),(6668,1,9,314),(6669,1,12,338),(6670,1,9,366),(6671,1,3,309),(6672,1,6,52),(6673,1,4,292),(6674,0,17,289),(6675,0,18,18),(6676,0,8,252),(6677,0,20,258),(6678,0,17,372),(6679,0,9,199),(6680,1,19,246),(6681,0,5,306),(6682,1,6,131),(6683,1,6,82),(6684,1,14,64),(6685,1,11,145),(6686,1,4,218),(6687,1,8,302),(6688,0,3,219),(6689,0,3,68),(6690,1,10,131),(6691,0,12,23),(6692,1,4,255),(6693,1,7,203),(6694,0,3,25),(6695,1,7,380),(6696,1,3,243),(6697,1,17,82),(6698,1,3,157),(6699,0,18,305),(6700,1,13,112),(6701,0,18,406),(6702,0,8,57),(6703,0,1,366),(6704,1,15,290),(6705,1,1,202),(6706,0,13,14),(6707,1,14,158),(6708,0,2,86),(6709,1,12,151),(6710,0,1,384),(6711,0,19,147),(6712,1,2,60),(6713,0,9,391),(6714,1,11,31),(6715,1,10,366),(6716,0,5,12),(6717,0,3,22),(6718,0,5,279),(6719,0,9,66),(6720,1,2,118),(6721,0,15,341),(6722,0,14,288),(6723,1,12,90),(6724,0,2,343),(6725,0,7,129),(6726,1,1,38),(6727,0,15,253),(6728,0,16,27),(6729,0,9,207),(6730,0,2,124),(6731,0,4,85),(6732,1,12,69),(6733,1,2,234),(6734,1,10,377),(6735,0,14,210),(6736,1,5,99),(6737,1,10,392),(6738,1,20,53),(6739,1,2,21),(6740,0,11,220),(6741,0,2,98),(6742,0,6,63),(6743,1,14,420),(6744,1,14,12),(6745,0,16,10),(6746,0,3,84),(6747,1,10,211),(6748,1,6,158),(6749,1,5,87),(6750,0,7,417),(6751,1,14,131),(6752,1,13,147),(6753,1,4,311),(6754,1,10,150),(6755,0,5,81),(6756,0,3,206),(6757,1,2,161),(6758,0,15,94),(6759,0,19,388),(6760,1,7,193),(6761,1,20,19),(6762,1,9,6),(6763,0,1,207),(6764,0,10,394),(6765,0,1,34),(6766,1,6,149),(6767,1,9,121),(6768,1,4,91),(6769,0,17,174),(6770,1,16,224),(6771,0,18,398),(6772,1,4,54),(6773,1,8,152),(6774,1,13,100),(6775,1,3,170),(6776,0,15,191),(6777,0,2,90),(6778,1,14,46),(6779,0,20,399),(6780,1,4,32),(6781,1,11,300),(6782,0,10,131),(6783,0,7,379),(6784,0,2,257),(6785,0,11,334),(6786,0,7,113),(6787,1,11,74),(6788,0,20,16),(6789,1,14,183),(6790,1,6,16),(6791,1,17,404),(6792,1,2,6),(6793,1,9,42),(6794,1,12,180),(6795,0,11,359),(6796,0,10,275),(6797,1,12,310),(6798,1,5,380),(6799,0,17,2),(6800,1,14,137),(6801,1,7,98),(6802,0,15,51),(6803,1,4,16),(6804,1,15,160),(6805,0,19,190),(6806,1,4,33),(6807,0,11,414),(6808,1,13,360),(6809,1,10,187),(6810,1,17,210),(6811,1,10,332),(6812,1,9,202),(6813,1,8,155),(6814,1,18,342),(6815,0,7,11),(6816,0,2,17),(6817,0,18,366),(6818,1,19,155),(6819,1,15,128),(6820,0,16,340),(6821,0,9,328),(6822,0,13,239),(6823,0,16,224),(6824,1,10,380),(6825,0,9,50),(6826,1,13,217),(6827,1,5,116),(6828,1,13,419),(6829,1,19,225),(6830,1,20,312),(6831,0,17,192),(6832,0,17,47),(6833,0,19,408),(6834,0,9,406),(6835,1,12,337),(6836,1,15,252),(6837,1,20,177),(6838,0,6,102),(6839,0,13,285),(6840,1,19,270),(6841,0,1,347),(6842,0,4,345),(6843,0,14,8),(6844,0,5,1),(6845,1,2,50),(6846,1,6,12),(6847,1,13,272),(6848,0,1,138),(6849,0,16,31),(6850,1,13,399),(6851,1,18,347),(6852,0,16,281),(6853,0,3,272),(6854,1,4,88),(6855,1,14,329),(6856,0,17,344),(6857,0,10,197),(6858,1,3,122),(6859,0,20,27),(6860,0,19,171),(6861,0,8,147),(6862,1,6,134),(6863,1,18,309),(6864,0,18,32),(6865,1,6,382),(6866,0,19,368),(6867,1,20,404),(6868,1,10,199),(6869,1,19,328),(6870,0,14,151),(6871,1,2,379),(6872,0,6,252),(6873,1,15,198),(6874,1,4,360),(6875,1,3,6),(6876,0,18,158),(6877,1,6,290),(6878,1,5,134),(6879,1,1,112),(6880,0,17,313),(6881,1,19,343),(6882,1,1,386),(6883,0,7,226),(6884,0,3,70),(6885,1,1,160),(6886,0,2,194),(6887,0,4,80),(6888,0,18,243),(6889,1,15,84),(6890,1,5,127),(6891,1,16,291),(6892,0,13,412),(6893,0,5,203),(6894,0,10,162),(6895,0,13,203),(6896,0,15,75),(6897,1,20,404),(6898,0,14,180),(6899,1,8,209),(6900,0,20,103),(6901,0,4,156),(6902,0,20,281),(6903,1,2,337),(6904,1,12,178),(6905,1,9,257),(6906,0,19,48),(6907,1,4,139),(6908,0,1,83),(6909,1,15,84),(6910,0,4,173),(6911,0,19,110),(6912,1,16,62),(6913,1,18,408),(6914,0,18,69),(6915,1,4,91),(6916,0,11,246),(6917,1,7,209),(6918,1,8,112),(6919,1,7,408),(6920,0,20,268),(6921,1,8,333),(6922,1,9,170),(6923,1,12,393),(6924,0,18,17),(6925,1,1,183),(6926,1,20,215),(6927,0,13,11),(6928,0,20,250),(6929,0,5,145),(6930,1,2,327),(6931,0,3,376),(6932,0,2,216),(6933,1,7,252),(6934,0,12,89),(6935,1,7,140),(6936,0,11,91),(6937,0,13,331),(6938,1,10,164),(6939,1,15,298),(6940,0,15,364),(6941,0,5,274),(6942,0,6,201),(6943,0,20,366),(6944,0,18,409),(6945,0,13,284),(6946,0,6,141),(6947,0,11,394),(6948,0,2,335),(6949,1,12,61),(6950,1,15,22),(6951,0,1,52),(6952,0,8,303),(6953,0,15,127),(6954,1,1,66),(6955,1,12,214),(6956,0,13,329),(6957,1,2,153),(6958,1,16,282),(6959,1,20,213),(6960,0,15,363),(6961,1,8,385),(6962,1,16,268),(6963,0,9,384),(6964,0,6,48),(6965,0,7,394),(6966,1,5,224),(6967,1,9,169),(6968,0,4,252),(6969,0,7,378),(6970,0,16,100),(6971,1,10,119),(6972,1,15,57),(6973,1,9,284),(6974,0,19,53),(6975,1,11,142),(6976,1,15,82),(6977,1,10,23),(6978,1,4,304),(6979,1,2,166),(6980,0,20,13),(6981,0,12,364),(6982,0,14,233),(6983,0,6,262),(6984,1,6,1),(6985,1,6,211),(6986,0,6,86),(6987,1,3,273),(6988,1,11,188),(6989,0,12,224),(6990,1,5,400),(6991,0,4,177),(6992,0,2,179),(6993,1,6,194),(6994,0,11,331),(6995,1,13,182),(6996,0,14,250),(6997,1,8,248),(6998,1,19,350),(6999,1,16,97),(7000,1,6,87),(7001,1,9,71),(7002,1,8,199),(7003,0,3,395),(7004,1,12,17),(7005,0,1,378),(7006,1,19,79),(7007,1,4,415),(7008,0,15,401),(7009,1,18,81),(7010,1,6,296),(7011,1,18,378),(7012,1,7,308),(7013,1,10,168),(7014,0,11,349),(7015,0,11,277),(7016,1,18,158),(7017,0,9,399),(7018,1,13,2),(7019,0,5,332),(7020,1,2,6),(7021,1,3,203),(7022,1,2,40),(7023,1,9,67),(7024,1,3,74),(7025,1,10,411),(7026,1,4,138),(7027,1,4,251),(7028,1,13,162),(7029,1,7,368),(7030,0,17,203),(7031,1,8,110),(7032,1,12,349),(7033,1,12,320),(7034,1,19,266),(7035,1,8,243),(7036,1,1,31),(7037,1,15,292),(7038,0,18,308),(7039,1,16,86),(7040,0,6,96),(7041,1,16,230),(7042,1,1,4),(7043,0,3,210),(7044,1,16,392),(7045,0,6,377),(7046,0,3,34),(7047,0,10,64),(7048,1,19,349),(7049,1,19,402),(7050,0,8,230),(7051,1,11,78),(7052,0,3,42),(7053,1,2,80),(7054,1,19,279),(7055,0,4,325),(7056,1,19,330),(7057,0,13,49),(7058,0,7,318),(7059,1,5,103),(7060,0,7,178),(7061,0,2,279),(7062,1,17,202),(7063,0,3,45),(7064,0,9,389),(7065,1,19,398),(7066,1,12,180),(7067,0,10,30),(7068,1,10,268),(7069,1,19,231),(7070,0,14,135),(7071,0,18,390),(7072,0,7,103),(7073,1,18,398),(7074,0,4,22),(7075,1,10,249),(7076,0,13,225),(7077,0,6,383),(7078,1,5,409),(7079,1,5,76),(7080,1,20,239),(7081,0,2,285),(7082,1,19,236),(7083,1,7,50),(7084,0,14,144),(7085,0,9,279),(7086,1,20,290),(7087,0,3,55),(7088,0,12,59),(7089,0,13,73),(7090,1,6,404),(7091,0,19,101),(7092,0,8,85),(7093,0,5,328),(7094,1,11,25),(7095,0,3,88),(7096,1,16,199),(7097,1,6,125),(7098,0,19,62),(7099,0,2,46),(7100,0,10,232),(7101,0,15,218),(7102,0,16,305),(7103,1,6,158),(7104,0,5,124),(7105,1,14,420),(7106,1,5,23),(7107,1,13,344),(7108,0,19,38),(7109,1,2,294),(7110,1,6,390),(7111,0,5,337),(7112,1,19,342),(7113,0,11,56),(7114,1,5,18),(7115,1,12,116),(7116,1,15,5),(7117,1,5,184),(7118,0,7,165),(7119,1,18,189),(7120,1,9,37),(7121,0,17,128),(7122,0,19,214),(7123,0,18,385),(7124,0,6,363),(7125,0,18,309),(7126,0,5,278),(7127,1,13,36),(7128,1,7,230),(7129,0,8,98),(7130,1,2,201),(7131,0,13,213),(7132,1,1,310),(7133,1,4,132),(7134,0,1,288),(7135,0,15,277),(7136,1,4,394),(7137,1,8,246),(7138,1,4,196),(7139,0,11,323),(7140,1,7,324),(7141,1,18,237),(7142,1,17,161),(7143,0,4,41),(7144,0,4,354),(7145,1,20,237),(7146,1,4,23),(7147,0,5,155),(7148,1,9,44),(7149,0,14,365),(7150,1,1,160),(7151,0,11,19),(7152,0,12,356),(7153,0,7,377),(7154,0,16,130),(7155,1,17,389),(7156,1,4,134),(7157,1,18,249),(7158,0,20,269),(7159,1,7,121),(7160,1,12,163),(7161,1,2,230),(7162,0,17,341),(7163,0,1,326),(7164,1,19,289),(7165,1,8,181),(7166,1,11,340),(7167,0,5,77),(7168,0,11,221),(7169,0,19,219),(7170,1,2,279),(7171,1,19,35),(7172,1,14,278),(7173,1,8,186),(7174,1,14,324),(7175,1,18,401),(7176,1,8,316),(7177,0,15,334),(7178,1,3,373),(7179,1,13,301),(7180,1,9,104),(7181,1,17,270),(7182,1,13,149),(7183,1,10,21),(7184,1,11,388),(7185,0,3,311),(7186,0,4,17),(7187,1,13,232),(7188,0,4,173),(7189,1,4,301),(7190,1,7,277),(7191,1,5,247),(7192,1,18,31),(7193,0,4,194),(7194,0,13,134),(7195,1,5,362),(7196,0,5,199),(7197,1,12,255),(7198,1,5,257),(7199,1,9,260),(7200,1,10,219),(7201,1,9,332),(7202,0,8,390),(7203,1,9,305),(7204,1,16,252),(7205,0,3,320),(7206,0,7,38),(7207,0,18,35),(7208,1,15,313),(7209,1,18,368),(7210,1,3,376),(7211,1,12,147),(7212,0,6,8),(7213,1,20,4),(7214,1,2,363),(7215,1,12,47),(7216,1,12,352),(7217,1,2,317),(7218,0,20,200),(7219,0,17,92),(7220,1,14,64),(7221,1,1,338),(7222,0,14,351),(7223,1,13,151),(7224,0,7,129),(7225,1,17,324),(7226,0,20,417),(7227,1,4,144),(7228,0,20,9),(7229,0,7,314),(7230,0,15,329),(7231,0,9,236),(7232,0,16,306),(7233,1,19,288),(7234,1,10,47),(7235,0,2,288),(7236,1,1,15),(7237,1,9,65),(7238,1,18,312),(7239,1,17,114),(7240,1,9,208),(7241,1,20,117),(7242,0,18,357),(7243,1,4,382),(7244,0,14,16),(7245,1,8,22),(7246,0,12,178),(7247,0,5,191),(7248,0,9,216),(7249,0,15,381),(7250,1,16,339),(7251,0,14,205),(7252,1,2,136),(7253,0,3,131),(7254,1,13,13),(7255,1,19,9),(7256,1,12,136),(7257,0,16,81),(7258,1,1,171),(7259,1,8,232),(7260,1,18,220),(7261,1,9,325),(7262,1,17,324),(7263,1,1,19),(7264,0,17,374),(7265,0,2,316),(7266,1,17,210),(7267,1,8,367),(7268,0,1,82),(7269,1,11,170),(7270,0,3,363),(7271,0,16,272),(7272,1,19,370),(7273,1,5,134),(7274,1,19,376),(7275,0,18,193),(7276,1,15,204),(7277,1,8,354),(7278,1,20,46),(7279,0,8,415),(7280,0,17,109),(7281,1,6,324),(7282,0,3,89),(7283,1,7,99),(7284,1,14,324),(7285,0,16,156),(7286,0,9,84),(7287,0,19,325),(7288,0,18,140),(7289,0,6,161),(7290,1,1,255),(7291,1,6,184),(7292,0,3,121),(7293,0,3,304),(7294,0,2,71),(7295,0,15,101),(7296,0,14,341),(7297,0,4,125),(7298,0,2,107),(7299,1,13,13),(7300,0,7,399),(7301,0,2,181),(7302,1,19,126),(7303,1,14,14),(7304,0,5,150),(7305,1,19,141),(7306,0,10,412),(7307,1,5,402),(7308,0,8,30),(7309,1,6,87),(7310,0,14,144),(7311,0,5,96),(7312,1,14,62),(7313,1,5,11),(7314,0,4,370),(7315,0,16,191),(7316,1,3,78),(7317,1,8,146),(7318,1,11,63),(7319,1,6,276),(7320,1,18,266),(7321,0,14,249),(7322,0,9,171),(7323,0,17,297),(7324,1,13,53),(7325,1,20,253),(7326,1,16,294),(7327,1,1,357),(7328,0,12,277),(7329,0,17,359),(7330,0,1,147),(7331,1,6,116),(7332,0,3,237),(7333,1,3,64),(7334,0,4,208),(7335,1,14,92),(7336,0,11,381),(7337,1,19,246),(7338,0,13,36),(7339,0,10,5),(7340,0,8,363),(7341,1,5,122),(7342,1,18,258),(7343,0,15,252),(7344,1,1,175),(7345,1,18,355),(7346,0,5,282),(7347,0,15,323),(7348,1,5,160),(7349,1,18,408),(7350,0,4,281),(7351,0,7,405),(7352,1,11,232),(7353,1,18,127),(7354,0,7,72),(7355,1,15,324),(7356,1,2,194),(7357,0,6,387),(7358,1,1,396),(7359,1,13,373),(7360,1,13,380),(7361,0,19,187),(7362,0,8,141),(7363,0,3,34),(7364,0,5,176),(7365,0,1,299),(7366,1,13,49),(7367,1,20,285),(7368,0,3,22),(7369,0,17,46),(7370,1,5,116),(7371,0,4,72),(7372,1,10,247),(7373,0,11,210),(7374,1,11,256),(7375,1,20,205),(7376,1,20,301),(7377,1,8,412),(7378,1,1,365),(7379,1,1,343),(7380,1,3,327),(7381,0,4,359),(7382,1,13,135),(7383,0,16,171),(7384,0,7,81),(7385,1,2,214),(7386,0,11,39),(7387,0,8,126),(7388,1,20,72),(7389,0,5,352),(7390,0,14,331),(7391,1,19,241),(7392,1,4,164),(7393,1,16,372),(7394,0,20,209),(7395,1,12,295),(7396,1,13,287),(7397,0,17,187),(7398,0,4,200),(7399,0,10,223),(7400,0,4,139),(7401,1,3,27),(7402,1,11,150),(7403,0,7,377),(7404,0,18,410),(7405,0,14,337),(7406,0,3,164),(7407,1,6,105),(7408,0,15,230),(7409,1,16,239),(7410,1,19,147),(7411,0,2,83),(7412,0,14,363),(7413,1,7,314),(7414,0,6,403),(7415,1,16,261),(7416,0,13,315),(7417,1,19,264),(7418,1,8,355),(7419,0,9,7),(7420,1,7,254),(7421,1,5,176),(7422,1,16,227),(7423,0,6,264),(7424,0,4,389),(7425,0,8,251),(7426,0,13,75),(7427,0,19,292),(7428,0,17,364),(7429,0,19,336),(7430,1,2,263),(7431,1,4,314),(7432,0,13,215),(7433,1,10,116),(7434,0,9,359),(7435,0,2,104),(7436,1,16,221),(7437,1,10,152),(7438,1,3,73),(7439,0,19,159),(7440,1,7,140),(7441,0,16,61),(7442,1,9,147),(7443,0,17,239),(7444,1,19,316),(7445,1,2,199),(7446,1,1,112),(7447,0,1,236),(7448,1,15,361),(7449,0,16,386),(7450,1,8,225),(7451,1,19,337),(7452,1,3,385),(7453,0,11,17),(7454,0,10,200),(7455,0,2,191),(7456,1,13,358),(7457,1,9,287),(7458,1,6,319),(7459,0,16,154),(7460,1,15,62),(7461,0,14,10),(7462,1,16,219),(7463,0,11,115),(7464,0,2,339),(7465,0,18,373),(7466,0,17,283),(7467,0,19,280),(7468,1,20,245),(7469,1,16,128),(7470,1,7,418),(7471,0,19,353),(7472,1,20,114),(7473,1,19,68),(7474,1,19,218),(7475,0,12,131),(7476,0,11,64),(7477,1,19,100),(7478,1,18,123),(7479,0,12,216),(7480,1,19,264),(7481,0,16,121),(7482,0,10,196),(7483,0,2,327),(7484,1,18,317),(7485,0,18,6),(7486,1,1,223),(7487,0,15,2),(7488,1,5,238),(7489,1,10,273),(7490,1,1,270),(7491,1,20,173),(7492,0,19,305),(7493,0,16,50),(7494,0,4,211),(7495,1,16,20),(7496,1,7,226),(7497,0,3,388),(7498,1,7,68),(7499,0,12,139),(7500,0,3,268),(7501,1,18,48),(7502,0,1,113),(7503,1,10,133),(7504,1,16,118),(7505,0,12,358),(7506,0,12,94),(7507,0,1,367),(7508,1,18,156),(7509,1,3,104),(7510,0,14,386),(7511,0,2,33),(7512,1,11,92),(7513,1,9,143),(7514,1,6,178),(7515,0,15,385),(7516,1,11,250),(7517,1,9,234),(7518,1,13,204),(7519,1,12,293),(7520,0,12,214),(7521,1,12,309),(7522,1,14,85),(7523,1,5,314),(7524,1,16,393),(7525,0,11,32),(7526,1,12,216),(7527,0,4,362),(7528,1,9,313),(7529,0,8,122),(7530,0,15,24),(7531,1,14,339),(7532,1,20,116),(7533,0,20,315),(7534,1,11,319),(7535,0,18,219),(7536,0,8,356),(7537,0,17,158),(7538,1,10,222),(7539,1,18,76),(7540,1,11,380),(7541,0,18,321),(7542,0,12,57),(7543,0,7,311),(7544,1,15,329),(7545,0,19,202),(7546,1,16,107),(7547,1,14,190),(7548,0,12,381),(7549,0,19,144),(7550,1,3,211),(7551,1,2,315),(7552,0,4,322),(7553,1,18,66),(7554,0,7,272),(7555,0,19,184),(7556,0,8,149),(7557,0,5,286),(7558,0,9,167),(7559,1,17,127),(7560,0,12,124),(7561,0,9,327),(7562,0,7,244),(7563,0,8,129),(7564,0,9,359),(7565,0,11,269),(7566,1,4,295),(7567,0,3,255),(7568,0,15,87),(7569,1,16,252),(7570,0,9,258),(7571,0,1,39),(7572,0,2,69),(7573,1,13,407),(7574,1,17,294),(7575,1,10,310),(7576,1,11,148),(7577,0,15,67),(7578,0,14,265),(7579,1,13,410),(7580,1,17,316),(7581,0,18,58),(7582,1,20,385),(7583,0,6,79),(7584,1,15,281),(7585,1,14,142),(7586,1,3,196),(7587,1,3,351),(7588,1,19,130),(7589,0,1,180),(7590,0,4,36),(7591,0,2,374),(7592,0,11,381),(7593,1,10,45),(7594,0,6,170),(7595,1,6,266),(7596,1,17,55),(7597,0,13,78),(7598,0,13,68),(7599,0,10,313),(7600,1,17,27),(7601,1,19,250),(7602,1,13,91),(7603,0,13,193),(7604,0,4,413),(7605,1,2,68),(7606,1,6,37),(7607,0,13,195),(7608,1,10,373),(7609,0,19,265),(7610,1,1,325),(7611,1,16,381),(7612,1,14,297),(7613,1,8,55),(7614,1,10,336),(7615,0,2,12),(7616,1,5,128),(7617,1,9,345),(7618,0,3,162),(7619,1,4,48),(7620,0,1,30),(7621,1,17,198),(7622,0,13,181),(7623,0,10,138),(7624,0,7,321),(7625,0,18,116),(7626,0,8,149),(7627,0,13,300),(7628,1,6,185),(7629,0,10,34),(7630,1,19,105),(7631,1,12,286),(7632,0,8,251),(7633,0,10,385),(7634,1,10,231),(7635,1,6,271),(7636,1,12,17),(7637,1,13,70),(7638,1,9,78),(7639,0,4,248),(7640,0,5,355),(7641,0,19,320),(7642,0,7,407),(7643,1,4,254),(7644,1,14,273),(7645,1,19,48),(7646,0,3,133),(7647,0,17,187),(7648,0,6,204),(7649,0,6,128),(7650,1,20,113),(7651,0,2,25),(7652,0,10,34),(7653,0,19,259),(7654,0,4,123),(7655,0,20,273),(7656,1,11,114),(7657,1,17,98),(7658,0,6,224),(7659,0,6,136),(7660,1,15,217),(7661,1,3,210),(7662,1,7,179),(7663,0,1,302),(7664,1,11,108),(7665,1,11,70),(7666,0,4,62),(7667,0,19,298),(7668,0,1,176),(7669,1,3,252),(7670,1,10,90),(7671,1,11,419),(7672,1,10,306),(7673,0,20,332),(7674,1,15,341),(7675,1,19,332),(7676,1,10,24),(7677,1,14,67),(7678,1,1,208),(7679,1,16,420),(7680,0,18,69),(7681,0,17,273),(7682,0,3,296),(7683,1,14,104),(7684,1,12,93),(7685,1,2,3),(7686,0,4,356),(7687,0,18,255),(7688,0,10,226),(7689,0,11,31),(7690,1,8,237),(7691,1,20,417),(7692,0,2,141),(7693,1,13,349),(7694,0,7,44),(7695,1,2,311),(7696,0,1,260),(7697,1,2,365),(7698,0,2,134),(7699,1,3,272),(7700,0,6,289),(7701,1,18,118),(7702,0,14,344),(7703,1,16,188),(7704,1,17,61),(7705,0,20,200),(7706,1,15,46),(7707,1,1,36),(7708,0,10,105),(7709,1,5,117),(7710,0,3,185),(7711,1,12,187),(7712,0,8,109),(7713,1,8,303),(7714,1,12,301),(7715,0,11,123),(7716,0,18,7),(7717,0,12,60),(7718,1,6,205),(7719,0,1,390),(7720,1,9,248),(7721,0,19,107),(7722,1,16,84),(7723,1,16,55),(7724,0,17,373),(7725,1,6,370),(7726,0,5,103),(7727,0,11,208),(7728,0,8,55),(7729,0,12,245),(7730,0,10,354),(7731,1,19,246),(7732,1,7,150),(7733,0,5,264),(7734,1,13,288),(7735,1,10,138),(7736,1,5,192),(7737,0,2,262),(7738,1,12,335),(7739,0,19,378),(7740,0,9,224),(7741,1,19,13),(7742,0,10,303),(7743,1,6,102),(7744,0,7,143),(7745,1,9,420),(7746,0,15,189),(7747,0,20,102),(7748,0,11,317),(7749,0,18,14),(7750,1,6,377),(7751,1,17,267),(7752,0,14,125),(7753,0,5,29),(7754,1,16,162),(7755,1,15,333),(7756,1,12,246),(7757,1,19,130),(7758,1,16,324),(7759,1,8,261),(7760,0,8,192),(7761,0,19,81),(7762,1,1,9),(7763,0,6,399),(7764,1,7,138),(7765,1,6,199),(7766,1,7,142),(7767,0,4,265),(7768,0,18,189),(7769,0,8,137),(7770,1,20,202),(7771,1,19,108),(7772,1,13,365),(7773,0,13,237),(7774,1,8,184),(7775,1,20,226),(7776,0,9,136),(7777,1,18,184),(7778,0,18,23),(7779,0,17,387),(7780,1,1,158),(7781,0,7,369),(7782,0,18,281),(7783,1,13,67),(7784,0,6,127),(7785,0,10,47),(7786,1,8,351),(7787,1,6,293),(7788,0,15,217),(7789,1,10,383),(7790,1,17,178),(7791,0,1,225),(7792,1,5,297),(7793,1,16,254),(7794,1,9,156),(7795,1,3,32),(7796,0,17,281),(7797,1,10,11),(7798,1,4,208),(7799,0,5,383),(7800,1,4,328),(7801,1,8,232),(7802,0,19,70),(7803,0,7,343),(7804,1,7,99),(7805,0,10,388),(7806,0,13,372),(7807,1,14,113),(7808,0,9,222),(7809,1,10,103),(7810,0,14,257),(7811,1,2,60),(7812,1,16,363),(7813,1,2,123),(7814,1,12,357),(7815,1,10,243),(7816,1,10,295),(7817,1,1,149),(7818,0,14,408),(7819,1,19,104),(7820,0,7,256),(7821,0,19,392),(7822,0,3,214),(7823,1,14,330),(7824,1,2,13),(7825,1,12,252),(7826,0,10,274),(7827,1,11,320),(7828,1,9,17),(7829,1,8,353),(7830,0,13,29),(7831,0,17,92),(7832,1,13,399),(7833,1,20,375),(7834,1,12,395),(7835,1,1,160),(7836,1,6,144),(7837,1,19,314),(7838,0,9,389),(7839,0,12,76),(7840,1,11,160),(7841,1,3,305),(7842,0,17,35),(7843,0,14,7),(7844,0,16,194),(7845,1,20,360),(7846,0,9,145),(7847,1,3,220),(7848,0,20,210),(7849,1,7,347),(7850,1,12,277),(7851,0,14,249),(7852,0,4,216),(7853,0,4,181),(7854,1,5,84),(7855,1,11,70),(7856,0,8,203),(7857,0,12,383),(7858,1,2,410),(7859,0,16,8),(7860,1,6,18),(7861,0,18,212),(7862,0,3,12),(7863,1,7,418),(7864,0,19,113),(7865,1,2,354),(7866,0,4,19),(7867,1,19,45),(7868,0,16,372),(7869,0,5,232),(7870,1,1,275),(7871,0,17,272),(7872,1,3,185),(7873,1,10,171),(7874,0,19,314),(7875,1,10,285),(7876,1,16,96),(7877,1,10,367),(7878,0,15,136),(7879,0,5,406),(7880,0,3,365),(7881,1,3,94),(7882,0,9,129),(7883,0,6,159),(7884,1,6,313),(7885,1,19,2),(7886,1,4,258),(7887,1,11,388),(7888,0,12,226),(7889,1,6,158),(7890,0,1,249),(7891,0,4,67),(7892,1,18,395),(7893,1,6,230),(7894,0,14,330),(7895,0,10,165),(7896,0,8,371),(7897,1,7,385),(7898,1,3,350),(7899,0,5,222),(7900,1,15,369),(7901,0,1,316),(7902,1,15,11),(7903,0,8,72),(7904,1,7,203),(7905,0,15,80),(7906,1,13,143),(7907,0,1,414),(7908,0,15,291),(7909,1,4,158),(7910,1,11,123),(7911,1,1,2),(7912,0,6,246),(7913,0,7,296),(7914,0,15,347),(7915,0,8,33),(7916,0,17,53),(7917,0,7,320),(7918,0,3,353),(7919,0,8,416),(7920,0,14,342),(7921,1,12,150),(7922,1,6,122),(7923,1,17,315),(7924,1,10,247),(7925,1,9,283),(7926,1,10,188),(7927,0,9,148),(7928,0,9,311),(7929,0,15,378),(7930,0,19,387),(7931,1,7,312),(7932,1,12,411),(7933,1,20,179),(7934,1,14,358),(7935,1,19,119),(7936,1,18,415),(7937,0,15,168),(7938,0,14,141),(7939,1,14,387),(7940,1,7,39),(7941,1,10,74),(7942,0,18,77),(7943,0,20,356),(7944,1,16,120),(7945,0,16,288),(7946,0,16,229),(7947,1,11,122),(7948,0,12,202),(7949,1,8,8),(7950,0,20,54),(7951,1,8,290),(7952,0,13,409),(7953,1,6,156),(7954,1,6,198),(7955,1,8,305),(7956,1,2,318),(7957,1,14,342),(7958,0,19,52),(7959,1,15,299),(7960,0,9,208),(7961,0,10,316),(7962,1,16,120),(7963,0,3,88),(7964,1,2,197),(7965,0,8,378),(7966,0,6,321),(7967,1,5,361),(7968,0,6,318),(7969,1,13,410),(7970,0,18,390),(7971,1,15,417),(7972,1,9,90),(7973,0,7,115),(7974,1,18,7),(7975,1,19,109),(7976,1,19,95),(7977,1,14,77),(7978,1,3,310),(7979,1,18,271),(7980,1,7,263),(7981,0,15,200),(7982,0,18,16),(7983,0,4,322),(7984,0,7,117),(7985,0,12,368),(7986,0,4,299),(7987,0,8,110),(7988,0,19,288),(7989,0,20,246),(7990,0,5,289),(7991,0,19,148),(7992,0,11,156),(7993,1,6,31),(7994,0,8,284),(7995,1,4,9),(7996,1,5,121),(7997,0,3,202),(7998,0,2,128),(7999,0,11,208),(8000,0,10,390);
/*!40000 ALTER TABLE `votes` ENABLE KEYS */;
UNLOCK TABLES;
COMMIT;

-- Dumped table `votes` with 8000 row(s)
--

/*!40103 SET TIME_ZONE=@OLD_TIME_ZONE */;
/*!40101 SET AUTOCOMMIT=@OLD_AUTOCOMMIT */;
/*!40101 SET SQL_MODE=@OLD_SQL_MODE */;
/*!40014 SET FOREIGN_KEY_CHECKS=@OLD_FOREIGN_KEY_CHECKS */;
/*!40014 SET UNIQUE_CHECKS=@OLD_UNIQUE_CHECKS */;
/*!40101 SET CHARACTER_SET_CLIENT=@OLD_CHARACTER_SET_CLIENT */;
/*!40101 SET CHARACTER_SET_RESULTS=@OLD_CHARACTER_SET_RESULTS */;
/*!40101 SET COLLATION_CONNECTION=@OLD_COLLATION_CONNECTION */;
/*!40111 SET SQL_NOTES=@OLD_SQL_NOTES */;

-- Dump completed on: Thu, 30 Apr 2026 00:58:03 +0000
